ISO-10303-21;
HEADER;
FILE_DESCRIPTION(('FreeCAD Model'),'2;1');
FILE_NAME('Open CASCADE Shape Model','2026-07-05T21:08:06',(''),(''),
  'Open CASCADE STEP processor 7.9','FreeCAD','Unknown');
FILE_SCHEMA(('AUTOMOTIVE_DESIGN { 1 0 10303 214 1 1 1 1 }'));
ENDSEC;
DATA;
#1 = APPLICATION_PROTOCOL_DEFINITION('international standard',
  'automotive_design',2000,#2);
#2 = APPLICATION_CONTEXT(
  'core data for automotive mechanical design processes');
#3 = SHAPE_DEFINITION_REPRESENTATION(#4,#10);
#4 = PRODUCT_DEFINITION_SHAPE('','',#5);
#5 = PRODUCT_DEFINITION('design','',#6,#9);
#6 = PRODUCT_DEFINITION_FORMATION('','',#7);
#7 = PRODUCT('7771','7771','',(#8));
#8 = PRODUCT_CONTEXT('',#2,'mechanical');
#9 = PRODUCT_DEFINITION_CONTEXT('part definition',#2,'design');
#10 = SHAPE_REPRESENTATION('',(#11,#15,#19),#23);
#11 = AXIS2_PLACEMENT_3D('',#12,#13,#14);
#12 = CARTESIAN_POINT('',(0.,0.,0.));
#13 = DIRECTION('',(0.,0.,1.));
#14 = DIRECTION('',(1.,0.,-0.));
#15 = AXIS2_PLACEMENT_3D('',#16,#17,#18);
#16 = CARTESIAN_POINT('',(0.67780669076,-6.785003113987,-3.481443103616)
  );
#17 = DIRECTION('',(0.,0.,1.));
#18 = DIRECTION('',(1.,0.,0.));
#19 = AXIS2_PLACEMENT_3D('',#20,#21,#22);
#20 = CARTESIAN_POINT('',(0.67780669076,-1.794940953248,0.455556896384)
  );
#21 = DIRECTION('',(-0.423707371691,-0.,0.905799129595));
#22 = DIRECTION('',(0.905799129595,0.,0.423707371691));
#23 = ( GEOMETRIC_REPRESENTATION_CONTEXT(3) 
GLOBAL_UNCERTAINTY_ASSIGNED_CONTEXT((#27)) GLOBAL_UNIT_ASSIGNED_CONTEXT(
(#24,#25,#26)) REPRESENTATION_CONTEXT('Context #1',
  '3D Context with UNIT and UNCERTAINTY') );
#24 = ( LENGTH_UNIT() NAMED_UNIT(*) SI_UNIT(.MILLI.,.METRE.) );
#25 = ( NAMED_UNIT(*) PLANE_ANGLE_UNIT() SI_UNIT($,.RADIAN.) );
#26 = ( NAMED_UNIT(*) SI_UNIT($,.STERADIAN.) SOLID_ANGLE_UNIT() );
#27 = UNCERTAINTY_MEASURE_WITH_UNIT(LENGTH_MEASURE(2.E-04),#24,
  'distance_accuracy_value','confusion accuracy');
#28 = PRODUCT_RELATED_PRODUCT_CATEGORY('part',$,(#7));
#29 = SHAPE_DEFINITION_REPRESENTATION(#30,#36);
#30 = PRODUCT_DEFINITION_SHAPE('','',#31);
#31 = PRODUCT_DEFINITION('design','',#32,#35);
#32 = PRODUCT_DEFINITION_FORMATION('','',#33);
#33 = PRODUCT('7770','7770','',(#34));
#34 = PRODUCT_CONTEXT('',#2,'mechanical');
#35 = PRODUCT_DEFINITION_CONTEXT('part definition',#2,'design');
#36 = ADVANCED_BREP_SHAPE_REPRESENTATION('',(#11,#37),#1867);
#37 = MANIFOLD_SOLID_BREP('',#38);
#38 = CLOSED_SHELL('',(#39,#81,#123,#165,#229,#280,#315,#363,#397,#427,
    #454,#503,#536,#569,#616,#654,#692,#789,#879,#969,#1066,#1088,#1110,
    #1135,#1160,#1184,#1209,#1226,#1244,#1261,#1288,#1300,#1317,#1334,
    #1351,#1368,#1385,#1407,#1424,#1436,#1448,#1470,#1487,#1504,#1521,
    #1538,#1560,#1572,#1584,#1596,#1610,#1628,#1648,#1660,#1672,#1695,
    #1718,#1806));
#39 = ADVANCED_FACE('',(#40),#76,.F.);
#40 = FACE_BOUND('',#41,.F.);
#41 = EDGE_LOOP('',(#42,#52,#61,#69));
#42 = ORIENTED_EDGE('',*,*,#43,.T.);
#43 = EDGE_CURVE('',#44,#46,#48,.T.);
#44 = VERTEX_POINT('',#45);
#45 = CARTESIAN_POINT('',(6.505213034913E-16,10.922,5.6896));
#46 = VERTEX_POINT('',#47);
#47 = CARTESIAN_POINT('',(6.505213034913E-16,11.176,5.9436));
#48 = LINE('',#49,#50);
#49 = CARTESIAN_POINT('',(6.505213034913E-16,10.922,5.6896));
#50 = VECTOR('',#51,1.);
#51 = DIRECTION('',(0.,0.707106781187,0.707106781187));
#52 = ORIENTED_EDGE('',*,*,#53,.T.);
#53 = EDGE_CURVE('',#46,#54,#56,.T.);
#54 = VERTEX_POINT('',#55);
#55 = CARTESIAN_POINT('',(8.962508144493E-16,11.176,1.9304));
#56 = CIRCLE('',#57,2.0066);
#57 = AXIS2_PLACEMENT_3D('',#58,#59,#60);
#58 = CARTESIAN_POINT('',(6.505213034913E-16,11.176,3.937));
#59 = DIRECTION('',(0.,-1.,0.));
#60 = DIRECTION('',(0.,0.,-1.));
#61 = ORIENTED_EDGE('',*,*,#62,.F.);
#62 = EDGE_CURVE('',#63,#54,#65,.T.);
#63 = VERTEX_POINT('',#64);
#64 = CARTESIAN_POINT('',(8.651458130622E-16,10.922,2.1844));
#65 = LINE('',#66,#67);
#66 = CARTESIAN_POINT('',(8.651458130622E-16,10.922,2.1844));
#67 = VECTOR('',#68,1.);
#68 = DIRECTION('',(8.659274570719E-17,0.707106781187,-0.707106781187));
#69 = ORIENTED_EDGE('',*,*,#70,.T.);
#70 = EDGE_CURVE('',#63,#44,#71,.T.);
#71 = CIRCLE('',#72,1.7526);
#72 = AXIS2_PLACEMENT_3D('',#73,#74,#75);
#73 = CARTESIAN_POINT('',(6.505213034913E-16,10.922,3.937));
#74 = DIRECTION('',(0.,1.,0.));
#75 = DIRECTION('',(0.,0.,-1.));
#76 = CONICAL_SURFACE('',#77,1.7526,0.785398163397);
#77 = AXIS2_PLACEMENT_3D('',#78,#79,#80);
#78 = CARTESIAN_POINT('',(6.505213034913E-16,10.922,3.937));
#79 = DIRECTION('',(0.,1.,0.));
#80 = DIRECTION('',(0.,-0.,1.));
#81 = ADVANCED_FACE('',(#82),#118,.F.);
#82 = FACE_BOUND('',#83,.F.);
#83 = EDGE_LOOP('',(#84,#94,#103,#111));
#84 = ORIENTED_EDGE('',*,*,#85,.T.);
#85 = EDGE_CURVE('',#86,#88,#90,.T.);
#86 = VERTEX_POINT('',#87);
#87 = CARTESIAN_POINT('',(8.651458130622E-16,9.144,2.1844));
#88 = VERTEX_POINT('',#89);
#89 = CARTESIAN_POINT('',(6.505213034913E-16,8.89,1.9304));
#90 = LINE('',#91,#92);
#91 = CARTESIAN_POINT('',(6.505213034913E-16,8.89,1.9304));
#92 = VECTOR('',#93,1.);
#93 = DIRECTION('',(0.,-0.707106781187,-0.707106781187));
#94 = ORIENTED_EDGE('',*,*,#95,.T.);
#95 = EDGE_CURVE('',#88,#96,#98,.T.);
#96 = VERTEX_POINT('',#97);
#97 = CARTESIAN_POINT('',(8.962508144493E-16,8.89,5.9436));
#98 = CIRCLE('',#99,2.0066);
#99 = AXIS2_PLACEMENT_3D('',#100,#101,#102);
#100 = CARTESIAN_POINT('',(6.505213034913E-16,8.89,3.937));
#101 = DIRECTION('',(-0.,1.,0.));
#102 = DIRECTION('',(0.,0.,1.));
#103 = ORIENTED_EDGE('',*,*,#104,.F.);
#104 = EDGE_CURVE('',#105,#96,#107,.T.);
#105 = VERTEX_POINT('',#106);
#106 = CARTESIAN_POINT('',(6.505213034913E-16,9.144,5.6896));
#107 = LINE('',#108,#109);
#108 = CARTESIAN_POINT('',(8.962508144493E-16,8.89,5.9436));
#109 = VECTOR('',#110,1.);
#110 = DIRECTION('',(8.659274570719E-17,-0.707106781187,0.707106781187)
  );
#111 = ORIENTED_EDGE('',*,*,#112,.T.);
#112 = EDGE_CURVE('',#105,#86,#113,.T.);
#113 = CIRCLE('',#114,1.7526);
#114 = AXIS2_PLACEMENT_3D('',#115,#116,#117);
#115 = CARTESIAN_POINT('',(6.505213034913E-16,9.144,3.937));
#116 = DIRECTION('',(0.,-1.,0.));
#117 = DIRECTION('',(0.,0.,1.));
#118 = CONICAL_SURFACE('',#119,2.0066,0.785398163397);
#119 = AXIS2_PLACEMENT_3D('',#120,#121,#122);
#120 = CARTESIAN_POINT('',(6.505213034913E-16,8.89,3.937));
#121 = DIRECTION('',(-0.,-1.,-0.));
#122 = DIRECTION('',(0.,0.,-1.));
#123 = ADVANCED_FACE('',(#124),#160,.T.);
#124 = FACE_BOUND('',#125,.T.);
#125 = EDGE_LOOP('',(#126,#137,#145,#154));
#126 = ORIENTED_EDGE('',*,*,#127,.T.);
#127 = EDGE_CURVE('',#128,#130,#132,.T.);
#128 = VERTEX_POINT('',#129);
#129 = CARTESIAN_POINT('',(0.,8.89,6.5024));
#130 = VERTEX_POINT('',#131);
#131 = CARTESIAN_POINT('',(3.141605140096E-16,8.89,1.3716));
#132 = CIRCLE('',#133,2.5654);
#133 = AXIS2_PLACEMENT_3D('',#134,#135,#136);
#134 = CARTESIAN_POINT('',(0.,8.89,3.937));
#135 = DIRECTION('',(-0.,1.,0.));
#136 = DIRECTION('',(0.,0.,1.));
#137 = ORIENTED_EDGE('',*,*,#138,.T.);
#138 = EDGE_CURVE('',#130,#139,#141,.T.);
#139 = VERTEX_POINT('',#140);
#140 = CARTESIAN_POINT('',(3.292415889999E-16,9.9822,1.3716));
#141 = LINE('',#142,#143);
#142 = CARTESIAN_POINT('',(3.141605140096E-16,11.176,1.3716));
#143 = VECTOR('',#144,1.);
#144 = DIRECTION('',(-0.,1.,-0.));
#145 = ORIENTED_EDGE('',*,*,#146,.F.);
#146 = EDGE_CURVE('',#147,#139,#149,.T.);
#147 = VERTEX_POINT('',#148);
#148 = CARTESIAN_POINT('',(0.,9.9822,6.5024));
#149 = CIRCLE('',#150,2.5654);
#150 = AXIS2_PLACEMENT_3D('',#151,#152,#153);
#151 = CARTESIAN_POINT('',(0.,9.9822,3.937));
#152 = DIRECTION('',(-0.,1.,0.));
#153 = DIRECTION('',(0.,0.,1.));
#154 = ORIENTED_EDGE('',*,*,#155,.F.);
#155 = EDGE_CURVE('',#128,#147,#156,.T.);
#156 = LINE('',#157,#158);
#157 = CARTESIAN_POINT('',(0.,11.176,6.5024));
#158 = VECTOR('',#159,1.);
#159 = DIRECTION('',(-0.,1.,-0.));
#160 = CYLINDRICAL_SURFACE('',#161,2.5654);
#161 = AXIS2_PLACEMENT_3D('',#162,#163,#164);
#162 = CARTESIAN_POINT('',(0.,11.176,3.937));
#163 = DIRECTION('',(-0.,1.,-0.));
#164 = DIRECTION('',(0.,0.,1.));
#165 = ADVANCED_FACE('',(#166),#224,.F.);
#166 = FACE_BOUND('',#167,.F.);
#167 = EDGE_LOOP('',(#168,#185,#194,#201,#208,#217));
#168 = ORIENTED_EDGE('',*,*,#169,.T.);
#169 = EDGE_CURVE('',#170,#172,#174,.T.);
#170 = VERTEX_POINT('',#171);
#171 = CARTESIAN_POINT('',(-2.7432,10.3632,3.320140992837));
#172 = VERTEX_POINT('',#173);
#173 = CARTESIAN_POINT('',(-2.7432,10.3632,4.553859007163));
#174 = B_SPLINE_CURVE_WITH_KNOTS('',3,(#175,#176,#177,#178,#179,#180,
    #181,#182,#183,#184),.UNSPECIFIED.,.F.,.F.,(4,2,2,2,4),(
    9.003512932052E-07,3.102579922762E-04,6.196156332591E-04,
    9.289732742421E-04,1.238330915225E-03),.UNSPECIFIED.);
#175 = CARTESIAN_POINT('',(-2.7432,10.3632,3.320140992837));
#176 = CARTESIAN_POINT('',(-2.766075939479,10.3632,3.421871333888));
#177 = CARTESIAN_POINT('',(-2.779532396281,10.361573974218,
    3.524277457367));
#178 = CARTESIAN_POINT('',(-2.797694642057,10.359393570094,
    3.729731229008));
#179 = CARTESIAN_POINT('',(-2.801904122651,10.358650297499,3.83281393521
    ));
#180 = CARTESIAN_POINT('',(-2.801948448813,10.358643382549,
    4.039595718053));
#181 = CARTESIAN_POINT('',(-2.7977487555,10.359386329999,4.143527884377)
  );
#182 = CARTESIAN_POINT('',(-2.77953910009,10.361573910634,4.349775027246
    ));
#183 = CARTESIAN_POINT('',(-2.76602249332,10.3632,4.452366343608));
#184 = CARTESIAN_POINT('',(-2.7432,10.3632,4.553859007163));
#185 = ORIENTED_EDGE('',*,*,#186,.T.);
#186 = EDGE_CURVE('',#172,#187,#189,.T.);
#187 = VERTEX_POINT('',#188);
#188 = CARTESIAN_POINT('',(0.,10.3632,6.748700779727));
#189 = CIRCLE('',#190,2.811700779727);
#190 = AXIS2_PLACEMENT_3D('',#191,#192,#193);
#191 = CARTESIAN_POINT('',(0.,10.3632,3.937));
#192 = DIRECTION('',(-0.,1.,0.));
#193 = DIRECTION('',(0.,0.,1.));
#194 = ORIENTED_EDGE('',*,*,#195,.T.);
#195 = EDGE_CURVE('',#187,#147,#196,.T.);
#196 = CIRCLE('',#197,0.417832770002);
#197 = AXIS2_PLACEMENT_3D('',#198,#199,#200);
#198 = CARTESIAN_POINT('',(0.,9.9822,6.920232770002));
#199 = DIRECTION('',(-1.,0.,0.));
#200 = DIRECTION('',(0.,0.,1.));
#201 = ORIENTED_EDGE('',*,*,#202,.F.);
#202 = EDGE_CURVE('',#139,#147,#203,.T.);
#203 = CIRCLE('',#204,2.5654);
#204 = AXIS2_PLACEMENT_3D('',#205,#206,#207);
#205 = CARTESIAN_POINT('',(0.,9.9822,3.937));
#206 = DIRECTION('',(-0.,1.,0.));
#207 = DIRECTION('',(0.,0.,1.));
#208 = ORIENTED_EDGE('',*,*,#209,.F.);
#209 = EDGE_CURVE('',#210,#139,#212,.T.);
#210 = VERTEX_POINT('',#211);
#211 = CARTESIAN_POINT('',(3.443226639901E-16,10.3632,1.125299220273));
#212 = CIRCLE('',#213,0.417832770002);
#213 = AXIS2_PLACEMENT_3D('',#214,#215,#216);
#214 = CARTESIAN_POINT('',(3.653285805076E-16,9.9822,0.953767229998));
#215 = DIRECTION('',(1.,0.,1.224606353822E-16));
#216 = DIRECTION('',(1.224606353822E-16,0.,-1.));
#217 = ORIENTED_EDGE('',*,*,#218,.T.);
#218 = EDGE_CURVE('',#210,#170,#219,.T.);
#219 = CIRCLE('',#220,2.811700779727);
#220 = AXIS2_PLACEMENT_3D('',#221,#222,#223);
#221 = CARTESIAN_POINT('',(0.,10.3632,3.937));
#222 = DIRECTION('',(-0.,1.,0.));
#223 = DIRECTION('',(0.,0.,1.));
#224 = TOROIDAL_SURFACE('',#225,2.983232770002,0.417832770002);
#225 = AXIS2_PLACEMENT_3D('',#226,#227,#228);
#226 = CARTESIAN_POINT('',(0.,9.9822,3.937));
#227 = DIRECTION('',(-0.,1.,-0.));
#228 = DIRECTION('',(0.,0.,1.));
#229 = ADVANCED_FACE('',(#230),#275,.F.);
#230 = FACE_BOUND('',#231,.F.);
#231 = EDGE_LOOP('',(#232,#242,#250,#256,#257,#265));
#232 = ORIENTED_EDGE('',*,*,#233,.T.);
#233 = EDGE_CURVE('',#234,#236,#238,.T.);
#234 = VERTEX_POINT('',#235);
#235 = CARTESIAN_POINT('',(0.,10.237238440095,5.6896));
#236 = VERTEX_POINT('',#237);
#237 = CARTESIAN_POINT('',(-5.517987590291E-14,10.463761559905,5.6896));
#238 = LINE('',#239,#240);
#239 = CARTESIAN_POINT('',(6.505213034913E-16,10.3632,5.6896));
#240 = VECTOR('',#241,1.);
#241 = DIRECTION('',(-0.,1.,-0.));
#242 = ORIENTED_EDGE('',*,*,#243,.F.);
#243 = EDGE_CURVE('',#244,#236,#246,.T.);
#244 = VERTEX_POINT('',#245);
#245 = CARTESIAN_POINT('',(0.,10.872238440095,5.6896));
#246 = LINE('',#247,#248);
#247 = CARTESIAN_POINT('',(-5.517987590291E-14,10.3632,5.6896));
#248 = VECTOR('',#249,1.);
#249 = DIRECTION('',(0.,-1.,0.));
#250 = ORIENTED_EDGE('',*,*,#251,.T.);
#251 = EDGE_CURVE('',#244,#44,#252,.T.);
#252 = LINE('',#253,#254);
#253 = CARTESIAN_POINT('',(6.505213034913E-16,10.3632,5.6896));
#254 = VECTOR('',#255,1.);
#255 = DIRECTION('',(-0.,1.,-0.));
#256 = ORIENTED_EDGE('',*,*,#70,.F.);
#257 = ORIENTED_EDGE('',*,*,#258,.F.);
#258 = EDGE_CURVE('',#259,#63,#261,.T.);
#259 = VERTEX_POINT('',#260);
#260 = CARTESIAN_POINT('',(1.086418097412E-15,10.554738440095,2.1844));
#261 = LINE('',#262,#263);
#262 = CARTESIAN_POINT('',(8.651458130622E-16,10.3632,2.1844));
#263 = VECTOR('',#264,1.);
#264 = DIRECTION('',(-0.,1.,-0.));
#265 = ORIENTED_EDGE('',*,*,#266,.T.);
#266 = EDGE_CURVE('',#259,#234,#267,.T.);
#267 = ( BOUNDED_CURVE() B_SPLINE_CURVE(2,(#268,#269,#270,#271,#272,#273
,#274),.UNSPECIFIED.,.F.,.F.) B_SPLINE_CURVE_WITH_KNOTS((3,2,2,3),(0.25,
0.333333333333,0.416666666667,0.5),.UNSPECIFIED.) CURVE() 
GEOMETRIC_REPRESENTATION_ITEM() RATIONAL_B_SPLINE_CURVE((1.,
    0.866025403784,1.,0.866025403784,1.,0.866025403784,1.)) 
REPRESENTATION_ITEM('') );
#268 = CARTESIAN_POINT('',(1.086418097412E-15,10.554738440095,2.1844));
#269 = CARTESIAN_POINT('',(-1.011864081782,10.501821773428,2.1844));
#270 = CARTESIAN_POINT('',(-1.517796122673,10.448905106761,3.0607));
#271 = CARTESIAN_POINT('',(-2.023728163563,10.395988440095,3.937));
#272 = CARTESIAN_POINT('',(-1.517796122673,10.343071773428,4.8133));
#273 = CARTESIAN_POINT('',(-1.011864081782,10.290155106761,5.6896));
#274 = CARTESIAN_POINT('',(0.,10.237238440095,5.6896));
#275 = CYLINDRICAL_SURFACE('',#276,1.7526);
#276 = AXIS2_PLACEMENT_3D('',#277,#278,#279);
#277 = CARTESIAN_POINT('',(6.505213034913E-16,10.3632,3.937));
#278 = DIRECTION('',(-0.,1.,-0.));
#279 = DIRECTION('',(0.,0.,1.));
#280 = ADVANCED_FACE('',(#281),#310,.F.);
#281 = FACE_BOUND('',#282,.F.);
#282 = EDGE_LOOP('',(#283,#291,#303,#309));
#283 = ORIENTED_EDGE('',*,*,#284,.T.);
#284 = EDGE_CURVE('',#105,#285,#287,.T.);
#285 = VERTEX_POINT('',#286);
#286 = CARTESIAN_POINT('',(0.,9.193761559905,5.6896));
#287 = LINE('',#288,#289);
#288 = CARTESIAN_POINT('',(6.505213034913E-16,10.3632,5.6896));
#289 = VECTOR('',#290,1.);
#290 = DIRECTION('',(-0.,1.,-0.));
#291 = ORIENTED_EDGE('',*,*,#292,.T.);
#292 = EDGE_CURVE('',#285,#293,#295,.T.);
#293 = VERTEX_POINT('',#294);
#294 = CARTESIAN_POINT('',(1.086418097412E-15,9.511261559905,2.1844));
#295 = ( BOUNDED_CURVE() B_SPLINE_CURVE(2,(#296,#297,#298,#299,#300,#301
,#302),.UNSPECIFIED.,.F.,.F.) B_SPLINE_CURVE_WITH_KNOTS((3,2,2,3),(0.,
    8.333333333333E-02,0.166666666667,0.25),.PIECEWISE_BEZIER_KNOTS.) 
CURVE() GEOMETRIC_REPRESENTATION_ITEM() RATIONAL_B_SPLINE_CURVE((1.,
    0.866025403784,1.,0.866025403784,1.,0.866025403784,1.)) 
REPRESENTATION_ITEM('') );
#296 = CARTESIAN_POINT('',(0.,9.193761559905,5.6896));
#297 = CARTESIAN_POINT('',(-1.011864081782,9.246678226572,5.6896));
#298 = CARTESIAN_POINT('',(-1.517796122673,9.299594893239,4.8133));
#299 = CARTESIAN_POINT('',(-2.023728163563,9.352511559905,3.937));
#300 = CARTESIAN_POINT('',(-1.517796122673,9.405428226572,3.0607));
#301 = CARTESIAN_POINT('',(-1.011864081782,9.458344893239,2.1844));
#302 = CARTESIAN_POINT('',(1.086418097412E-15,9.511261559905,2.1844));
#303 = ORIENTED_EDGE('',*,*,#304,.F.);
#304 = EDGE_CURVE('',#86,#293,#305,.T.);
#305 = LINE('',#306,#307);
#306 = CARTESIAN_POINT('',(8.651458130622E-16,10.3632,2.1844));
#307 = VECTOR('',#308,1.);
#308 = DIRECTION('',(-0.,1.,-0.));
#309 = ORIENTED_EDGE('',*,*,#112,.F.);
#310 = CYLINDRICAL_SURFACE('',#311,1.7526);
#311 = AXIS2_PLACEMENT_3D('',#312,#313,#314);
#312 = CARTESIAN_POINT('',(6.505213034913E-16,10.3632,3.937));
#313 = DIRECTION('',(-0.,1.,-0.));
#314 = DIRECTION('',(0.,0.,1.));
#315 = ADVANCED_FACE('',(#316),#358,.F.);
#316 = FACE_BOUND('',#317,.F.);
#317 = EDGE_LOOP('',(#318,#328,#340,#348));
#318 = ORIENTED_EDGE('',*,*,#319,.T.);
#319 = EDGE_CURVE('',#320,#322,#324,.T.);
#320 = VERTEX_POINT('',#321);
#321 = CARTESIAN_POINT('',(0.,9.602238440095,5.6896));
#322 = VERTEX_POINT('',#323);
#323 = CARTESIAN_POINT('',(0.,9.828761559905,5.6896));
#324 = LINE('',#325,#326);
#325 = CARTESIAN_POINT('',(6.505213034913E-16,10.3632,5.6896));
#326 = VECTOR('',#327,1.);
#327 = DIRECTION('',(-0.,1.,-0.));
#328 = ORIENTED_EDGE('',*,*,#329,.T.);
#329 = EDGE_CURVE('',#322,#330,#332,.T.);
#330 = VERTEX_POINT('',#331);
#331 = CARTESIAN_POINT('',(1.086418097412E-15,10.146261559905,2.1844));
#332 = ( BOUNDED_CURVE() B_SPLINE_CURVE(2,(#333,#334,#335,#336,#337,#338
,#339),.UNSPECIFIED.,.F.,.F.) B_SPLINE_CURVE_WITH_KNOTS((3,2,2,3),(0.5,
0.583333333333,0.666666666667,0.75),.PIECEWISE_BEZIER_KNOTS.) CURVE() 
GEOMETRIC_REPRESENTATION_ITEM() RATIONAL_B_SPLINE_CURVE((1.,
    0.866025403784,1.,0.866025403784,1.,0.866025403784,1.)) 
REPRESENTATION_ITEM('') );
#333 = CARTESIAN_POINT('',(0.,9.828761559905,5.6896));
#334 = CARTESIAN_POINT('',(-1.011864081782,9.881678226572,5.6896));
#335 = CARTESIAN_POINT('',(-1.517796122673,9.934594893239,4.8133));
#336 = CARTESIAN_POINT('',(-2.023728163563,9.987511559905,3.937));
#337 = CARTESIAN_POINT('',(-1.517796122673,10.040428226572,3.0607));
#338 = CARTESIAN_POINT('',(-1.011864081782,10.093344893239,2.1844));
#339 = CARTESIAN_POINT('',(1.086418097412E-15,10.146261559905,2.1844));
#340 = ORIENTED_EDGE('',*,*,#341,.F.);
#341 = EDGE_CURVE('',#342,#330,#344,.T.);
#342 = VERTEX_POINT('',#343);
#343 = CARTESIAN_POINT('',(1.086418097412E-15,9.919738440095,2.1844));
#344 = LINE('',#345,#346);
#345 = CARTESIAN_POINT('',(8.651458130622E-16,10.3632,2.1844));
#346 = VECTOR('',#347,1.);
#347 = DIRECTION('',(-0.,1.,-0.));
#348 = ORIENTED_EDGE('',*,*,#349,.T.);
#349 = EDGE_CURVE('',#342,#320,#350,.T.);
#350 = ( BOUNDED_CURVE() B_SPLINE_CURVE(2,(#351,#352,#353,#354,#355,#356
,#357),.UNSPECIFIED.,.F.,.F.) B_SPLINE_CURVE_WITH_KNOTS((3,2,2,3),(0.75,
0.833333333333,0.916666666667,1.),.PIECEWISE_BEZIER_KNOTS.) CURVE() 
GEOMETRIC_REPRESENTATION_ITEM() RATIONAL_B_SPLINE_CURVE((1.,
    0.866025403784,1.,0.866025403784,1.,0.866025403784,1.)) 
REPRESENTATION_ITEM('') );
#351 = CARTESIAN_POINT('',(1.086418097412E-15,9.919738440095,2.1844));
#352 = CARTESIAN_POINT('',(-1.011864081782,9.866821773428,2.1844));
#353 = CARTESIAN_POINT('',(-1.517796122673,9.813905106761,3.0607));
#354 = CARTESIAN_POINT('',(-2.023728163563,9.760988440095,3.937));
#355 = CARTESIAN_POINT('',(-1.517796122673,9.708071773428,4.8133));
#356 = CARTESIAN_POINT('',(-1.011864081782,9.655155106761,5.6896));
#357 = CARTESIAN_POINT('',(0.,9.602238440095,5.6896));
#358 = CYLINDRICAL_SURFACE('',#359,1.7526);
#359 = AXIS2_PLACEMENT_3D('',#360,#361,#362);
#360 = CARTESIAN_POINT('',(6.505213034913E-16,10.3632,3.937));
#361 = DIRECTION('',(-0.,1.,-0.));
#362 = DIRECTION('',(0.,0.,1.));
#363 = ADVANCED_FACE('',(#364),#392,.F.);
#364 = FACE_BOUND('',#365,.F.);
#365 = EDGE_LOOP('',(#366,#376,#377,#383,#384,#391));
#366 = ORIENTED_EDGE('',*,*,#367,.T.);
#367 = EDGE_CURVE('',#293,#322,#368,.T.);
#368 = ( BOUNDED_CURVE() B_SPLINE_CURVE(2,(#369,#370,#371,#372,#373,#374
,#375),.UNSPECIFIED.,.F.,.F.) B_SPLINE_CURVE_WITH_KNOTS((3,2,2,3),(0.25,
0.333333333333,0.416666666667,0.5),.PIECEWISE_BEZIER_KNOTS.) CURVE() 
GEOMETRIC_REPRESENTATION_ITEM() RATIONAL_B_SPLINE_CURVE((1.,
    0.866025403784,1.,0.866025403784,1.,0.866025403784,1.)) 
REPRESENTATION_ITEM('') );
#369 = CARTESIAN_POINT('',(1.086418097412E-15,9.511261559905,2.1844));
#370 = CARTESIAN_POINT('',(1.011864081782,9.564178226572,2.1844));
#371 = CARTESIAN_POINT('',(1.517796122673,9.617094893239,3.0607));
#372 = CARTESIAN_POINT('',(2.023728163563,9.670011559905,3.937));
#373 = CARTESIAN_POINT('',(1.517796122673,9.722928226572,4.8133));
#374 = CARTESIAN_POINT('',(1.011864081782,9.775844893239,5.6896));
#375 = CARTESIAN_POINT('',(0.,9.828761559905,5.6896));
#376 = ORIENTED_EDGE('',*,*,#319,.F.);
#377 = ORIENTED_EDGE('',*,*,#378,.T.);
#378 = EDGE_CURVE('',#320,#285,#379,.T.);
#379 = LINE('',#380,#381);
#380 = CARTESIAN_POINT('',(0.,10.3632,5.6896));
#381 = VECTOR('',#382,1.);
#382 = DIRECTION('',(0.,-1.,0.));
#383 = ORIENTED_EDGE('',*,*,#284,.F.);
#384 = ORIENTED_EDGE('',*,*,#385,.F.);
#385 = EDGE_CURVE('',#86,#105,#386,.T.);
#386 = CIRCLE('',#387,1.7526);
#387 = AXIS2_PLACEMENT_3D('',#388,#389,#390);
#388 = CARTESIAN_POINT('',(6.505213034913E-16,9.144,3.937));
#389 = DIRECTION('',(0.,-1.,0.));
#390 = DIRECTION('',(0.,0.,1.));
#391 = ORIENTED_EDGE('',*,*,#304,.T.);
#392 = CYLINDRICAL_SURFACE('',#393,1.7526);
#393 = AXIS2_PLACEMENT_3D('',#394,#395,#396);
#394 = CARTESIAN_POINT('',(6.505213034913E-16,10.3632,3.937));
#395 = DIRECTION('',(-0.,1.,-0.));
#396 = DIRECTION('',(0.,0.,1.));
#397 = ADVANCED_FACE('',(#398),#422,.F.);
#398 = FACE_BOUND('',#399,.F.);
#399 = EDGE_LOOP('',(#400,#410,#411,#421));
#400 = ORIENTED_EDGE('',*,*,#401,.T.);
#401 = EDGE_CURVE('',#330,#236,#402,.T.);
#402 = ( BOUNDED_CURVE() B_SPLINE_CURVE(2,(#403,#404,#405,#406,#407,#408
,#409),.UNSPECIFIED.,.F.,.F.) B_SPLINE_CURVE_WITH_KNOTS((3,2,2,3),(0.75,
0.833333333333,0.916666666667,1.),.PIECEWISE_BEZIER_KNOTS.) CURVE() 
GEOMETRIC_REPRESENTATION_ITEM() RATIONAL_B_SPLINE_CURVE((1.,
    0.866025403784,1.,0.866025403784,1.,0.866025403784,1.)) 
REPRESENTATION_ITEM('') );
#403 = CARTESIAN_POINT('',(1.086418097412E-15,10.146261559905,2.1844));
#404 = CARTESIAN_POINT('',(1.011864081782,10.199178226572,2.1844));
#405 = CARTESIAN_POINT('',(1.517796122673,10.252094893239,3.0607));
#406 = CARTESIAN_POINT('',(2.023728163563,10.305011559905,3.937));
#407 = CARTESIAN_POINT('',(1.517796122673,10.357928226572,4.8133));
#408 = CARTESIAN_POINT('',(1.011864081782,10.410844893239,5.6896));
#409 = CARTESIAN_POINT('',(-5.517987590291E-14,10.463761559905,5.6896));
#410 = ORIENTED_EDGE('',*,*,#233,.F.);
#411 = ORIENTED_EDGE('',*,*,#412,.T.);
#412 = EDGE_CURVE('',#234,#342,#413,.T.);
#413 = ( BOUNDED_CURVE() B_SPLINE_CURVE(2,(#414,#415,#416,#417,#418,#419
,#420),.UNSPECIFIED.,.F.,.F.) B_SPLINE_CURVE_WITH_KNOTS((3,2,2,3),(0.5,
0.583333333333,0.666666666667,0.75),.PIECEWISE_BEZIER_KNOTS.) CURVE() 
GEOMETRIC_REPRESENTATION_ITEM() RATIONAL_B_SPLINE_CURVE((1.,
    0.866025403784,1.,0.866025403784,1.,0.866025403784,1.)) 
REPRESENTATION_ITEM('') );
#414 = CARTESIAN_POINT('',(0.,10.237238440095,5.6896));
#415 = CARTESIAN_POINT('',(1.011864081782,10.184321773428,5.6896));
#416 = CARTESIAN_POINT('',(1.517796122673,10.131405106761,4.8133));
#417 = CARTESIAN_POINT('',(2.023728163563,10.078488440095,3.937));
#418 = CARTESIAN_POINT('',(1.517796122673,10.025571773428,3.0607));
#419 = CARTESIAN_POINT('',(1.011864081782,9.972655106761,2.1844));
#420 = CARTESIAN_POINT('',(1.086418097412E-15,9.919738440095,2.1844));
#421 = ORIENTED_EDGE('',*,*,#341,.T.);
#422 = CYLINDRICAL_SURFACE('',#423,1.7526);
#423 = AXIS2_PLACEMENT_3D('',#424,#425,#426);
#424 = CARTESIAN_POINT('',(6.505213034913E-16,10.3632,3.937));
#425 = DIRECTION('',(-0.,1.,-0.));
#426 = DIRECTION('',(0.,0.,1.));
#427 = ADVANCED_FACE('',(#428),#449,.F.);
#428 = FACE_BOUND('',#429,.F.);
#429 = EDGE_LOOP('',(#430,#437,#438,#448));
#430 = ORIENTED_EDGE('',*,*,#431,.F.);
#431 = EDGE_CURVE('',#44,#63,#432,.T.);
#432 = CIRCLE('',#433,1.7526);
#433 = AXIS2_PLACEMENT_3D('',#434,#435,#436);
#434 = CARTESIAN_POINT('',(6.505213034913E-16,10.922,3.937));
#435 = DIRECTION('',(0.,1.,0.));
#436 = DIRECTION('',(0.,0.,-1.));
#437 = ORIENTED_EDGE('',*,*,#251,.F.);
#438 = ORIENTED_EDGE('',*,*,#439,.T.);
#439 = EDGE_CURVE('',#244,#259,#440,.T.);
#440 = ( BOUNDED_CURVE() B_SPLINE_CURVE(2,(#441,#442,#443,#444,#445,#446
,#447),.UNSPECIFIED.,.F.,.F.) B_SPLINE_CURVE_WITH_KNOTS((3,2,2,3),(0.,
8.333333333333E-02,0.166666666667,0.25),.UNSPECIFIED.) CURVE() 
GEOMETRIC_REPRESENTATION_ITEM() RATIONAL_B_SPLINE_CURVE((1.,
    0.866025403784,1.,0.866025403784,1.,0.866025403784,1.)) 
REPRESENTATION_ITEM('') );
#441 = CARTESIAN_POINT('',(0.,10.872238440095,5.6896));
#442 = CARTESIAN_POINT('',(1.011864081782,10.819321773428,5.6896));
#443 = CARTESIAN_POINT('',(1.517796122673,10.766405106761,4.8133));
#444 = CARTESIAN_POINT('',(2.023728163563,10.713488440095,3.937));
#445 = CARTESIAN_POINT('',(1.517796122673,10.660571773428,3.0607));
#446 = CARTESIAN_POINT('',(1.011864081782,10.607655106761,2.1844));
#447 = CARTESIAN_POINT('',(1.086418097412E-15,10.554738440095,2.1844));
#448 = ORIENTED_EDGE('',*,*,#258,.T.);
#449 = CYLINDRICAL_SURFACE('',#450,1.7526);
#450 = AXIS2_PLACEMENT_3D('',#451,#452,#453);
#451 = CARTESIAN_POINT('',(6.505213034913E-16,10.3632,3.937));
#452 = DIRECTION('',(-0.,1.,-0.));
#453 = DIRECTION('',(0.,0.,1.));
#454 = ADVANCED_FACE('',(#455),#498,.F.);
#455 = FACE_BOUND('',#456,.F.);
#456 = EDGE_LOOP('',(#457,#468,#476,#485,#491,#492));
#457 = ORIENTED_EDGE('',*,*,#458,.T.);
#458 = EDGE_CURVE('',#459,#461,#463,.T.);
#459 = VERTEX_POINT('',#460);
#460 = CARTESIAN_POINT('',(-2.7432,10.3632,0.));
#461 = VERTEX_POINT('',#462);
#462 = CARTESIAN_POINT('',(-3.1242,9.9822,0.));
#463 = CIRCLE('',#464,0.381);
#464 = AXIS2_PLACEMENT_3D('',#465,#466,#467);
#465 = CARTESIAN_POINT('',(-2.7432,9.9822,0.));
#466 = DIRECTION('',(0.,0.,1.));
#467 = DIRECTION('',(1.,0.,-0.));
#468 = ORIENTED_EDGE('',*,*,#469,.F.);
#469 = EDGE_CURVE('',#470,#461,#472,.T.);
#470 = VERTEX_POINT('',#471);
#471 = CARTESIAN_POINT('',(-3.1242,9.9822,7.874));
#472 = LINE('',#473,#474);
#473 = CARTESIAN_POINT('',(-3.1242,9.9822,7.874));
#474 = VECTOR('',#475,1.);
#475 = DIRECTION('',(-0.,-0.,-1.));
#476 = ORIENTED_EDGE('',*,*,#477,.F.);
#477 = EDGE_CURVE('',#478,#470,#480,.T.);
#478 = VERTEX_POINT('',#479);
#479 = CARTESIAN_POINT('',(-2.7432,10.3632,7.874));
#480 = CIRCLE('',#481,0.381);
#481 = AXIS2_PLACEMENT_3D('',#482,#483,#484);
#482 = CARTESIAN_POINT('',(-2.7432,9.9822,7.874));
#483 = DIRECTION('',(0.,0.,1.));
#484 = DIRECTION('',(1.,0.,-0.));
#485 = ORIENTED_EDGE('',*,*,#486,.T.);
#486 = EDGE_CURVE('',#478,#172,#487,.T.);
#487 = LINE('',#488,#489);
#488 = CARTESIAN_POINT('',(-2.7432,10.3632,7.874));
#489 = VECTOR('',#490,1.);
#490 = DIRECTION('',(-0.,-0.,-1.));
#491 = ORIENTED_EDGE('',*,*,#169,.F.);
#492 = ORIENTED_EDGE('',*,*,#493,.T.);
#493 = EDGE_CURVE('',#170,#459,#494,.T.);
#494 = LINE('',#495,#496);
#495 = CARTESIAN_POINT('',(-2.7432,10.3632,7.874));
#496 = VECTOR('',#497,1.);
#497 = DIRECTION('',(-0.,-0.,-1.));
#498 = CYLINDRICAL_SURFACE('',#499,0.381);
#499 = AXIS2_PLACEMENT_3D('',#500,#501,#502);
#500 = CARTESIAN_POINT('',(-2.7432,9.9822,7.874));
#501 = DIRECTION('',(-0.,-0.,-1.));
#502 = DIRECTION('',(-1.,0.,0.));
#503 = ADVANCED_FACE('',(#504),#531,.T.);
#504 = FACE_BOUND('',#505,.T.);
#505 = EDGE_LOOP('',(#506,#516,#523,#524,#525));
#506 = ORIENTED_EDGE('',*,*,#507,.F.);
#507 = EDGE_CURVE('',#508,#510,#512,.T.);
#508 = VERTEX_POINT('',#509);
#509 = CARTESIAN_POINT('',(2.7432,10.3632,3.320140992837));
#510 = VERTEX_POINT('',#511);
#511 = CARTESIAN_POINT('',(2.7432,10.3632,0.));
#512 = LINE('',#513,#514);
#513 = CARTESIAN_POINT('',(2.7432,10.3632,7.874));
#514 = VECTOR('',#515,1.);
#515 = DIRECTION('',(-0.,-0.,-1.));
#516 = ORIENTED_EDGE('',*,*,#517,.T.);
#517 = EDGE_CURVE('',#508,#210,#518,.T.);
#518 = CIRCLE('',#519,2.811700779727);
#519 = AXIS2_PLACEMENT_3D('',#520,#521,#522);
#520 = CARTESIAN_POINT('',(0.,10.3632,3.937));
#521 = DIRECTION('',(-0.,1.,0.));
#522 = DIRECTION('',(0.,0.,1.));
#523 = ORIENTED_EDGE('',*,*,#218,.T.);
#524 = ORIENTED_EDGE('',*,*,#493,.T.);
#525 = ORIENTED_EDGE('',*,*,#526,.F.);
#526 = EDGE_CURVE('',#510,#459,#527,.T.);
#527 = LINE('',#528,#529);
#528 = CARTESIAN_POINT('',(-2.7432,10.3632,0.));
#529 = VECTOR('',#530,1.);
#530 = DIRECTION('',(-1.,-0.,0.));
#531 = PLANE('',#532);
#532 = AXIS2_PLACEMENT_3D('',#533,#534,#535);
#533 = CARTESIAN_POINT('',(-2.7432,10.3632,7.874));
#534 = DIRECTION('',(0.,-1.,0.));
#535 = DIRECTION('',(0.,0.,-1.));
#536 = ADVANCED_FACE('',(#537),#564,.T.);
#537 = FACE_BOUND('',#538,.T.);
#538 = EDGE_LOOP('',(#539,#540,#541,#550,#558));
#539 = ORIENTED_EDGE('',*,*,#486,.T.);
#540 = ORIENTED_EDGE('',*,*,#186,.T.);
#541 = ORIENTED_EDGE('',*,*,#542,.T.);
#542 = EDGE_CURVE('',#187,#543,#545,.T.);
#543 = VERTEX_POINT('',#544);
#544 = CARTESIAN_POINT('',(2.743200000001,10.3632,4.553859007159));
#545 = CIRCLE('',#546,2.811700779727);
#546 = AXIS2_PLACEMENT_3D('',#547,#548,#549);
#547 = CARTESIAN_POINT('',(0.,10.3632,3.937));
#548 = DIRECTION('',(-0.,1.,0.));
#549 = DIRECTION('',(0.,0.,1.));
#550 = ORIENTED_EDGE('',*,*,#551,.F.);
#551 = EDGE_CURVE('',#552,#543,#554,.T.);
#552 = VERTEX_POINT('',#553);
#553 = CARTESIAN_POINT('',(2.7432,10.3632,7.874));
#554 = LINE('',#555,#556);
#555 = CARTESIAN_POINT('',(2.7432,10.3632,7.874));
#556 = VECTOR('',#557,1.);
#557 = DIRECTION('',(-0.,-0.,-1.));
#558 = ORIENTED_EDGE('',*,*,#559,.T.);
#559 = EDGE_CURVE('',#552,#478,#560,.T.);
#560 = LINE('',#561,#562);
#561 = CARTESIAN_POINT('',(-2.7432,10.3632,7.874));
#562 = VECTOR('',#563,1.);
#563 = DIRECTION('',(-1.,-0.,0.));
#564 = PLANE('',#565);
#565 = AXIS2_PLACEMENT_3D('',#566,#567,#568);
#566 = CARTESIAN_POINT('',(-2.7432,10.3632,7.874));
#567 = DIRECTION('',(0.,-1.,0.));
#568 = DIRECTION('',(0.,0.,-1.));
#569 = ADVANCED_FACE('',(#570),#611,.F.);
#570 = FACE_BOUND('',#571,.F.);
#571 = EDGE_LOOP('',(#572,#581,#589,#596,#597,#610));
#572 = ORIENTED_EDGE('',*,*,#573,.F.);
#573 = EDGE_CURVE('',#574,#552,#576,.T.);
#574 = VERTEX_POINT('',#575);
#575 = CARTESIAN_POINT('',(3.1242,9.9822,7.874));
#576 = CIRCLE('',#577,0.381);
#577 = AXIS2_PLACEMENT_3D('',#578,#579,#580);
#578 = CARTESIAN_POINT('',(2.7432,9.9822,7.874));
#579 = DIRECTION('',(0.,0.,1.));
#580 = DIRECTION('',(1.,0.,-0.));
#581 = ORIENTED_EDGE('',*,*,#582,.T.);
#582 = EDGE_CURVE('',#574,#583,#585,.T.);
#583 = VERTEX_POINT('',#584);
#584 = CARTESIAN_POINT('',(3.1242,9.9822,0.));
#585 = LINE('',#586,#587);
#586 = CARTESIAN_POINT('',(3.1242,9.9822,7.874));
#587 = VECTOR('',#588,1.);
#588 = DIRECTION('',(-0.,-0.,-1.));
#589 = ORIENTED_EDGE('',*,*,#590,.T.);
#590 = EDGE_CURVE('',#583,#510,#591,.T.);
#591 = CIRCLE('',#592,0.381);
#592 = AXIS2_PLACEMENT_3D('',#593,#594,#595);
#593 = CARTESIAN_POINT('',(2.7432,9.9822,0.));
#594 = DIRECTION('',(0.,0.,1.));
#595 = DIRECTION('',(1.,0.,-0.));
#596 = ORIENTED_EDGE('',*,*,#507,.F.);
#597 = ORIENTED_EDGE('',*,*,#598,.F.);
#598 = EDGE_CURVE('',#543,#508,#599,.T.);
#599 = B_SPLINE_CURVE_WITH_KNOTS('',3,(#600,#601,#602,#603,#604,#605,
    #606,#607,#608,#609),.UNSPECIFIED.,.F.,.F.,(4,2,2,2,4),(
    9.003512967478E-07,3.102579922788E-04,6.196156332609E-04,
    9.28973274243E-04,1.238330915225E-03),.UNSPECIFIED.);
#600 = CARTESIAN_POINT('',(2.743200000001,10.3632,4.553859007159));
#601 = CARTESIAN_POINT('',(2.766075939479,10.3632,4.452128666109));
#602 = CARTESIAN_POINT('',(2.779532396281,10.361573974218,4.34972254263)
  );
#603 = CARTESIAN_POINT('',(2.797694642057,10.359393570094,4.14426877099)
  );
#604 = CARTESIAN_POINT('',(2.801904122651,10.358650297499,4.041186064787
    ));
#605 = CARTESIAN_POINT('',(2.801948448813,10.358643382549,3.834404281946
    ));
#606 = CARTESIAN_POINT('',(2.7977487555,10.359386329999,3.730472115622)
  );
#607 = CARTESIAN_POINT('',(2.77953910009,10.361573910634,3.524224972753)
  );
#608 = CARTESIAN_POINT('',(2.76602249332,10.3632,3.421633656392));
#609 = CARTESIAN_POINT('',(2.7432,10.3632,3.320140992837));
#610 = ORIENTED_EDGE('',*,*,#551,.F.);
#611 = CYLINDRICAL_SURFACE('',#612,0.381);
#612 = AXIS2_PLACEMENT_3D('',#613,#614,#615);
#613 = CARTESIAN_POINT('',(2.7432,9.9822,7.874));
#614 = DIRECTION('',(-0.,-0.,-1.));
#615 = DIRECTION('',(-1.,0.,0.));
#616 = ADVANCED_FACE('',(#617),#649,.T.);
#617 = FACE_BOUND('',#618,.T.);
#618 = EDGE_LOOP('',(#619,#627,#635,#643));
#619 = ORIENTED_EDGE('',*,*,#620,.F.);
#620 = EDGE_CURVE('',#621,#574,#623,.T.);
#621 = VERTEX_POINT('',#622);
#622 = CARTESIAN_POINT('',(3.1242,5.0038,7.874));
#623 = LINE('',#624,#625);
#624 = CARTESIAN_POINT('',(3.1242,9.9822,7.874));
#625 = VECTOR('',#626,1.);
#626 = DIRECTION('',(0.,1.,0.));
#627 = ORIENTED_EDGE('',*,*,#628,.F.);
#628 = EDGE_CURVE('',#629,#621,#631,.T.);
#629 = VERTEX_POINT('',#630);
#630 = CARTESIAN_POINT('',(3.937,5.0038,7.874));
#631 = LINE('',#632,#633);
#632 = CARTESIAN_POINT('',(4.064,5.0038,7.874));
#633 = VECTOR('',#634,1.);
#634 = DIRECTION('',(-1.,0.,0.));
#635 = ORIENTED_EDGE('',*,*,#636,.T.);
#636 = EDGE_CURVE('',#629,#637,#639,.T.);
#637 = VERTEX_POINT('',#638);
#638 = CARTESIAN_POINT('',(3.937,9.9822,7.874));
#639 = LINE('',#640,#641);
#640 = CARTESIAN_POINT('',(3.937,9.9822,7.874));
#641 = VECTOR('',#642,1.);
#642 = DIRECTION('',(-0.,1.,-0.));
#643 = ORIENTED_EDGE('',*,*,#644,.T.);
#644 = EDGE_CURVE('',#637,#574,#645,.T.);
#645 = LINE('',#646,#647);
#646 = CARTESIAN_POINT('',(3.937,9.9822,7.874));
#647 = VECTOR('',#648,1.);
#648 = DIRECTION('',(-1.,6.402768735151E-15,0.));
#649 = PLANE('',#650);
#650 = AXIS2_PLACEMENT_3D('',#651,#652,#653);
#651 = CARTESIAN_POINT('',(2.7432,10.3632,7.874));
#652 = DIRECTION('',(0.,0.,1.));
#653 = DIRECTION('',(1.,0.,-0.));
#654 = ADVANCED_FACE('',(#655),#687,.T.);
#655 = FACE_BOUND('',#656,.T.);
#656 = EDGE_LOOP('',(#657,#665,#673,#681));
#657 = ORIENTED_EDGE('',*,*,#658,.T.);
#658 = EDGE_CURVE('',#461,#659,#661,.T.);
#659 = VERTEX_POINT('',#660);
#660 = CARTESIAN_POINT('',(-3.1242,5.0038,0.));
#661 = LINE('',#662,#663);
#662 = CARTESIAN_POINT('',(-3.1242,9.9822,0.));
#663 = VECTOR('',#664,1.);
#664 = DIRECTION('',(-0.,-1.,0.));
#665 = ORIENTED_EDGE('',*,*,#666,.T.);
#666 = EDGE_CURVE('',#659,#667,#669,.T.);
#667 = VERTEX_POINT('',#668);
#668 = CARTESIAN_POINT('',(-3.937,5.0038,0.));
#669 = LINE('',#670,#671);
#670 = CARTESIAN_POINT('',(4.064,5.0038,0.));
#671 = VECTOR('',#672,1.);
#672 = DIRECTION('',(-1.,0.,0.));
#673 = ORIENTED_EDGE('',*,*,#674,.F.);
#674 = EDGE_CURVE('',#675,#667,#677,.T.);
#675 = VERTEX_POINT('',#676);
#676 = CARTESIAN_POINT('',(-3.937,9.9822,0.));
#677 = LINE('',#678,#679);
#678 = CARTESIAN_POINT('',(-3.937,9.9822,0.));
#679 = VECTOR('',#680,1.);
#680 = DIRECTION('',(0.,-1.,0.));
#681 = ORIENTED_EDGE('',*,*,#682,.T.);
#682 = EDGE_CURVE('',#675,#461,#683,.T.);
#683 = LINE('',#684,#685);
#684 = CARTESIAN_POINT('',(-3.937,9.9822,0.));
#685 = VECTOR('',#686,1.);
#686 = DIRECTION('',(1.,0.,0.));
#687 = PLANE('',#688);
#688 = AXIS2_PLACEMENT_3D('',#689,#690,#691);
#689 = CARTESIAN_POINT('',(-2.7432,10.3632,0.));
#690 = DIRECTION('',(-0.,0.,-1.));
#691 = DIRECTION('',(-1.,0.,0.));
#692 = ADVANCED_FACE('',(#693),#784,.F.);
#693 = FACE_BOUND('',#694,.T.);
#694 = EDGE_LOOP('',(#695,#705,#713,#719,#720,#728,#736,#745,#753,#761,
    #769,#778));
#695 = ORIENTED_EDGE('',*,*,#696,.F.);
#696 = EDGE_CURVE('',#697,#699,#701,.T.);
#697 = VERTEX_POINT('',#698);
#698 = CARTESIAN_POINT('',(-3.937,5.0038,7.874));
#699 = VERTEX_POINT('',#700);
#700 = CARTESIAN_POINT('',(-3.937,5.0038,7.2009));
#701 = LINE('',#702,#703);
#702 = CARTESIAN_POINT('',(-3.937,5.0038,7.874));
#703 = VECTOR('',#704,1.);
#704 = DIRECTION('',(0.,0.,-1.));
#705 = ORIENTED_EDGE('',*,*,#706,.F.);
#706 = EDGE_CURVE('',#707,#697,#709,.T.);
#707 = VERTEX_POINT('',#708);
#708 = CARTESIAN_POINT('',(-3.937,9.9822,7.874));
#709 = LINE('',#710,#711);
#710 = CARTESIAN_POINT('',(-3.937,9.9822,7.874));
#711 = VECTOR('',#712,1.);
#712 = DIRECTION('',(0.,-1.,0.));
#713 = ORIENTED_EDGE('',*,*,#714,.T.);
#714 = EDGE_CURVE('',#707,#675,#715,.T.);
#715 = LINE('',#716,#717);
#716 = CARTESIAN_POINT('',(-3.937,9.9822,7.874));
#717 = VECTOR('',#718,1.);
#718 = DIRECTION('',(-0.,-0.,-1.));
#719 = ORIENTED_EDGE('',*,*,#674,.T.);
#720 = ORIENTED_EDGE('',*,*,#721,.F.);
#721 = EDGE_CURVE('',#722,#667,#724,.T.);
#722 = VERTEX_POINT('',#723);
#723 = CARTESIAN_POINT('',(-3.937,5.0038,0.6731));
#724 = LINE('',#725,#726);
#725 = CARTESIAN_POINT('',(-3.937,5.0038,7.874));
#726 = VECTOR('',#727,1.);
#727 = DIRECTION('',(0.,0.,-1.));
#728 = ORIENTED_EDGE('',*,*,#729,.F.);
#729 = EDGE_CURVE('',#730,#722,#732,.T.);
#730 = VERTEX_POINT('',#731);
#731 = CARTESIAN_POINT('',(-3.937,0.762,0.6731));
#732 = LINE('',#733,#734);
#733 = CARTESIAN_POINT('',(-3.937,9.9822,0.6731));
#734 = VECTOR('',#735,1.);
#735 = DIRECTION('',(0.,1.,-2.044796402443E-16));
#736 = ORIENTED_EDGE('',*,*,#737,.F.);
#737 = EDGE_CURVE('',#738,#730,#740,.T.);
#738 = VERTEX_POINT('',#739);
#739 = CARTESIAN_POINT('',(-3.937,0.762,2.1971));
#740 = CIRCLE('',#741,0.762);
#741 = AXIS2_PLACEMENT_3D('',#742,#743,#744);
#742 = CARTESIAN_POINT('',(-3.937,0.762,1.4351));
#743 = DIRECTION('',(1.,0.,0.));
#744 = DIRECTION('',(0.,-0.,-1.));
#745 = ORIENTED_EDGE('',*,*,#746,.F.);
#746 = EDGE_CURVE('',#747,#738,#749,.T.);
#747 = VERTEX_POINT('',#748);
#748 = CARTESIAN_POINT('',(-3.937,5.842,2.1971));
#749 = LINE('',#750,#751);
#750 = CARTESIAN_POINT('',(-3.937,9.9822,2.1971));
#751 = VECTOR('',#752,1.);
#752 = DIRECTION('',(0.,-1.,-8.537024980201E-17));
#753 = ORIENTED_EDGE('',*,*,#754,.F.);
#754 = EDGE_CURVE('',#755,#747,#757,.T.);
#755 = VERTEX_POINT('',#756);
#756 = CARTESIAN_POINT('',(-3.937,5.842,5.6769));
#757 = LINE('',#758,#759);
#758 = CARTESIAN_POINT('',(-3.937,5.842,7.874));
#759 = VECTOR('',#760,1.);
#760 = DIRECTION('',(0.,0.,-1.));
#761 = ORIENTED_EDGE('',*,*,#762,.F.);
#762 = EDGE_CURVE('',#763,#755,#765,.T.);
#763 = VERTEX_POINT('',#764);
#764 = CARTESIAN_POINT('',(-3.937,0.762,5.6769));
#765 = LINE('',#766,#767);
#766 = CARTESIAN_POINT('',(-3.937,9.9822,5.6769));
#767 = VECTOR('',#768,1.);
#768 = DIRECTION('',(0.,1.,0.));
#769 = ORIENTED_EDGE('',*,*,#770,.F.);
#770 = EDGE_CURVE('',#771,#763,#773,.T.);
#771 = VERTEX_POINT('',#772);
#772 = CARTESIAN_POINT('',(-3.937,0.762,7.2009));
#773 = CIRCLE('',#774,0.762);
#774 = AXIS2_PLACEMENT_3D('',#775,#776,#777);
#775 = CARTESIAN_POINT('',(-3.937,0.762,6.4389));
#776 = DIRECTION('',(1.,0.,0.));
#777 = DIRECTION('',(0.,-0.,-1.));
#778 = ORIENTED_EDGE('',*,*,#779,.F.);
#779 = EDGE_CURVE('',#699,#771,#780,.T.);
#780 = LINE('',#781,#782);
#781 = CARTESIAN_POINT('',(-3.937,9.9822,7.2009));
#782 = VECTOR('',#783,1.);
#783 = DIRECTION('',(0.,-1.,-2.044796402443E-16));
#784 = PLANE('',#785);
#785 = AXIS2_PLACEMENT_3D('',#786,#787,#788);
#786 = CARTESIAN_POINT('',(-3.937,9.9822,7.874));
#787 = DIRECTION('',(1.,0.,-0.));
#788 = DIRECTION('',(-0.,0.,-1.));
#789 = ADVANCED_FACE('',(#790),#874,.T.);
#790 = FACE_BOUND('',#791,.T.);
#791 = EDGE_LOOP('',(#792,#800,#808,#816,#825,#833,#841,#849,#858,#866,
    #872,#873));
#792 = ORIENTED_EDGE('',*,*,#793,.T.);
#793 = EDGE_CURVE('',#470,#794,#796,.T.);
#794 = VERTEX_POINT('',#795);
#795 = CARTESIAN_POINT('',(-3.1242,5.0038,7.874));
#796 = LINE('',#797,#798);
#797 = CARTESIAN_POINT('',(-3.1242,9.9822,7.874));
#798 = VECTOR('',#799,1.);
#799 = DIRECTION('',(-0.,-1.,0.));
#800 = ORIENTED_EDGE('',*,*,#801,.T.);
#801 = EDGE_CURVE('',#794,#802,#804,.T.);
#802 = VERTEX_POINT('',#803);
#803 = CARTESIAN_POINT('',(-3.1242,5.0038,7.2009));
#804 = LINE('',#805,#806);
#805 = CARTESIAN_POINT('',(-3.1242,5.0038,7.874));
#806 = VECTOR('',#807,1.);
#807 = DIRECTION('',(0.,0.,-1.));
#808 = ORIENTED_EDGE('',*,*,#809,.T.);
#809 = EDGE_CURVE('',#802,#810,#812,.T.);
#810 = VERTEX_POINT('',#811);
#811 = CARTESIAN_POINT('',(-3.1242,0.762,7.2009));
#812 = LINE('',#813,#814);
#813 = CARTESIAN_POINT('',(-3.1242,9.9822,7.2009));
#814 = VECTOR('',#815,1.);
#815 = DIRECTION('',(-0.,-1.,-2.044796402443E-16));
#816 = ORIENTED_EDGE('',*,*,#817,.T.);
#817 = EDGE_CURVE('',#810,#818,#820,.T.);
#818 = VERTEX_POINT('',#819);
#819 = CARTESIAN_POINT('',(-3.1242,0.762,5.6769));
#820 = CIRCLE('',#821,0.762);
#821 = AXIS2_PLACEMENT_3D('',#822,#823,#824);
#822 = CARTESIAN_POINT('',(-3.1242,0.762,6.4389));
#823 = DIRECTION('',(1.,-0.,0.));
#824 = DIRECTION('',(0.,0.,-1.));
#825 = ORIENTED_EDGE('',*,*,#826,.T.);
#826 = EDGE_CURVE('',#818,#827,#829,.T.);
#827 = VERTEX_POINT('',#828);
#828 = CARTESIAN_POINT('',(-3.1242,5.842,5.6769));
#829 = LINE('',#830,#831);
#830 = CARTESIAN_POINT('',(-3.1242,9.9822,5.6769));
#831 = VECTOR('',#832,1.);
#832 = DIRECTION('',(0.,1.,0.));
#833 = ORIENTED_EDGE('',*,*,#834,.T.);
#834 = EDGE_CURVE('',#827,#835,#837,.T.);
#835 = VERTEX_POINT('',#836);
#836 = CARTESIAN_POINT('',(-3.1242,5.842,2.1971));
#837 = LINE('',#838,#839);
#838 = CARTESIAN_POINT('',(-3.1242,5.842,7.874));
#839 = VECTOR('',#840,1.);
#840 = DIRECTION('',(0.,0.,-1.));
#841 = ORIENTED_EDGE('',*,*,#842,.T.);
#842 = EDGE_CURVE('',#835,#843,#845,.T.);
#843 = VERTEX_POINT('',#844);
#844 = CARTESIAN_POINT('',(-3.1242,0.762,2.1971));
#845 = LINE('',#846,#847);
#846 = CARTESIAN_POINT('',(-3.1242,9.9822,2.1971));
#847 = VECTOR('',#848,1.);
#848 = DIRECTION('',(-0.,-1.,-8.537024980201E-17));
#849 = ORIENTED_EDGE('',*,*,#850,.T.);
#850 = EDGE_CURVE('',#843,#851,#853,.T.);
#851 = VERTEX_POINT('',#852);
#852 = CARTESIAN_POINT('',(-3.1242,0.762,0.6731));
#853 = CIRCLE('',#854,0.762);
#854 = AXIS2_PLACEMENT_3D('',#855,#856,#857);
#855 = CARTESIAN_POINT('',(-3.1242,0.762,1.4351));
#856 = DIRECTION('',(1.,-0.,0.));
#857 = DIRECTION('',(0.,0.,-1.));
#858 = ORIENTED_EDGE('',*,*,#859,.T.);
#859 = EDGE_CURVE('',#851,#860,#862,.T.);
#860 = VERTEX_POINT('',#861);
#861 = CARTESIAN_POINT('',(-3.1242,5.0038,0.6731));
#862 = LINE('',#863,#864);
#863 = CARTESIAN_POINT('',(-3.1242,9.9822,0.6731));
#864 = VECTOR('',#865,1.);
#865 = DIRECTION('',(0.,1.,-2.044796402443E-16));
#866 = ORIENTED_EDGE('',*,*,#867,.T.);
#867 = EDGE_CURVE('',#860,#659,#868,.T.);
#868 = LINE('',#869,#870);
#869 = CARTESIAN_POINT('',(-3.1242,5.0038,7.874));
#870 = VECTOR('',#871,1.);
#871 = DIRECTION('',(0.,0.,-1.));
#872 = ORIENTED_EDGE('',*,*,#658,.F.);
#873 = ORIENTED_EDGE('',*,*,#469,.F.);
#874 = PLANE('',#875);
#875 = AXIS2_PLACEMENT_3D('',#876,#877,#878);
#876 = CARTESIAN_POINT('',(-3.1242,9.9822,7.874));
#877 = DIRECTION('',(1.,0.,-0.));
#878 = DIRECTION('',(-0.,0.,-1.));
#879 = ADVANCED_FACE('',(#880),#964,.T.);
#880 = FACE_BOUND('',#881,.T.);
#881 = EDGE_LOOP('',(#882,#892,#898,#899,#900,#908,#916,#924,#933,#941,
    #949,#957));
#882 = ORIENTED_EDGE('',*,*,#883,.T.);
#883 = EDGE_CURVE('',#884,#886,#888,.T.);
#884 = VERTEX_POINT('',#885);
#885 = CARTESIAN_POINT('',(3.1242,0.762,7.2009));
#886 = VERTEX_POINT('',#887);
#887 = CARTESIAN_POINT('',(3.1242,5.0038,7.2009));
#888 = LINE('',#889,#890);
#889 = CARTESIAN_POINT('',(3.1242,9.9822,7.2009));
#890 = VECTOR('',#891,1.);
#891 = DIRECTION('',(0.,1.,2.044796402443E-16));
#892 = ORIENTED_EDGE('',*,*,#893,.T.);
#893 = EDGE_CURVE('',#886,#621,#894,.T.);
#894 = LINE('',#895,#896);
#895 = CARTESIAN_POINT('',(3.1242,5.0038,7.874));
#896 = VECTOR('',#897,1.);
#897 = DIRECTION('',(0.,0.,1.));
#898 = ORIENTED_EDGE('',*,*,#620,.T.);
#899 = ORIENTED_EDGE('',*,*,#582,.T.);
#900 = ORIENTED_EDGE('',*,*,#901,.F.);
#901 = EDGE_CURVE('',#902,#583,#904,.T.);
#902 = VERTEX_POINT('',#903);
#903 = CARTESIAN_POINT('',(3.1242,5.0038,0.));
#904 = LINE('',#905,#906);
#905 = CARTESIAN_POINT('',(3.1242,9.9822,0.));
#906 = VECTOR('',#907,1.);
#907 = DIRECTION('',(0.,1.,0.));
#908 = ORIENTED_EDGE('',*,*,#909,.T.);
#909 = EDGE_CURVE('',#902,#910,#912,.T.);
#910 = VERTEX_POINT('',#911);
#911 = CARTESIAN_POINT('',(3.1242,5.0038,0.6731));
#912 = LINE('',#913,#914);
#913 = CARTESIAN_POINT('',(3.1242,5.0038,7.874));
#914 = VECTOR('',#915,1.);
#915 = DIRECTION('',(0.,0.,1.));
#916 = ORIENTED_EDGE('',*,*,#917,.T.);
#917 = EDGE_CURVE('',#910,#918,#920,.T.);
#918 = VERTEX_POINT('',#919);
#919 = CARTESIAN_POINT('',(3.1242,0.762,0.6731));
#920 = LINE('',#921,#922);
#921 = CARTESIAN_POINT('',(3.1242,9.9822,0.6731));
#922 = VECTOR('',#923,1.);
#923 = DIRECTION('',(0.,-1.,2.044796402443E-16));
#924 = ORIENTED_EDGE('',*,*,#925,.T.);
#925 = EDGE_CURVE('',#918,#926,#928,.T.);
#926 = VERTEX_POINT('',#927);
#927 = CARTESIAN_POINT('',(3.1242,0.762,2.1971));
#928 = CIRCLE('',#929,0.762);
#929 = AXIS2_PLACEMENT_3D('',#930,#931,#932);
#930 = CARTESIAN_POINT('',(3.1242,0.762,1.4351));
#931 = DIRECTION('',(-1.,0.,0.));
#932 = DIRECTION('',(0.,0.,1.));
#933 = ORIENTED_EDGE('',*,*,#934,.T.);
#934 = EDGE_CURVE('',#926,#935,#937,.T.);
#935 = VERTEX_POINT('',#936);
#936 = CARTESIAN_POINT('',(3.1242,5.842,2.1971));
#937 = LINE('',#938,#939);
#938 = CARTESIAN_POINT('',(3.1242,9.9822,2.1971));
#939 = VECTOR('',#940,1.);
#940 = DIRECTION('',(0.,1.,8.537024980201E-17));
#941 = ORIENTED_EDGE('',*,*,#942,.T.);
#942 = EDGE_CURVE('',#935,#943,#945,.T.);
#943 = VERTEX_POINT('',#944);
#944 = CARTESIAN_POINT('',(3.1242,5.842,5.6769));
#945 = LINE('',#946,#947);
#946 = CARTESIAN_POINT('',(3.1242,5.842,7.874));
#947 = VECTOR('',#948,1.);
#948 = DIRECTION('',(0.,0.,1.));
#949 = ORIENTED_EDGE('',*,*,#950,.T.);
#950 = EDGE_CURVE('',#943,#951,#953,.T.);
#951 = VERTEX_POINT('',#952);
#952 = CARTESIAN_POINT('',(3.1242,0.762,5.6769));
#953 = LINE('',#954,#955);
#954 = CARTESIAN_POINT('',(3.1242,9.9822,5.6769));
#955 = VECTOR('',#956,1.);
#956 = DIRECTION('',(0.,-1.,0.));
#957 = ORIENTED_EDGE('',*,*,#958,.T.);
#958 = EDGE_CURVE('',#951,#884,#959,.T.);
#959 = CIRCLE('',#960,0.762);
#960 = AXIS2_PLACEMENT_3D('',#961,#962,#963);
#961 = CARTESIAN_POINT('',(3.1242,0.762,6.4389));
#962 = DIRECTION('',(-1.,0.,0.));
#963 = DIRECTION('',(0.,0.,1.));
#964 = PLANE('',#965);
#965 = AXIS2_PLACEMENT_3D('',#966,#967,#968);
#966 = CARTESIAN_POINT('',(3.1242,9.9822,7.874));
#967 = DIRECTION('',(-1.,0.,0.));
#968 = DIRECTION('',(0.,0.,1.));
#969 = ADVANCED_FACE('',(#970),#1061,.F.);
#970 = FACE_BOUND('',#971,.T.);
#971 = EDGE_LOOP('',(#972,#980,#988,#997,#1005,#1013,#1021,#1030,#1038,
    #1046,#1054,#1060));
#972 = ORIENTED_EDGE('',*,*,#973,.F.);
#973 = EDGE_CURVE('',#974,#629,#976,.T.);
#974 = VERTEX_POINT('',#975);
#975 = CARTESIAN_POINT('',(3.937,5.0038,7.2009));
#976 = LINE('',#977,#978);
#977 = CARTESIAN_POINT('',(3.937,5.0038,7.874));
#978 = VECTOR('',#979,1.);
#979 = DIRECTION('',(0.,0.,1.));
#980 = ORIENTED_EDGE('',*,*,#981,.F.);
#981 = EDGE_CURVE('',#982,#974,#984,.T.);
#982 = VERTEX_POINT('',#983);
#983 = CARTESIAN_POINT('',(3.937,0.762,7.2009));
#984 = LINE('',#985,#986);
#985 = CARTESIAN_POINT('',(3.937,9.9822,7.2009));
#986 = VECTOR('',#987,1.);
#987 = DIRECTION('',(0.,1.,2.044796402443E-16));
#988 = ORIENTED_EDGE('',*,*,#989,.F.);
#989 = EDGE_CURVE('',#990,#982,#992,.T.);
#990 = VERTEX_POINT('',#991);
#991 = CARTESIAN_POINT('',(3.937,0.762,5.6769));
#992 = CIRCLE('',#993,0.762);
#993 = AXIS2_PLACEMENT_3D('',#994,#995,#996);
#994 = CARTESIAN_POINT('',(3.937,0.762,6.4389));
#995 = DIRECTION('',(-1.,0.,0.));
#996 = DIRECTION('',(0.,0.,1.));
#997 = ORIENTED_EDGE('',*,*,#998,.F.);
#998 = EDGE_CURVE('',#999,#990,#1001,.T.);
#999 = VERTEX_POINT('',#1000);
#1000 = CARTESIAN_POINT('',(3.937,5.842,5.6769));
#1001 = LINE('',#1002,#1003);
#1002 = CARTESIAN_POINT('',(3.937,9.9822,5.6769));
#1003 = VECTOR('',#1004,1.);
#1004 = DIRECTION('',(0.,-1.,0.));
#1005 = ORIENTED_EDGE('',*,*,#1006,.F.);
#1006 = EDGE_CURVE('',#1007,#999,#1009,.T.);
#1007 = VERTEX_POINT('',#1008);
#1008 = CARTESIAN_POINT('',(3.937,5.842,2.1971));
#1009 = LINE('',#1010,#1011);
#1010 = CARTESIAN_POINT('',(3.937,5.842,7.874));
#1011 = VECTOR('',#1012,1.);
#1012 = DIRECTION('',(0.,0.,1.));
#1013 = ORIENTED_EDGE('',*,*,#1014,.F.);
#1014 = EDGE_CURVE('',#1015,#1007,#1017,.T.);
#1015 = VERTEX_POINT('',#1016);
#1016 = CARTESIAN_POINT('',(3.937,0.762,2.1971));
#1017 = LINE('',#1018,#1019);
#1018 = CARTESIAN_POINT('',(3.937,9.9822,2.1971));
#1019 = VECTOR('',#1020,1.);
#1020 = DIRECTION('',(0.,1.,8.537024980201E-17));
#1021 = ORIENTED_EDGE('',*,*,#1022,.F.);
#1022 = EDGE_CURVE('',#1023,#1015,#1025,.T.);
#1023 = VERTEX_POINT('',#1024);
#1024 = CARTESIAN_POINT('',(3.937,0.762,0.6731));
#1025 = CIRCLE('',#1026,0.762);
#1026 = AXIS2_PLACEMENT_3D('',#1027,#1028,#1029);
#1027 = CARTESIAN_POINT('',(3.937,0.762,1.4351));
#1028 = DIRECTION('',(-1.,0.,0.));
#1029 = DIRECTION('',(0.,0.,1.));
#1030 = ORIENTED_EDGE('',*,*,#1031,.F.);
#1031 = EDGE_CURVE('',#1032,#1023,#1034,.T.);
#1032 = VERTEX_POINT('',#1033);
#1033 = CARTESIAN_POINT('',(3.937,5.0038,0.6731));
#1034 = LINE('',#1035,#1036);
#1035 = CARTESIAN_POINT('',(3.937,9.9822,0.6731));
#1036 = VECTOR('',#1037,1.);
#1037 = DIRECTION('',(0.,-1.,2.044796402443E-16));
#1038 = ORIENTED_EDGE('',*,*,#1039,.F.);
#1039 = EDGE_CURVE('',#1040,#1032,#1042,.T.);
#1040 = VERTEX_POINT('',#1041);
#1041 = CARTESIAN_POINT('',(3.937,5.0038,0.));
#1042 = LINE('',#1043,#1044);
#1043 = CARTESIAN_POINT('',(3.937,5.0038,7.874));
#1044 = VECTOR('',#1045,1.);
#1045 = DIRECTION('',(0.,0.,1.));
#1046 = ORIENTED_EDGE('',*,*,#1047,.T.);
#1047 = EDGE_CURVE('',#1040,#1048,#1050,.T.);
#1048 = VERTEX_POINT('',#1049);
#1049 = CARTESIAN_POINT('',(3.937,9.9822,0.));
#1050 = LINE('',#1051,#1052);
#1051 = CARTESIAN_POINT('',(3.937,9.9822,0.));
#1052 = VECTOR('',#1053,1.);
#1053 = DIRECTION('',(-0.,1.,-0.));
#1054 = ORIENTED_EDGE('',*,*,#1055,.F.);
#1055 = EDGE_CURVE('',#637,#1048,#1056,.T.);
#1056 = LINE('',#1057,#1058);
#1057 = CARTESIAN_POINT('',(3.937,9.9822,7.874));
#1058 = VECTOR('',#1059,1.);
#1059 = DIRECTION('',(-0.,-0.,-1.));
#1060 = ORIENTED_EDGE('',*,*,#636,.F.);
#1061 = PLANE('',#1062);
#1062 = AXIS2_PLACEMENT_3D('',#1063,#1064,#1065);
#1063 = CARTESIAN_POINT('',(3.937,9.9822,7.874));
#1064 = DIRECTION('',(-1.,0.,0.));
#1065 = DIRECTION('',(0.,0.,1.));
#1066 = ADVANCED_FACE('',(#1067),#1083,.T.);
#1067 = FACE_BOUND('',#1068,.T.);
#1068 = EDGE_LOOP('',(#1069,#1070,#1076,#1077));
#1069 = ORIENTED_EDGE('',*,*,#706,.T.);
#1070 = ORIENTED_EDGE('',*,*,#1071,.T.);
#1071 = EDGE_CURVE('',#697,#794,#1072,.T.);
#1072 = LINE('',#1073,#1074);
#1073 = CARTESIAN_POINT('',(-2.7432,5.0038,7.874));
#1074 = VECTOR('',#1075,1.);
#1075 = DIRECTION('',(1.,0.,-0.));
#1076 = ORIENTED_EDGE('',*,*,#793,.F.);
#1077 = ORIENTED_EDGE('',*,*,#1078,.T.);
#1078 = EDGE_CURVE('',#470,#707,#1079,.T.);
#1079 = LINE('',#1080,#1081);
#1080 = CARTESIAN_POINT('',(-3.1242,9.9822,7.874));
#1081 = VECTOR('',#1082,1.);
#1082 = DIRECTION('',(-1.,0.,0.));
#1083 = PLANE('',#1084);
#1084 = AXIS2_PLACEMENT_3D('',#1085,#1086,#1087);
#1085 = CARTESIAN_POINT('',(-2.7432,9.9822,7.874));
#1086 = DIRECTION('',(0.,0.,1.));
#1087 = DIRECTION('',(1.,0.,-0.));
#1088 = ADVANCED_FACE('',(#1089),#1105,.F.);
#1089 = FACE_BOUND('',#1090,.T.);
#1090 = EDGE_LOOP('',(#1091,#1097,#1098,#1104));
#1091 = ORIENTED_EDGE('',*,*,#1092,.F.);
#1092 = EDGE_CURVE('',#902,#1040,#1093,.T.);
#1093 = LINE('',#1094,#1095);
#1094 = CARTESIAN_POINT('',(-2.7432,5.0038,0.));
#1095 = VECTOR('',#1096,1.);
#1096 = DIRECTION('',(1.,0.,0.));
#1097 = ORIENTED_EDGE('',*,*,#901,.T.);
#1098 = ORIENTED_EDGE('',*,*,#1099,.T.);
#1099 = EDGE_CURVE('',#583,#1048,#1100,.T.);
#1100 = LINE('',#1101,#1102);
#1101 = CARTESIAN_POINT('',(3.1242,9.9822,0.));
#1102 = VECTOR('',#1103,1.);
#1103 = DIRECTION('',(1.,-6.402768735151E-15,0.));
#1104 = ORIENTED_EDGE('',*,*,#1047,.F.);
#1105 = PLANE('',#1106);
#1106 = AXIS2_PLACEMENT_3D('',#1107,#1108,#1109);
#1107 = CARTESIAN_POINT('',(-2.7432,9.9822,0.));
#1108 = DIRECTION('',(0.,0.,1.));
#1109 = DIRECTION('',(1.,0.,-0.));
#1110 = ADVANCED_FACE('',(#1111),#1130,.T.);
#1111 = FACE_BOUND('',#1112,.T.);
#1112 = EDGE_LOOP('',(#1113,#1114,#1123,#1129));
#1113 = ORIENTED_EDGE('',*,*,#644,.F.);
#1114 = ORIENTED_EDGE('',*,*,#1115,.T.);
#1115 = EDGE_CURVE('',#637,#1116,#1118,.T.);
#1116 = VERTEX_POINT('',#1117);
#1117 = CARTESIAN_POINT('',(2.7432,11.176,7.874));
#1118 = CIRCLE('',#1119,1.1938);
#1119 = AXIS2_PLACEMENT_3D('',#1120,#1121,#1122);
#1120 = CARTESIAN_POINT('',(2.7432,9.9822,7.874));
#1121 = DIRECTION('',(0.,0.,1.));
#1122 = DIRECTION('',(1.,0.,-0.));
#1123 = ORIENTED_EDGE('',*,*,#1124,.F.);
#1124 = EDGE_CURVE('',#552,#1116,#1125,.T.);
#1125 = LINE('',#1126,#1127);
#1126 = CARTESIAN_POINT('',(2.7432,10.3632,7.874));
#1127 = VECTOR('',#1128,1.);
#1128 = DIRECTION('',(5.335640612626E-16,1.,0.));
#1129 = ORIENTED_EDGE('',*,*,#573,.F.);
#1130 = PLANE('',#1131);
#1131 = AXIS2_PLACEMENT_3D('',#1132,#1133,#1134);
#1132 = CARTESIAN_POINT('',(3.937,9.9822,7.874));
#1133 = DIRECTION('',(0.,0.,1.));
#1134 = DIRECTION('',(1.,0.,-0.));
#1135 = ADVANCED_FACE('',(#1136),#1155,.T.);
#1136 = FACE_BOUND('',#1137,.T.);
#1137 = EDGE_LOOP('',(#1138,#1146,#1153,#1154));
#1138 = ORIENTED_EDGE('',*,*,#1139,.F.);
#1139 = EDGE_CURVE('',#1140,#510,#1142,.T.);
#1140 = VERTEX_POINT('',#1141);
#1141 = CARTESIAN_POINT('',(2.7432,11.176,0.));
#1142 = LINE('',#1143,#1144);
#1143 = CARTESIAN_POINT('',(2.7432,11.176,0.));
#1144 = VECTOR('',#1145,1.);
#1145 = DIRECTION('',(-5.335640612626E-16,-1.,0.));
#1146 = ORIENTED_EDGE('',*,*,#1147,.F.);
#1147 = EDGE_CURVE('',#1048,#1140,#1148,.T.);
#1148 = CIRCLE('',#1149,1.1938);
#1149 = AXIS2_PLACEMENT_3D('',#1150,#1151,#1152);
#1150 = CARTESIAN_POINT('',(2.7432,9.9822,0.));
#1151 = DIRECTION('',(0.,0.,1.));
#1152 = DIRECTION('',(1.,0.,-0.));
#1153 = ORIENTED_EDGE('',*,*,#1099,.F.);
#1154 = ORIENTED_EDGE('',*,*,#590,.T.);
#1155 = PLANE('',#1156);
#1156 = AXIS2_PLACEMENT_3D('',#1157,#1158,#1159);
#1157 = CARTESIAN_POINT('',(2.7432,11.176,0.));
#1158 = DIRECTION('',(-0.,0.,-1.));
#1159 = DIRECTION('',(-1.,0.,0.));
#1160 = ADVANCED_FACE('',(#1161),#1179,.T.);
#1161 = FACE_BOUND('',#1162,.T.);
#1162 = EDGE_LOOP('',(#1163,#1171,#1172,#1173));
#1163 = ORIENTED_EDGE('',*,*,#1164,.F.);
#1164 = EDGE_CURVE('',#1140,#1165,#1167,.T.);
#1165 = VERTEX_POINT('',#1166);
#1166 = CARTESIAN_POINT('',(-2.7432,11.176,0.));
#1167 = LINE('',#1168,#1169);
#1168 = CARTESIAN_POINT('',(-2.7432,11.176,0.));
#1169 = VECTOR('',#1170,1.);
#1170 = DIRECTION('',(-1.,-0.,-0.));
#1171 = ORIENTED_EDGE('',*,*,#1139,.T.);
#1172 = ORIENTED_EDGE('',*,*,#526,.T.);
#1173 = ORIENTED_EDGE('',*,*,#1174,.T.);
#1174 = EDGE_CURVE('',#459,#1165,#1175,.T.);
#1175 = LINE('',#1176,#1177);
#1176 = CARTESIAN_POINT('',(-2.7432,10.3632,0.));
#1177 = VECTOR('',#1178,1.);
#1178 = DIRECTION('',(7.469896857676E-15,1.,0.));
#1179 = PLANE('',#1180);
#1180 = AXIS2_PLACEMENT_3D('',#1181,#1182,#1183);
#1181 = CARTESIAN_POINT('',(3.1242,9.9822,0.));
#1182 = DIRECTION('',(-0.,0.,-1.));
#1183 = DIRECTION('',(-1.,0.,0.));
#1184 = ADVANCED_FACE('',(#1185),#1204,.T.);
#1185 = FACE_BOUND('',#1186,.T.);
#1186 = EDGE_LOOP('',(#1187,#1195,#1202,#1203));
#1187 = ORIENTED_EDGE('',*,*,#1188,.F.);
#1188 = EDGE_CURVE('',#1189,#478,#1191,.T.);
#1189 = VERTEX_POINT('',#1190);
#1190 = CARTESIAN_POINT('',(-2.7432,11.176,7.874));
#1191 = LINE('',#1192,#1193);
#1192 = CARTESIAN_POINT('',(-2.7432,11.176,7.874));
#1193 = VECTOR('',#1194,1.);
#1194 = DIRECTION('',(-7.469896857676E-15,-1.,0.));
#1195 = ORIENTED_EDGE('',*,*,#1196,.T.);
#1196 = EDGE_CURVE('',#1189,#707,#1197,.T.);
#1197 = CIRCLE('',#1198,1.1938);
#1198 = AXIS2_PLACEMENT_3D('',#1199,#1200,#1201);
#1199 = CARTESIAN_POINT('',(-2.7432,9.9822,7.874));
#1200 = DIRECTION('',(0.,0.,1.));
#1201 = DIRECTION('',(-1.,0.,0.));
#1202 = ORIENTED_EDGE('',*,*,#1078,.F.);
#1203 = ORIENTED_EDGE('',*,*,#477,.F.);
#1204 = PLANE('',#1205);
#1205 = AXIS2_PLACEMENT_3D('',#1206,#1207,#1208);
#1206 = CARTESIAN_POINT('',(-2.7432,11.176,7.874));
#1207 = DIRECTION('',(0.,0.,1.));
#1208 = DIRECTION('',(1.,0.,-0.));
#1209 = ADVANCED_FACE('',(#1210),#1221,.T.);
#1210 = FACE_BOUND('',#1211,.T.);
#1211 = EDGE_LOOP('',(#1212,#1218,#1219,#1220));
#1212 = ORIENTED_EDGE('',*,*,#1213,.T.);
#1213 = EDGE_CURVE('',#1116,#1189,#1214,.T.);
#1214 = LINE('',#1215,#1216);
#1215 = CARTESIAN_POINT('',(-2.7432,11.176,7.874));
#1216 = VECTOR('',#1217,1.);
#1217 = DIRECTION('',(-1.,-0.,-0.));
#1218 = ORIENTED_EDGE('',*,*,#1188,.T.);
#1219 = ORIENTED_EDGE('',*,*,#559,.F.);
#1220 = ORIENTED_EDGE('',*,*,#1124,.T.);
#1221 = PLANE('',#1222);
#1222 = AXIS2_PLACEMENT_3D('',#1223,#1224,#1225);
#1223 = CARTESIAN_POINT('',(-3.1242,9.9822,7.874));
#1224 = DIRECTION('',(0.,0.,1.));
#1225 = DIRECTION('',(1.,0.,-0.));
#1226 = ADVANCED_FACE('',(#1227),#1239,.T.);
#1227 = FACE_BOUND('',#1228,.T.);
#1228 = EDGE_LOOP('',(#1229,#1230,#1237,#1238));
#1229 = ORIENTED_EDGE('',*,*,#682,.F.);
#1230 = ORIENTED_EDGE('',*,*,#1231,.F.);
#1231 = EDGE_CURVE('',#1165,#675,#1232,.T.);
#1232 = CIRCLE('',#1233,1.1938);
#1233 = AXIS2_PLACEMENT_3D('',#1234,#1235,#1236);
#1234 = CARTESIAN_POINT('',(-2.7432,9.9822,0.));
#1235 = DIRECTION('',(0.,0.,1.));
#1236 = DIRECTION('',(-1.,0.,0.));
#1237 = ORIENTED_EDGE('',*,*,#1174,.F.);
#1238 = ORIENTED_EDGE('',*,*,#458,.T.);
#1239 = PLANE('',#1240);
#1240 = AXIS2_PLACEMENT_3D('',#1241,#1242,#1243);
#1241 = CARTESIAN_POINT('',(-3.937,9.9822,0.));
#1242 = DIRECTION('',(-0.,0.,-1.));
#1243 = DIRECTION('',(-1.,0.,0.));
#1244 = ADVANCED_FACE('',(#1245),#1256,.T.);
#1245 = FACE_BOUND('',#1246,.T.);
#1246 = EDGE_LOOP('',(#1247,#1248,#1254,#1255));
#1247 = ORIENTED_EDGE('',*,*,#1147,.T.);
#1248 = ORIENTED_EDGE('',*,*,#1249,.F.);
#1249 = EDGE_CURVE('',#1116,#1140,#1250,.T.);
#1250 = LINE('',#1251,#1252);
#1251 = CARTESIAN_POINT('',(2.7432,11.176,7.874));
#1252 = VECTOR('',#1253,1.);
#1253 = DIRECTION('',(-0.,-0.,-1.));
#1254 = ORIENTED_EDGE('',*,*,#1115,.F.);
#1255 = ORIENTED_EDGE('',*,*,#1055,.T.);
#1256 = CYLINDRICAL_SURFACE('',#1257,1.1938);
#1257 = AXIS2_PLACEMENT_3D('',#1258,#1259,#1260);
#1258 = CARTESIAN_POINT('',(2.7432,9.9822,7.874));
#1259 = DIRECTION('',(-0.,-0.,-1.));
#1260 = DIRECTION('',(-1.,0.,0.));
#1261 = ADVANCED_FACE('',(#1262,#1272),#1283,.F.);
#1262 = FACE_BOUND('',#1263,.T.);
#1263 = EDGE_LOOP('',(#1264,#1265));
#1264 = ORIENTED_EDGE('',*,*,#53,.T.);
#1265 = ORIENTED_EDGE('',*,*,#1266,.T.);
#1266 = EDGE_CURVE('',#54,#46,#1267,.T.);
#1267 = CIRCLE('',#1268,2.0066);
#1268 = AXIS2_PLACEMENT_3D('',#1269,#1270,#1271);
#1269 = CARTESIAN_POINT('',(6.505213034913E-16,11.176,3.937));
#1270 = DIRECTION('',(0.,-1.,0.));
#1271 = DIRECTION('',(0.,0.,-1.));
#1272 = FACE_BOUND('',#1273,.T.);
#1273 = EDGE_LOOP('',(#1274,#1275,#1281,#1282));
#1274 = ORIENTED_EDGE('',*,*,#1164,.T.);
#1275 = ORIENTED_EDGE('',*,*,#1276,.F.);
#1276 = EDGE_CURVE('',#1189,#1165,#1277,.T.);
#1277 = LINE('',#1278,#1279);
#1278 = CARTESIAN_POINT('',(-2.7432,11.176,7.874));
#1279 = VECTOR('',#1280,1.);
#1280 = DIRECTION('',(-0.,-0.,-1.));
#1281 = ORIENTED_EDGE('',*,*,#1213,.F.);
#1282 = ORIENTED_EDGE('',*,*,#1249,.T.);
#1283 = PLANE('',#1284);
#1284 = AXIS2_PLACEMENT_3D('',#1285,#1286,#1287);
#1285 = CARTESIAN_POINT('',(-2.7432,11.176,7.874));
#1286 = DIRECTION('',(0.,-1.,0.));
#1287 = DIRECTION('',(0.,-0.,-1.));
#1288 = ADVANCED_FACE('',(#1289),#1295,.T.);
#1289 = FACE_BOUND('',#1290,.T.);
#1290 = EDGE_LOOP('',(#1291,#1292,#1293,#1294));
#1291 = ORIENTED_EDGE('',*,*,#1231,.T.);
#1292 = ORIENTED_EDGE('',*,*,#714,.F.);
#1293 = ORIENTED_EDGE('',*,*,#1196,.F.);
#1294 = ORIENTED_EDGE('',*,*,#1276,.T.);
#1295 = CYLINDRICAL_SURFACE('',#1296,1.1938);
#1296 = AXIS2_PLACEMENT_3D('',#1297,#1298,#1299);
#1297 = CARTESIAN_POINT('',(-2.7432,9.9822,7.874));
#1298 = DIRECTION('',(-0.,-0.,-1.));
#1299 = DIRECTION('',(-1.,0.,0.));
#1300 = ADVANCED_FACE('',(#1301),#1312,.T.);
#1301 = FACE_BOUND('',#1302,.T.);
#1302 = EDGE_LOOP('',(#1303,#1309,#1310,#1311));
#1303 = ORIENTED_EDGE('',*,*,#1304,.F.);
#1304 = EDGE_CURVE('',#974,#886,#1305,.T.);
#1305 = LINE('',#1306,#1307);
#1306 = CARTESIAN_POINT('',(4.064,5.0038,7.2009));
#1307 = VECTOR('',#1308,1.);
#1308 = DIRECTION('',(-1.,0.,0.));
#1309 = ORIENTED_EDGE('',*,*,#973,.T.);
#1310 = ORIENTED_EDGE('',*,*,#628,.T.);
#1311 = ORIENTED_EDGE('',*,*,#893,.F.);
#1312 = PLANE('',#1313);
#1313 = AXIS2_PLACEMENT_3D('',#1314,#1315,#1316);
#1314 = CARTESIAN_POINT('',(4.064,5.0038,7.2009));
#1315 = DIRECTION('',(0.,-1.,0.));
#1316 = DIRECTION('',(0.,-0.,-1.));
#1317 = ADVANCED_FACE('',(#1318),#1329,.T.);
#1318 = FACE_BOUND('',#1319,.T.);
#1319 = EDGE_LOOP('',(#1320,#1326,#1327,#1328));
#1320 = ORIENTED_EDGE('',*,*,#1321,.F.);
#1321 = EDGE_CURVE('',#982,#884,#1322,.T.);
#1322 = LINE('',#1323,#1324);
#1323 = CARTESIAN_POINT('',(4.064,0.762,7.2009));
#1324 = VECTOR('',#1325,1.);
#1325 = DIRECTION('',(-1.,0.,0.));
#1326 = ORIENTED_EDGE('',*,*,#981,.T.);
#1327 = ORIENTED_EDGE('',*,*,#1304,.T.);
#1328 = ORIENTED_EDGE('',*,*,#883,.F.);
#1329 = PLANE('',#1330);
#1330 = AXIS2_PLACEMENT_3D('',#1331,#1332,#1333);
#1331 = CARTESIAN_POINT('',(4.064,0.762,7.2009));
#1332 = DIRECTION('',(0.,-2.044796402443E-16,1.));
#1333 = DIRECTION('',(0.,-1.,-2.044796402443E-16));
#1334 = ADVANCED_FACE('',(#1335),#1346,.T.);
#1335 = FACE_BOUND('',#1336,.T.);
#1336 = EDGE_LOOP('',(#1337,#1343,#1344,#1345));
#1337 = ORIENTED_EDGE('',*,*,#1338,.F.);
#1338 = EDGE_CURVE('',#990,#951,#1339,.T.);
#1339 = LINE('',#1340,#1341);
#1340 = CARTESIAN_POINT('',(4.064,0.762,5.6769));
#1341 = VECTOR('',#1342,1.);
#1342 = DIRECTION('',(-1.,0.,0.));
#1343 = ORIENTED_EDGE('',*,*,#989,.T.);
#1344 = ORIENTED_EDGE('',*,*,#1321,.T.);
#1345 = ORIENTED_EDGE('',*,*,#958,.F.);
#1346 = CYLINDRICAL_SURFACE('',#1347,0.762);
#1347 = AXIS2_PLACEMENT_3D('',#1348,#1349,#1350);
#1348 = CARTESIAN_POINT('',(4.064,0.762,6.4389));
#1349 = DIRECTION('',(-1.,0.,0.));
#1350 = DIRECTION('',(0.,0.,1.));
#1351 = ADVANCED_FACE('',(#1352),#1363,.T.);
#1352 = FACE_BOUND('',#1353,.T.);
#1353 = EDGE_LOOP('',(#1354,#1360,#1361,#1362));
#1354 = ORIENTED_EDGE('',*,*,#1355,.F.);
#1355 = EDGE_CURVE('',#999,#943,#1356,.T.);
#1356 = LINE('',#1357,#1358);
#1357 = CARTESIAN_POINT('',(4.064,5.842,5.6769));
#1358 = VECTOR('',#1359,1.);
#1359 = DIRECTION('',(-1.,0.,0.));
#1360 = ORIENTED_EDGE('',*,*,#998,.T.);
#1361 = ORIENTED_EDGE('',*,*,#1338,.T.);
#1362 = ORIENTED_EDGE('',*,*,#950,.F.);
#1363 = PLANE('',#1364);
#1364 = AXIS2_PLACEMENT_3D('',#1365,#1366,#1367);
#1365 = CARTESIAN_POINT('',(4.064,5.842,5.6769));
#1366 = DIRECTION('',(-0.,0.,-1.));
#1367 = DIRECTION('',(-1.,0.,0.));
#1368 = ADVANCED_FACE('',(#1369),#1380,.T.);
#1369 = FACE_BOUND('',#1370,.T.);
#1370 = EDGE_LOOP('',(#1371,#1377,#1378,#1379));
#1371 = ORIENTED_EDGE('',*,*,#1372,.F.);
#1372 = EDGE_CURVE('',#1007,#935,#1373,.T.);
#1373 = LINE('',#1374,#1375);
#1374 = CARTESIAN_POINT('',(4.064,5.842,2.1971));
#1375 = VECTOR('',#1376,1.);
#1376 = DIRECTION('',(-1.,0.,0.));
#1377 = ORIENTED_EDGE('',*,*,#1006,.T.);
#1378 = ORIENTED_EDGE('',*,*,#1355,.T.);
#1379 = ORIENTED_EDGE('',*,*,#942,.F.);
#1380 = PLANE('',#1381);
#1381 = AXIS2_PLACEMENT_3D('',#1382,#1383,#1384);
#1382 = CARTESIAN_POINT('',(4.064,5.842,5.6769));
#1383 = DIRECTION('',(0.,-1.,-0.));
#1384 = DIRECTION('',(0.,0.,-1.));
#1385 = ADVANCED_FACE('',(#1386),#1402,.T.);
#1386 = FACE_BOUND('',#1387,.T.);
#1387 = EDGE_LOOP('',(#1388,#1394,#1395,#1401));
#1388 = ORIENTED_EDGE('',*,*,#1389,.F.);
#1389 = EDGE_CURVE('',#1023,#918,#1390,.T.);
#1390 = LINE('',#1391,#1392);
#1391 = CARTESIAN_POINT('',(4.064,0.762,0.6731));
#1392 = VECTOR('',#1393,1.);
#1393 = DIRECTION('',(-1.,0.,0.));
#1394 = ORIENTED_EDGE('',*,*,#1022,.T.);
#1395 = ORIENTED_EDGE('',*,*,#1396,.T.);
#1396 = EDGE_CURVE('',#1015,#926,#1397,.T.);
#1397 = LINE('',#1398,#1399);
#1398 = CARTESIAN_POINT('',(4.064,0.762,2.1971));
#1399 = VECTOR('',#1400,1.);
#1400 = DIRECTION('',(-1.,0.,0.));
#1401 = ORIENTED_EDGE('',*,*,#925,.F.);
#1402 = CYLINDRICAL_SURFACE('',#1403,0.762);
#1403 = AXIS2_PLACEMENT_3D('',#1404,#1405,#1406);
#1404 = CARTESIAN_POINT('',(4.064,0.762,1.4351));
#1405 = DIRECTION('',(-1.,0.,0.));
#1406 = DIRECTION('',(0.,0.,1.));
#1407 = ADVANCED_FACE('',(#1408),#1419,.T.);
#1408 = FACE_BOUND('',#1409,.T.);
#1409 = EDGE_LOOP('',(#1410,#1411,#1412,#1418));
#1410 = ORIENTED_EDGE('',*,*,#1092,.T.);
#1411 = ORIENTED_EDGE('',*,*,#1039,.T.);
#1412 = ORIENTED_EDGE('',*,*,#1413,.T.);
#1413 = EDGE_CURVE('',#1032,#910,#1414,.T.);
#1414 = LINE('',#1415,#1416);
#1415 = CARTESIAN_POINT('',(4.064,5.0038,0.6731));
#1416 = VECTOR('',#1417,1.);
#1417 = DIRECTION('',(-1.,0.,0.));
#1418 = ORIENTED_EDGE('',*,*,#909,.F.);
#1419 = PLANE('',#1420);
#1420 = AXIS2_PLACEMENT_3D('',#1421,#1422,#1423);
#1421 = CARTESIAN_POINT('',(4.064,5.0038,0.6731));
#1422 = DIRECTION('',(0.,-1.,-0.));
#1423 = DIRECTION('',(0.,0.,-1.));
#1424 = ADVANCED_FACE('',(#1425),#1431,.T.);
#1425 = FACE_BOUND('',#1426,.T.);
#1426 = EDGE_LOOP('',(#1427,#1428,#1429,#1430));
#1427 = ORIENTED_EDGE('',*,*,#1413,.F.);
#1428 = ORIENTED_EDGE('',*,*,#1031,.T.);
#1429 = ORIENTED_EDGE('',*,*,#1389,.T.);
#1430 = ORIENTED_EDGE('',*,*,#917,.F.);
#1431 = PLANE('',#1432);
#1432 = AXIS2_PLACEMENT_3D('',#1433,#1434,#1435);
#1433 = CARTESIAN_POINT('',(4.064,0.762,0.6731));
#1434 = DIRECTION('',(0.,-2.044796402443E-16,-1.));
#1435 = DIRECTION('',(0.,1.,-2.044796402443E-16));
#1436 = ADVANCED_FACE('',(#1437),#1443,.T.);
#1437 = FACE_BOUND('',#1438,.T.);
#1438 = EDGE_LOOP('',(#1439,#1440,#1441,#1442));
#1439 = ORIENTED_EDGE('',*,*,#1396,.F.);
#1440 = ORIENTED_EDGE('',*,*,#1014,.T.);
#1441 = ORIENTED_EDGE('',*,*,#1372,.T.);
#1442 = ORIENTED_EDGE('',*,*,#934,.F.);
#1443 = PLANE('',#1444);
#1444 = AXIS2_PLACEMENT_3D('',#1445,#1446,#1447);
#1445 = CARTESIAN_POINT('',(4.064,5.842,2.1971));
#1446 = DIRECTION('',(0.,-8.537024980201E-17,1.));
#1447 = DIRECTION('',(0.,-1.,-8.537024980201E-17));
#1448 = ADVANCED_FACE('',(#1449),#1465,.T.);
#1449 = FACE_BOUND('',#1450,.T.);
#1450 = EDGE_LOOP('',(#1451,#1452,#1458,#1459));
#1451 = ORIENTED_EDGE('',*,*,#746,.T.);
#1452 = ORIENTED_EDGE('',*,*,#1453,.F.);
#1453 = EDGE_CURVE('',#843,#738,#1454,.T.);
#1454 = LINE('',#1455,#1456);
#1455 = CARTESIAN_POINT('',(4.064,0.762,2.1971));
#1456 = VECTOR('',#1457,1.);
#1457 = DIRECTION('',(-1.,0.,0.));
#1458 = ORIENTED_EDGE('',*,*,#842,.F.);
#1459 = ORIENTED_EDGE('',*,*,#1460,.T.);
#1460 = EDGE_CURVE('',#835,#747,#1461,.T.);
#1461 = LINE('',#1462,#1463);
#1462 = CARTESIAN_POINT('',(4.064,5.842,2.1971));
#1463 = VECTOR('',#1464,1.);
#1464 = DIRECTION('',(-1.,0.,0.));
#1465 = PLANE('',#1466);
#1466 = AXIS2_PLACEMENT_3D('',#1467,#1468,#1469);
#1467 = CARTESIAN_POINT('',(4.064,5.842,2.1971));
#1468 = DIRECTION('',(0.,-8.537024980201E-17,1.));
#1469 = DIRECTION('',(0.,-1.,-8.537024980201E-17));
#1470 = ADVANCED_FACE('',(#1471),#1482,.T.);
#1471 = FACE_BOUND('',#1472,.T.);
#1472 = EDGE_LOOP('',(#1473,#1474,#1475,#1476));
#1473 = ORIENTED_EDGE('',*,*,#754,.T.);
#1474 = ORIENTED_EDGE('',*,*,#1460,.F.);
#1475 = ORIENTED_EDGE('',*,*,#834,.F.);
#1476 = ORIENTED_EDGE('',*,*,#1477,.T.);
#1477 = EDGE_CURVE('',#827,#755,#1478,.T.);
#1478 = LINE('',#1479,#1480);
#1479 = CARTESIAN_POINT('',(4.064,5.842,5.6769));
#1480 = VECTOR('',#1481,1.);
#1481 = DIRECTION('',(-1.,0.,0.));
#1482 = PLANE('',#1483);
#1483 = AXIS2_PLACEMENT_3D('',#1484,#1485,#1486);
#1484 = CARTESIAN_POINT('',(4.064,5.842,5.6769));
#1485 = DIRECTION('',(0.,-1.,-0.));
#1486 = DIRECTION('',(0.,0.,-1.));
#1487 = ADVANCED_FACE('',(#1488),#1499,.T.);
#1488 = FACE_BOUND('',#1489,.T.);
#1489 = EDGE_LOOP('',(#1490,#1491,#1492,#1493));
#1490 = ORIENTED_EDGE('',*,*,#762,.T.);
#1491 = ORIENTED_EDGE('',*,*,#1477,.F.);
#1492 = ORIENTED_EDGE('',*,*,#826,.F.);
#1493 = ORIENTED_EDGE('',*,*,#1494,.T.);
#1494 = EDGE_CURVE('',#818,#763,#1495,.T.);
#1495 = LINE('',#1496,#1497);
#1496 = CARTESIAN_POINT('',(4.064,0.762,5.6769));
#1497 = VECTOR('',#1498,1.);
#1498 = DIRECTION('',(-1.,0.,0.));
#1499 = PLANE('',#1500);
#1500 = AXIS2_PLACEMENT_3D('',#1501,#1502,#1503);
#1501 = CARTESIAN_POINT('',(4.064,5.842,5.6769));
#1502 = DIRECTION('',(-0.,0.,-1.));
#1503 = DIRECTION('',(-1.,0.,0.));
#1504 = ADVANCED_FACE('',(#1505),#1516,.T.);
#1505 = FACE_BOUND('',#1506,.T.);
#1506 = EDGE_LOOP('',(#1507,#1508,#1509,#1510));
#1507 = ORIENTED_EDGE('',*,*,#770,.T.);
#1508 = ORIENTED_EDGE('',*,*,#1494,.F.);
#1509 = ORIENTED_EDGE('',*,*,#817,.F.);
#1510 = ORIENTED_EDGE('',*,*,#1511,.T.);
#1511 = EDGE_CURVE('',#810,#771,#1512,.T.);
#1512 = LINE('',#1513,#1514);
#1513 = CARTESIAN_POINT('',(4.064,0.762,7.2009));
#1514 = VECTOR('',#1515,1.);
#1515 = DIRECTION('',(-1.,0.,0.));
#1516 = CYLINDRICAL_SURFACE('',#1517,0.762);
#1517 = AXIS2_PLACEMENT_3D('',#1518,#1519,#1520);
#1518 = CARTESIAN_POINT('',(4.064,0.762,6.4389));
#1519 = DIRECTION('',(-1.,0.,0.));
#1520 = DIRECTION('',(0.,0.,1.));
#1521 = ADVANCED_FACE('',(#1522),#1533,.T.);
#1522 = FACE_BOUND('',#1523,.T.);
#1523 = EDGE_LOOP('',(#1524,#1525,#1526,#1527));
#1524 = ORIENTED_EDGE('',*,*,#779,.T.);
#1525 = ORIENTED_EDGE('',*,*,#1511,.F.);
#1526 = ORIENTED_EDGE('',*,*,#809,.F.);
#1527 = ORIENTED_EDGE('',*,*,#1528,.T.);
#1528 = EDGE_CURVE('',#802,#699,#1529,.T.);
#1529 = LINE('',#1530,#1531);
#1530 = CARTESIAN_POINT('',(4.064,5.0038,7.2009));
#1531 = VECTOR('',#1532,1.);
#1532 = DIRECTION('',(-1.,0.,0.));
#1533 = PLANE('',#1534);
#1534 = AXIS2_PLACEMENT_3D('',#1535,#1536,#1537);
#1535 = CARTESIAN_POINT('',(4.064,0.762,7.2009));
#1536 = DIRECTION('',(0.,-2.044796402443E-16,1.));
#1537 = DIRECTION('',(0.,-1.,-2.044796402443E-16));
#1538 = ADVANCED_FACE('',(#1539),#1555,.T.);
#1539 = FACE_BOUND('',#1540,.T.);
#1540 = EDGE_LOOP('',(#1541,#1542,#1548,#1549));
#1541 = ORIENTED_EDGE('',*,*,#729,.T.);
#1542 = ORIENTED_EDGE('',*,*,#1543,.F.);
#1543 = EDGE_CURVE('',#860,#722,#1544,.T.);
#1544 = LINE('',#1545,#1546);
#1545 = CARTESIAN_POINT('',(4.064,5.0038,0.6731));
#1546 = VECTOR('',#1547,1.);
#1547 = DIRECTION('',(-1.,0.,0.));
#1548 = ORIENTED_EDGE('',*,*,#859,.F.);
#1549 = ORIENTED_EDGE('',*,*,#1550,.T.);
#1550 = EDGE_CURVE('',#851,#730,#1551,.T.);
#1551 = LINE('',#1552,#1553);
#1552 = CARTESIAN_POINT('',(4.064,0.762,0.6731));
#1553 = VECTOR('',#1554,1.);
#1554 = DIRECTION('',(-1.,0.,0.));
#1555 = PLANE('',#1556);
#1556 = AXIS2_PLACEMENT_3D('',#1557,#1558,#1559);
#1557 = CARTESIAN_POINT('',(4.064,0.762,0.6731));
#1558 = DIRECTION('',(0.,-2.044796402443E-16,-1.));
#1559 = DIRECTION('',(0.,1.,-2.044796402443E-16));
#1560 = ADVANCED_FACE('',(#1561),#1567,.T.);
#1561 = FACE_BOUND('',#1562,.T.);
#1562 = EDGE_LOOP('',(#1563,#1564,#1565,#1566));
#1563 = ORIENTED_EDGE('',*,*,#737,.T.);
#1564 = ORIENTED_EDGE('',*,*,#1550,.F.);
#1565 = ORIENTED_EDGE('',*,*,#850,.F.);
#1566 = ORIENTED_EDGE('',*,*,#1453,.T.);
#1567 = CYLINDRICAL_SURFACE('',#1568,0.762);
#1568 = AXIS2_PLACEMENT_3D('',#1569,#1570,#1571);
#1569 = CARTESIAN_POINT('',(4.064,0.762,1.4351));
#1570 = DIRECTION('',(-1.,0.,0.));
#1571 = DIRECTION('',(0.,0.,1.));
#1572 = ADVANCED_FACE('',(#1573),#1579,.T.);
#1573 = FACE_BOUND('',#1574,.T.);
#1574 = EDGE_LOOP('',(#1575,#1576,#1577,#1578));
#1575 = ORIENTED_EDGE('',*,*,#696,.T.);
#1576 = ORIENTED_EDGE('',*,*,#1528,.F.);
#1577 = ORIENTED_EDGE('',*,*,#801,.F.);
#1578 = ORIENTED_EDGE('',*,*,#1071,.F.);
#1579 = PLANE('',#1580);
#1580 = AXIS2_PLACEMENT_3D('',#1581,#1582,#1583);
#1581 = CARTESIAN_POINT('',(4.064,5.0038,7.2009));
#1582 = DIRECTION('',(0.,-1.,0.));
#1583 = DIRECTION('',(0.,-0.,-1.));
#1584 = ADVANCED_FACE('',(#1585),#1591,.T.);
#1585 = FACE_BOUND('',#1586,.T.);
#1586 = EDGE_LOOP('',(#1587,#1588,#1589,#1590));
#1587 = ORIENTED_EDGE('',*,*,#721,.T.);
#1588 = ORIENTED_EDGE('',*,*,#666,.F.);
#1589 = ORIENTED_EDGE('',*,*,#867,.F.);
#1590 = ORIENTED_EDGE('',*,*,#1543,.T.);
#1591 = PLANE('',#1592);
#1592 = AXIS2_PLACEMENT_3D('',#1593,#1594,#1595);
#1593 = CARTESIAN_POINT('',(4.064,5.0038,0.6731));
#1594 = DIRECTION('',(0.,-1.,-0.));
#1595 = DIRECTION('',(0.,0.,-1.));
#1596 = ADVANCED_FACE('',(#1597),#1605,.F.);
#1597 = FACE_BOUND('',#1598,.F.);
#1598 = EDGE_LOOP('',(#1599,#1600,#1601,#1602,#1603,#1604));
#1599 = ORIENTED_EDGE('',*,*,#146,.F.);
#1600 = ORIENTED_EDGE('',*,*,#195,.F.);
#1601 = ORIENTED_EDGE('',*,*,#542,.T.);
#1602 = ORIENTED_EDGE('',*,*,#598,.T.);
#1603 = ORIENTED_EDGE('',*,*,#517,.T.);
#1604 = ORIENTED_EDGE('',*,*,#209,.T.);
#1605 = TOROIDAL_SURFACE('',#1606,2.983232770002,0.417832770002);
#1606 = AXIS2_PLACEMENT_3D('',#1607,#1608,#1609);
#1607 = CARTESIAN_POINT('',(0.,9.9822,3.937));
#1608 = DIRECTION('',(-0.,1.,-0.));
#1609 = DIRECTION('',(0.,0.,1.));
#1610 = ADVANCED_FACE('',(#1611),#1623,.T.);
#1611 = FACE_BOUND('',#1612,.T.);
#1612 = EDGE_LOOP('',(#1613,#1614,#1621,#1622));
#1613 = ORIENTED_EDGE('',*,*,#138,.F.);
#1614 = ORIENTED_EDGE('',*,*,#1615,.T.);
#1615 = EDGE_CURVE('',#130,#128,#1616,.T.);
#1616 = CIRCLE('',#1617,2.5654);
#1617 = AXIS2_PLACEMENT_3D('',#1618,#1619,#1620);
#1618 = CARTESIAN_POINT('',(0.,8.89,3.937));
#1619 = DIRECTION('',(-0.,1.,0.));
#1620 = DIRECTION('',(0.,0.,1.));
#1621 = ORIENTED_EDGE('',*,*,#155,.T.);
#1622 = ORIENTED_EDGE('',*,*,#202,.F.);
#1623 = CYLINDRICAL_SURFACE('',#1624,2.5654);
#1624 = AXIS2_PLACEMENT_3D('',#1625,#1626,#1627);
#1625 = CARTESIAN_POINT('',(0.,11.176,3.937));
#1626 = DIRECTION('',(-0.,1.,-0.));
#1627 = DIRECTION('',(0.,0.,1.));
#1628 = ADVANCED_FACE('',(#1629,#1639),#1643,.F.);
#1629 = FACE_BOUND('',#1630,.T.);
#1630 = EDGE_LOOP('',(#1631,#1632));
#1631 = ORIENTED_EDGE('',*,*,#95,.T.);
#1632 = ORIENTED_EDGE('',*,*,#1633,.T.);
#1633 = EDGE_CURVE('',#96,#88,#1634,.T.);
#1634 = CIRCLE('',#1635,2.0066);
#1635 = AXIS2_PLACEMENT_3D('',#1636,#1637,#1638);
#1636 = CARTESIAN_POINT('',(6.505213034913E-16,8.89,3.937));
#1637 = DIRECTION('',(-0.,1.,0.));
#1638 = DIRECTION('',(0.,0.,1.));
#1639 = FACE_BOUND('',#1640,.T.);
#1640 = EDGE_LOOP('',(#1641,#1642));
#1641 = ORIENTED_EDGE('',*,*,#127,.F.);
#1642 = ORIENTED_EDGE('',*,*,#1615,.F.);
#1643 = PLANE('',#1644);
#1644 = AXIS2_PLACEMENT_3D('',#1645,#1646,#1647);
#1645 = CARTESIAN_POINT('',(0.,8.89,2.1844));
#1646 = DIRECTION('',(-0.,1.,0.));
#1647 = DIRECTION('',(0.,0.,1.));
#1648 = ADVANCED_FACE('',(#1649),#1655,.F.);
#1649 = FACE_BOUND('',#1650,.F.);
#1650 = EDGE_LOOP('',(#1651,#1652,#1653,#1654));
#1651 = ORIENTED_EDGE('',*,*,#1633,.T.);
#1652 = ORIENTED_EDGE('',*,*,#85,.F.);
#1653 = ORIENTED_EDGE('',*,*,#385,.T.);
#1654 = ORIENTED_EDGE('',*,*,#104,.T.);
#1655 = CONICAL_SURFACE('',#1656,2.0066,0.785398163397);
#1656 = AXIS2_PLACEMENT_3D('',#1657,#1658,#1659);
#1657 = CARTESIAN_POINT('',(6.505213034913E-16,8.89,3.937));
#1658 = DIRECTION('',(-0.,-1.,-0.));
#1659 = DIRECTION('',(0.,0.,-1.));
#1660 = ADVANCED_FACE('',(#1661),#1667,.F.);
#1661 = FACE_BOUND('',#1662,.F.);
#1662 = EDGE_LOOP('',(#1663,#1664,#1665,#1666));
#1663 = ORIENTED_EDGE('',*,*,#1266,.T.);
#1664 = ORIENTED_EDGE('',*,*,#43,.F.);
#1665 = ORIENTED_EDGE('',*,*,#431,.T.);
#1666 = ORIENTED_EDGE('',*,*,#62,.T.);
#1667 = CONICAL_SURFACE('',#1668,1.7526,0.785398163397);
#1668 = AXIS2_PLACEMENT_3D('',#1669,#1670,#1671);
#1669 = CARTESIAN_POINT('',(6.505213034913E-16,10.922,3.937));
#1670 = DIRECTION('',(0.,1.,0.));
#1671 = DIRECTION('',(0.,-0.,1.));
#1672 = ADVANCED_FACE('',(#1673),#1690,.F.);
#1673 = FACE_BOUND('',#1674,.T.);
#1674 = EDGE_LOOP('',(#1675,#1683,#1684));
#1675 = ORIENTED_EDGE('',*,*,#1676,.T.);
#1676 = EDGE_CURVE('',#1677,#320,#1679,.T.);
#1677 = VERTEX_POINT('',#1678);
#1678 = CARTESIAN_POINT('',(0.,9.398,5.2324));
#1679 = LINE('',#1680,#1681);
#1680 = CARTESIAN_POINT('',(0.,9.607911730097,5.7023));
#1681 = VECTOR('',#1682,1.);
#1682 = DIRECTION('',(0.,0.407869459826,0.913040253078));
#1683 = ORIENTED_EDGE('',*,*,#378,.T.);
#1684 = ORIENTED_EDGE('',*,*,#1685,.T.);
#1685 = EDGE_CURVE('',#285,#1677,#1686,.T.);
#1686 = LINE('',#1687,#1688);
#1687 = CARTESIAN_POINT('',(0.,9.188088269903,5.7023));
#1688 = VECTOR('',#1689,1.);
#1689 = DIRECTION('',(0.,0.407869459826,-0.913040253078));
#1690 = PLANE('',#1691);
#1691 = AXIS2_PLACEMENT_3D('',#1692,#1693,#1694);
#1692 = CARTESIAN_POINT('',(0.,9.607911730097,5.7023));
#1693 = DIRECTION('',(-1.,-0.,0.));
#1694 = DIRECTION('',(0.,0.,1.));
#1695 = ADVANCED_FACE('',(#1696),#1713,.T.);
#1696 = FACE_BOUND('',#1697,.T.);
#1697 = EDGE_LOOP('',(#1698,#1699,#1707));
#1698 = ORIENTED_EDGE('',*,*,#243,.F.);
#1699 = ORIENTED_EDGE('',*,*,#1700,.F.);
#1700 = EDGE_CURVE('',#1701,#244,#1703,.T.);
#1701 = VERTEX_POINT('',#1702);
#1702 = CARTESIAN_POINT('',(-2.007529181954E-14,10.668,5.2324));
#1703 = LINE('',#1704,#1705);
#1704 = CARTESIAN_POINT('',(-5.557973007612E-14,10.877911730097,5.7023)
  );
#1705 = VECTOR('',#1706,1.);
#1706 = DIRECTION('',(-2.874668940958E-14,0.407869459826,0.913040253078)
  );
#1707 = ORIENTED_EDGE('',*,*,#1708,.F.);
#1708 = EDGE_CURVE('',#236,#1701,#1709,.T.);
#1709 = LINE('',#1710,#1711);
#1710 = CARTESIAN_POINT('',(-5.557973007612E-14,10.458088269903,5.7023)
  );
#1711 = VECTOR('',#1712,1.);
#1712 = DIRECTION('',(2.874668940958E-14,0.407869459826,-0.913040253078)
  );
#1713 = PLANE('',#1714);
#1714 = AXIS2_PLACEMENT_3D('',#1715,#1716,#1717);
#1715 = CARTESIAN_POINT('',(-5.557973007612E-14,10.877911730097,5.7023)
  );
#1716 = DIRECTION('',(-1.,0.,-3.148458056768E-14));
#1717 = DIRECTION('',(-3.148458056768E-14,0.,1.));
#1718 = ADVANCED_FACE('',(#1719),#1755,.F.);
#1719 = FACE_BOUND('',#1720,.F.);
#1720 = EDGE_LOOP('',(#1721,#1749,#1750,#1751,#1752,#1753,#1754));
#1721 = ORIENTED_EDGE('',*,*,#1722,.T.);
#1722 = EDGE_CURVE('',#1677,#1701,#1723,.T.);
#1723 = ( BOUNDED_CURVE() B_SPLINE_CURVE(2,(#1724,#1725,#1726,#1727,
    #1728,#1729,#1730,#1731,#1732,#1733,#1734,#1735,#1736,#1737,#1738,
    #1739,#1740,#1741,#1742,#1743,#1744,#1745,#1746,#1747,#1748),
.UNSPECIFIED.,.F.,.F.) B_SPLINE_CURVE_WITH_KNOTS((3,2,2,2,2,2,2,2,2,2,2,
    2,3),(0.,8.333333333333E-02,0.166666666667,0.25,0.333333333333,
    0.416666666667,0.5,0.583333333333,0.666666666667,0.75,0.833333333333
,0.916666666667,1.),.PIECEWISE_BEZIER_KNOTS.) CURVE() 
GEOMETRIC_REPRESENTATION_ITEM() RATIONAL_B_SPLINE_CURVE((1.,
    0.866025403784,1.,0.866025403784,1.,0.866025403784,1.,0.866025403784
    ,1.,0.866025403784,1.,0.866025403784,1.,0.866025403784,1.,
    0.866025403784,1.,0.866025403784,1.,0.866025403784,1.,0.866025403784
,1.,0.866025403784,1.)) REPRESENTATION_ITEM('') );
#1724 = CARTESIAN_POINT('',(0.,9.398,5.2324));
#1725 = CARTESIAN_POINT('',(-0.747899538708,9.450916666667,5.2324));
#1726 = CARTESIAN_POINT('',(-1.121849308062,9.503833333333,4.5847));
#1727 = CARTESIAN_POINT('',(-1.495799077416,9.55675,3.937));
#1728 = CARTESIAN_POINT('',(-1.121849308062,9.609666666667,3.2893));
#1729 = CARTESIAN_POINT('',(-0.747899538708,9.662583333333,2.6416));
#1730 = CARTESIAN_POINT('',(1.142407099908E-15,9.7155,2.6416));
#1731 = CARTESIAN_POINT('',(0.747899538708,9.768416666667,2.6416));
#1732 = CARTESIAN_POINT('',(1.121849308062,9.821333333333,3.2893));
#1733 = CARTESIAN_POINT('',(1.495799077416,9.87425,3.937));
#1734 = CARTESIAN_POINT('',(1.121849308062,9.927166666667,4.5847));
#1735 = CARTESIAN_POINT('',(0.747899538708,9.980083333333,5.2324));
#1736 = CARTESIAN_POINT('',(3.172710141483E-16,10.033,5.2324));
#1737 = CARTESIAN_POINT('',(-0.747899538708,10.085916666667,5.2324));
#1738 = CARTESIAN_POINT('',(-1.121849308062,10.138833333333,4.5847));
#1739 = CARTESIAN_POINT('',(-1.495799077416,10.19175,3.937));
#1740 = CARTESIAN_POINT('',(-1.121849308062,10.244666666667,3.2893));
#1741 = CARTESIAN_POINT('',(-0.747899538708,10.297583333333,2.6416));
#1742 = CARTESIAN_POINT('',(8.251360857602E-16,10.3505,2.6416));
#1743 = CARTESIAN_POINT('',(0.747899538708,10.403416666667,2.6416));
#1744 = CARTESIAN_POINT('',(1.121849308062,10.456333333333,3.2893));
#1745 = CARTESIAN_POINT('',(1.495799077416,10.50925,3.937));
#1746 = CARTESIAN_POINT('',(1.121849308062,10.562166666667,4.5847));
#1747 = CARTESIAN_POINT('',(0.747899538708,10.615083333333,5.2324));
#1748 = CARTESIAN_POINT('',(-2.007529181954E-14,10.668,5.2324));
#1749 = ORIENTED_EDGE('',*,*,#1708,.F.);
#1750 = ORIENTED_EDGE('',*,*,#401,.F.);
#1751 = ORIENTED_EDGE('',*,*,#329,.F.);
#1752 = ORIENTED_EDGE('',*,*,#367,.F.);
#1753 = ORIENTED_EDGE('',*,*,#292,.F.);
#1754 = ORIENTED_EDGE('',*,*,#1685,.T.);
#1755 = ( BOUNDED_SURFACE() B_SPLINE_SURFACE(1,2,(
    (#1756,#1757,#1758,#1759,#1760,#1761,#1762,#1763,#1764,#1765,#1766
      ,#1767,#1768,#1769,#1770,#1771,#1772,#1773,#1774,#1775,#1776,#1777
      ,#1778,#1779,#1780)
    ,(#1781,#1782,#1783,#1784,#1785,#1786,#1787,#1788,#1789,#1790,#1791
      ,#1792,#1793,#1794,#1795,#1796,#1797,#1798,#1799,#1800,#1801,#1802
      ,#1803,#1804,#1805
)),.UNSPECIFIED.,.F.,.F.,.F.) B_SPLINE_SURFACE_WITH_KNOTS((2,2),(3,2,2,2
    ,2,2,2,2,2,2,2,2,3),(0.,1.),(0.,8.333333333333E-02,0.166666666667,
    0.25,0.333333333333,0.416666666667,0.5,0.583333333333,0.666666666667
    ,0.75,0.833333333333,0.916666666667,1.),.PIECEWISE_BEZIER_KNOTS.) 
GEOMETRIC_REPRESENTATION_ITEM() RATIONAL_B_SPLINE_SURFACE((
    (1.,0.866025403784,1.,0.866025403784,1.,0.866025403784,1.
      ,0.866025403784,1.,0.866025403784,1.,0.866025403784,1.
      ,0.866025403784,1.,0.866025403784,1.,0.866025403784,1.
      ,0.866025403784,1.,0.866025403784,1.,0.866025403784,1.)
    ,(1.,0.866025403784,1.,0.866025403784,1.,0.866025403784,1.
      ,0.866025403784,1.,0.866025403784,1.,0.866025403784,1.
      ,0.866025403784,1.,0.866025403784,1.,0.866025403784,1.
      ,0.866025403784,1.,0.866025403784,1.,0.866025403784,1.
))) REPRESENTATION_ITEM('') SURFACE() );
#1756 = CARTESIAN_POINT('',(0.,9.188088269903,5.7023));
#1757 = CARTESIAN_POINT('',(-1.0191964302,9.241004936569,5.7023));
#1758 = CARTESIAN_POINT('',(-1.528794645301,9.293921603236,4.81965));
#1759 = CARTESIAN_POINT('',(-2.038392860401,9.346838269903,3.937));
#1760 = CARTESIAN_POINT('',(-1.528794645301,9.399754936569,3.05435));
#1761 = CARTESIAN_POINT('',(-1.0191964302,9.452671603236,2.1717));
#1762 = CARTESIAN_POINT('',(1.084862847342E-15,9.505588269903,2.1717));
#1763 = CARTESIAN_POINT('',(1.0191964302,9.558504936569,2.1717));
#1764 = CARTESIAN_POINT('',(1.528794645301,9.611421603236,3.05435));
#1765 = CARTESIAN_POINT('',(2.038392860401,9.664338269903,3.937));
#1766 = CARTESIAN_POINT('',(1.528794645301,9.717254936569,4.81965));
#1767 = CARTESIAN_POINT('',(1.0191964302,9.770171603236,5.7023));
#1768 = CARTESIAN_POINT('',(0.,9.823088269903,5.7023));
#1769 = CARTESIAN_POINT('',(-1.0191964302,9.876004936569,5.7023));
#1770 = CARTESIAN_POINT('',(-1.528794645301,9.928921603236,4.81965));
#1771 = CARTESIAN_POINT('',(-2.038392860401,9.981838269903,3.937));
#1772 = CARTESIAN_POINT('',(-1.528794645301,10.034754936569,3.05435));
#1773 = CARTESIAN_POINT('',(-1.0191964302,10.087671603236,2.1717));
#1774 = CARTESIAN_POINT('',(1.084862847342E-15,10.140588269903,2.1717));
#1775 = CARTESIAN_POINT('',(1.0191964302,10.193504936569,2.1717));
#1776 = CARTESIAN_POINT('',(1.528794645301,10.246421603236,3.05435));
#1777 = CARTESIAN_POINT('',(2.038392860401,10.299338269903,3.937));
#1778 = CARTESIAN_POINT('',(1.528794645301,10.352254936569,4.81965));
#1779 = CARTESIAN_POINT('',(1.0191964302,10.405171603236,5.7023));
#1780 = CARTESIAN_POINT('',(0.,10.458088269903,5.7023));
#1781 = CARTESIAN_POINT('',(0.,9.398,5.2324));
#1782 = CARTESIAN_POINT('',(-0.747899538708,9.450916666667,5.2324));
#1783 = CARTESIAN_POINT('',(-1.121849308062,9.503833333333,4.5847));
#1784 = CARTESIAN_POINT('',(-1.495799077416,9.55675,3.937));
#1785 = CARTESIAN_POINT('',(-1.121849308062,9.609666666667,3.2893));
#1786 = CARTESIAN_POINT('',(-0.747899538708,9.662583333333,2.6416));
#1787 = CARTESIAN_POINT('',(1.142407099908E-15,9.7155,2.6416));
#1788 = CARTESIAN_POINT('',(0.747899538708,9.768416666667,2.6416));
#1789 = CARTESIAN_POINT('',(1.121849308062,9.821333333333,3.2893));
#1790 = CARTESIAN_POINT('',(1.495799077416,9.87425,3.937));
#1791 = CARTESIAN_POINT('',(1.121849308062,9.927166666667,4.5847));
#1792 = CARTESIAN_POINT('',(0.747899538708,9.980083333333,5.2324));
#1793 = CARTESIAN_POINT('',(0.,10.033,5.2324));
#1794 = CARTESIAN_POINT('',(-0.747899538708,10.085916666667,5.2324));
#1795 = CARTESIAN_POINT('',(-1.121849308062,10.138833333333,4.5847));
#1796 = CARTESIAN_POINT('',(-1.495799077416,10.19175,3.937));
#1797 = CARTESIAN_POINT('',(-1.121849308062,10.244666666667,3.2893));
#1798 = CARTESIAN_POINT('',(-0.747899538708,10.297583333333,2.6416));
#1799 = CARTESIAN_POINT('',(1.142407099908E-15,10.3505,2.6416));
#1800 = CARTESIAN_POINT('',(0.747899538708,10.403416666667,2.6416));
#1801 = CARTESIAN_POINT('',(1.121849308062,10.456333333333,3.2893));
#1802 = CARTESIAN_POINT('',(1.495799077416,10.50925,3.937));
#1803 = CARTESIAN_POINT('',(1.121849308062,10.562166666667,4.5847));
#1804 = CARTESIAN_POINT('',(0.747899538708,10.615083333333,5.2324));
#1805 = CARTESIAN_POINT('',(0.,10.668,5.2324));
#1806 = ADVANCED_FACE('',(#1807),#1816,.F.);
#1807 = FACE_BOUND('',#1808,.F.);
#1808 = EDGE_LOOP('',(#1809,#1810,#1811,#1812,#1813,#1814,#1815));
#1809 = ORIENTED_EDGE('',*,*,#1722,.F.);
#1810 = ORIENTED_EDGE('',*,*,#1676,.T.);
#1811 = ORIENTED_EDGE('',*,*,#349,.F.);
#1812 = ORIENTED_EDGE('',*,*,#412,.F.);
#1813 = ORIENTED_EDGE('',*,*,#266,.F.);
#1814 = ORIENTED_EDGE('',*,*,#439,.F.);
#1815 = ORIENTED_EDGE('',*,*,#1700,.F.);
#1816 = ( BOUNDED_SURFACE() B_SPLINE_SURFACE(1,2,(
    (#1817,#1818,#1819,#1820,#1821,#1822,#1823,#1824,#1825,#1826,#1827
      ,#1828,#1829,#1830,#1831,#1832,#1833,#1834,#1835,#1836,#1837,#1838
      ,#1839,#1840,#1841)
    ,(#1842,#1843,#1844,#1845,#1846,#1847,#1848,#1849,#1850,#1851,#1852
      ,#1853,#1854,#1855,#1856,#1857,#1858,#1859,#1860,#1861,#1862,#1863
      ,#1864,#1865,#1866
)),.UNSPECIFIED.,.F.,.F.,.F.) B_SPLINE_SURFACE_WITH_KNOTS((2,2),(3,2,2,2
    ,2,2,2,2,2,2,2,2,3),(0.,1.),(0.,8.333333333333E-02,0.166666666667,
    0.25,0.333333333333,0.416666666667,0.5,0.583333333333,0.666666666667
    ,0.75,0.833333333333,0.916666666667,1.),.PIECEWISE_BEZIER_KNOTS.) 
GEOMETRIC_REPRESENTATION_ITEM() RATIONAL_B_SPLINE_SURFACE((
    (1.,0.866025403784,1.,0.866025403784,1.,0.866025403784,1.
      ,0.866025403784,1.,0.866025403784,1.,0.866025403784,1.
      ,0.866025403784,1.,0.866025403784,1.,0.866025403784,1.
      ,0.866025403784,1.,0.866025403784,1.,0.866025403784,1.)
    ,(1.,0.866025403784,1.,0.866025403784,1.,0.866025403784,1.
      ,0.866025403784,1.,0.866025403784,1.,0.866025403784,1.
      ,0.866025403784,1.,0.866025403784,1.,0.866025403784,1.
      ,0.866025403784,1.,0.866025403784,1.,0.866025403784,1.
))) REPRESENTATION_ITEM('') SURFACE() );
#1817 = CARTESIAN_POINT('',(0.,9.398,5.2324));
#1818 = CARTESIAN_POINT('',(-0.747899538708,9.450916666667,5.2324));
#1819 = CARTESIAN_POINT('',(-1.121849308062,9.503833333333,4.5847));
#1820 = CARTESIAN_POINT('',(-1.495799077416,9.55675,3.937));
#1821 = CARTESIAN_POINT('',(-1.121849308062,9.609666666667,3.2893));
#1822 = CARTESIAN_POINT('',(-0.747899538708,9.662583333333,2.6416));
#1823 = CARTESIAN_POINT('',(1.142407099908E-15,9.7155,2.6416));
#1824 = CARTESIAN_POINT('',(0.747899538708,9.768416666667,2.6416));
#1825 = CARTESIAN_POINT('',(1.121849308062,9.821333333333,3.2893));
#1826 = CARTESIAN_POINT('',(1.495799077416,9.87425,3.937));
#1827 = CARTESIAN_POINT('',(1.121849308062,9.927166666667,4.5847));
#1828 = CARTESIAN_POINT('',(0.747899538708,9.980083333333,5.2324));
#1829 = CARTESIAN_POINT('',(0.,10.033,5.2324));
#1830 = CARTESIAN_POINT('',(-0.747899538708,10.085916666667,5.2324));
#1831 = CARTESIAN_POINT('',(-1.121849308062,10.138833333333,4.5847));
#1832 = CARTESIAN_POINT('',(-1.495799077416,10.19175,3.937));
#1833 = CARTESIAN_POINT('',(-1.121849308062,10.244666666667,3.2893));
#1834 = CARTESIAN_POINT('',(-0.747899538708,10.297583333333,2.6416));
#1835 = CARTESIAN_POINT('',(1.142407099908E-15,10.3505,2.6416));
#1836 = CARTESIAN_POINT('',(0.747899538708,10.403416666667,2.6416));
#1837 = CARTESIAN_POINT('',(1.121849308062,10.456333333333,3.2893));
#1838 = CARTESIAN_POINT('',(1.495799077416,10.50925,3.937));
#1839 = CARTESIAN_POINT('',(1.121849308062,10.562166666667,4.5847));
#1840 = CARTESIAN_POINT('',(0.747899538708,10.615083333333,5.2324));
#1841 = CARTESIAN_POINT('',(0.,10.668,5.2324));
#1842 = CARTESIAN_POINT('',(0.,9.607911730097,5.7023));
#1843 = CARTESIAN_POINT('',(-1.0191964302,9.660828396764,5.7023));
#1844 = CARTESIAN_POINT('',(-1.528794645301,9.713745063431,4.81965));
#1845 = CARTESIAN_POINT('',(-2.038392860401,9.766661730097,3.937));
#1846 = CARTESIAN_POINT('',(-1.528794645301,9.819578396764,3.05435));
#1847 = CARTESIAN_POINT('',(-1.0191964302,9.872495063431,2.1717));
#1848 = CARTESIAN_POINT('',(1.084862847342E-15,9.925411730097,2.1717));
#1849 = CARTESIAN_POINT('',(1.0191964302,9.978328396764,2.1717));
#1850 = CARTESIAN_POINT('',(1.528794645301,10.031245063431,3.05435));
#1851 = CARTESIAN_POINT('',(2.038392860401,10.084161730097,3.937));
#1852 = CARTESIAN_POINT('',(1.528794645301,10.137078396764,4.81965));
#1853 = CARTESIAN_POINT('',(1.0191964302,10.189995063431,5.7023));
#1854 = CARTESIAN_POINT('',(0.,10.242911730097,5.7023));
#1855 = CARTESIAN_POINT('',(-1.0191964302,10.295828396764,5.7023));
#1856 = CARTESIAN_POINT('',(-1.528794645301,10.348745063431,4.81965));
#1857 = CARTESIAN_POINT('',(-2.038392860401,10.401661730097,3.937));
#1858 = CARTESIAN_POINT('',(-1.528794645301,10.454578396764,3.05435));
#1859 = CARTESIAN_POINT('',(-1.0191964302,10.507495063431,2.1717));
#1860 = CARTESIAN_POINT('',(1.084862847342E-15,10.560411730097,2.1717));
#1861 = CARTESIAN_POINT('',(1.0191964302,10.613328396764,2.1717));
#1862 = CARTESIAN_POINT('',(1.528794645301,10.666245063431,3.05435));
#1863 = CARTESIAN_POINT('',(2.038392860401,10.719161730097,3.937));
#1864 = CARTESIAN_POINT('',(1.528794645301,10.772078396764,4.81965));
#1865 = CARTESIAN_POINT('',(1.0191964302,10.824995063431,5.7023));
#1866 = CARTESIAN_POINT('',(0.,10.877911730097,5.7023));
#1867 = ( GEOMETRIC_REPRESENTATION_CONTEXT(3) 
GLOBAL_UNCERTAINTY_ASSIGNED_CONTEXT((#1871)) 
GLOBAL_UNIT_ASSIGNED_CONTEXT((#1868,#1869,#1870)) REPRESENTATION_CONTEXT
('Context #1','3D Context with UNIT and UNCERTAINTY') );
#1868 = ( LENGTH_UNIT() NAMED_UNIT(*) SI_UNIT(.MILLI.,.METRE.) );
#1869 = ( NAMED_UNIT(*) PLANE_ANGLE_UNIT() SI_UNIT($,.RADIAN.) );
#1870 = ( NAMED_UNIT(*) SI_UNIT($,.STERADIAN.) SOLID_ANGLE_UNIT() );
#1871 = UNCERTAINTY_MEASURE_WITH_UNIT(LENGTH_MEASURE(2.E-06),#1868,
  'distance_accuracy_value','confusion accuracy');
#1872 = CONTEXT_DEPENDENT_SHAPE_REPRESENTATION(#1873,#1875);
#1873 = ( REPRESENTATION_RELATIONSHIP('','',#36,#10) 
REPRESENTATION_RELATIONSHIP_WITH_TRANSFORMATION(#1874) 
SHAPE_REPRESENTATION_RELATIONSHIP() );
#1874 = ITEM_DEFINED_TRANSFORMATION('','',#11,#15);
#1875 = PRODUCT_DEFINITION_SHAPE('Placement','Placement of an item',
  #1876);
#1876 = NEXT_ASSEMBLY_USAGE_OCCURRENCE('1','7770','',#5,#31,$);
#1877 = PRODUCT_RELATED_PRODUCT_CATEGORY('part',$,(#33));
#1878 = SHAPE_DEFINITION_REPRESENTATION(#1879,#1885);
#1879 = PRODUCT_DEFINITION_SHAPE('','',#1880);
#1880 = PRODUCT_DEFINITION('design','',#1881,#1884);
#1881 = PRODUCT_DEFINITION_FORMATION('','',#1882);
#1882 = PRODUCT('9191-2','9191-2','',(#1883));
#1883 = PRODUCT_CONTEXT('',#2,'mechanical');
#1884 = PRODUCT_DEFINITION_CONTEXT('part definition',#2,'design');
#1885 = ADVANCED_BREP_SHAPE_REPRESENTATION('',(#11,#1886),#6363);
#1886 = MANIFOLD_SOLID_BREP('',#1887);
#1887 = CLOSED_SHELL('',(#1888,#1921,#1938,#2046,#2077,#2118,#2192,#2275
    ,#2304,#2333,#2373,#2409,#2443,#2479,#2529,#3671,#3702,#4870,#4894,
    #4965,#4980,#4997,#5021,#5031,#5062,#5092,#5109,#5637,#5676,#5697,
    #5714,#5731,#5748,#5765,#5782,#5799,#5816,#5833,#5850,#5867,#5884,
    #5901,#5918,#5935,#5952,#5968,#5980,#6024,#6107,#6136,#6165,#6185,
    #6203,#6220,#6238,#6258,#6275,#6295,#6313,#6330,#6348));
#1888 = ADVANCED_FACE('',(#1889),#1916,.F.);
#1889 = FACE_BOUND('',#1890,.F.);
#1890 = EDGE_LOOP('',(#1891,#1902,#1910));
#1891 = ORIENTED_EDGE('',*,*,#1892,.F.);
#1892 = EDGE_CURVE('',#1893,#1895,#1897,.T.);
#1893 = VERTEX_POINT('',#1894);
#1894 = CARTESIAN_POINT('',(0.439486380438,6.8834,5.38197813903E-17));
#1895 = VERTEX_POINT('',#1896);
#1896 = CARTESIAN_POINT('',(-0.439486380438,6.8834,0.));
#1897 = CIRCLE('',#1898,0.439486380438);
#1898 = AXIS2_PLACEMENT_3D('',#1899,#1900,#1901);
#1899 = CARTESIAN_POINT('',(-2.034167508847E-15,6.8834,
    -2.579561162374E-16));
#1900 = DIRECTION('',(0.,1.,0.));
#1901 = DIRECTION('',(0.,-0.,1.));
#1902 = ORIENTED_EDGE('',*,*,#1903,.F.);
#1903 = EDGE_CURVE('',#1904,#1893,#1906,.T.);
#1904 = VERTEX_POINT('',#1905);
#1905 = CARTESIAN_POINT('',(0.,6.359640527217,0.));
#1906 = LINE('',#1907,#1908);
#1907 = CARTESIAN_POINT('',(1.632680528604,8.305393412739,
    1.99939094909E-16));
#1908 = VECTOR('',#1909,1.);
#1909 = DIRECTION('',(0.642787609687,0.766044443119,7.871617909804E-17)
  );
#1910 = ORIENTED_EDGE('',*,*,#1911,.T.);
#1911 = EDGE_CURVE('',#1904,#1895,#1912,.T.);
#1912 = LINE('',#1913,#1914);
#1913 = CARTESIAN_POINT('',(-1.632680528604,8.305393412739,0.));
#1914 = VECTOR('',#1915,1.);
#1915 = DIRECTION('',(-0.642787609687,0.766044443119,0.));
#1916 = CONICAL_SURFACE('',#1917,1.632680528604,0.698131700798);
#1917 = AXIS2_PLACEMENT_3D('',#1918,#1919,#1920);
#1918 = CARTESIAN_POINT('',(-2.034167508847E-15,8.305393412739,0.));
#1919 = DIRECTION('',(-2.449212707645E-16,1.,0.));
#1920 = DIRECTION('',(-1.,-2.449212707645E-16,-0.));
#1921 = ADVANCED_FACE('',(#1922),#1933,.F.);
#1922 = FACE_BOUND('',#1923,.F.);
#1923 = EDGE_LOOP('',(#1924,#1931,#1932));
#1924 = ORIENTED_EDGE('',*,*,#1925,.F.);
#1925 = EDGE_CURVE('',#1895,#1893,#1926,.T.);
#1926 = CIRCLE('',#1927,0.439486380438);
#1927 = AXIS2_PLACEMENT_3D('',#1928,#1929,#1930);
#1928 = CARTESIAN_POINT('',(-2.034167508847E-15,6.8834,
    -2.579561162374E-16));
#1929 = DIRECTION('',(0.,1.,0.));
#1930 = DIRECTION('',(0.,-0.,1.));
#1931 = ORIENTED_EDGE('',*,*,#1911,.F.);
#1932 = ORIENTED_EDGE('',*,*,#1903,.T.);
#1933 = CONICAL_SURFACE('',#1934,1.632680528604,0.698131700798);
#1934 = AXIS2_PLACEMENT_3D('',#1935,#1936,#1937);
#1935 = CARTESIAN_POINT('',(-2.034167508847E-15,8.305393412739,0.));
#1936 = DIRECTION('',(-2.449212707645E-16,1.,0.));
#1937 = DIRECTION('',(-1.,-2.449212707645E-16,-0.));
#1938 = ADVANCED_FACE('',(#1939,#1943),#2041,.T.);
#1939 = FACE_BOUND('',#1940,.T.);
#1940 = EDGE_LOOP('',(#1941,#1942));
#1941 = ORIENTED_EDGE('',*,*,#1925,.F.);
#1942 = ORIENTED_EDGE('',*,*,#1892,.F.);
#1943 = FACE_BOUND('',#1944,.T.);
#1944 = EDGE_LOOP('',(#1945,#1955,#1963,#1971,#1979,#1987,#1995,#2003,
    #2011,#2019,#2027,#2035));
#1945 = ORIENTED_EDGE('',*,*,#1946,.T.);
#1946 = EDGE_CURVE('',#1947,#1949,#1951,.T.);
#1947 = VERTEX_POINT('',#1948);
#1948 = CARTESIAN_POINT('',(-1.9558,6.8834,0.5461));
#1949 = VERTEX_POINT('',#1950);
#1950 = CARTESIAN_POINT('',(-0.5461,6.8834,0.5461));
#1951 = LINE('',#1952,#1953);
#1952 = CARTESIAN_POINT('',(-1.9558,6.8834,0.5461));
#1953 = VECTOR('',#1954,1.);
#1954 = DIRECTION('',(1.,0.,-2.307304048703E-16));
#1955 = ORIENTED_EDGE('',*,*,#1956,.T.);
#1956 = EDGE_CURVE('',#1949,#1957,#1959,.T.);
#1957 = VERTEX_POINT('',#1958);
#1958 = CARTESIAN_POINT('',(-0.5461,6.8834,1.9558));
#1959 = LINE('',#1960,#1961);
#1960 = CARTESIAN_POINT('',(-0.5461,6.8834,1.9558));
#1961 = VECTOR('',#1962,1.);
#1962 = DIRECTION('',(7.691013495676E-16,-0.,1.));
#1963 = ORIENTED_EDGE('',*,*,#1964,.T.);
#1964 = EDGE_CURVE('',#1957,#1965,#1967,.T.);
#1965 = VERTEX_POINT('',#1966);
#1966 = CARTESIAN_POINT('',(0.5461,6.8834,1.9558));
#1967 = LINE('',#1968,#1969);
#1968 = CARTESIAN_POINT('',(0.5461,6.8834,1.9558));
#1969 = VECTOR('',#1970,1.);
#1970 = DIRECTION('',(1.,-0.,-3.970709293117E-16));
#1971 = ORIENTED_EDGE('',*,*,#1972,.T.);
#1972 = EDGE_CURVE('',#1965,#1973,#1975,.T.);
#1973 = VERTEX_POINT('',#1974);
#1974 = CARTESIAN_POINT('',(0.5461,6.8834,0.5461));
#1975 = LINE('',#1976,#1977);
#1976 = CARTESIAN_POINT('',(0.5461,6.8834,1.9558));
#1977 = VECTOR('',#1978,1.);
#1978 = DIRECTION('',(-3.076405398271E-16,0.,-1.));
#1979 = ORIENTED_EDGE('',*,*,#1980,.T.);
#1980 = EDGE_CURVE('',#1973,#1981,#1983,.T.);
#1981 = VERTEX_POINT('',#1982);
#1982 = CARTESIAN_POINT('',(1.9558,6.8834,0.5461));
#1983 = LINE('',#1984,#1985);
#1984 = CARTESIAN_POINT('',(1.9558,6.8834,0.5461));
#1985 = VECTOR('',#1986,1.);
#1986 = DIRECTION('',(1.,-0.,-3.845506747838E-16));
#1987 = ORIENTED_EDGE('',*,*,#1988,.T.);
#1988 = EDGE_CURVE('',#1981,#1989,#1991,.T.);
#1989 = VERTEX_POINT('',#1990);
#1990 = CARTESIAN_POINT('',(1.9558,6.8834,-0.5461));
#1991 = LINE('',#1992,#1993);
#1992 = CARTESIAN_POINT('',(1.9558,6.8834,-0.5461));
#1993 = VECTOR('',#1994,1.);
#1994 = DIRECTION('',(-0.,-0.,-1.));
#1995 = ORIENTED_EDGE('',*,*,#1996,.T.);
#1996 = EDGE_CURVE('',#1989,#1997,#1999,.T.);
#1997 = VERTEX_POINT('',#1998);
#1998 = CARTESIAN_POINT('',(0.5461,6.8834,-0.5461));
#1999 = LINE('',#2000,#2001);
#2000 = CARTESIAN_POINT('',(1.9558,6.8834,-0.5461));
#2001 = VECTOR('',#2002,1.);
#2002 = DIRECTION('',(-1.,0.,2.307304048703E-16));
#2003 = ORIENTED_EDGE('',*,*,#2004,.T.);
#2004 = EDGE_CURVE('',#1997,#2005,#2007,.T.);
#2005 = VERTEX_POINT('',#2006);
#2006 = CARTESIAN_POINT('',(0.5461,6.8834,-1.9558));
#2007 = LINE('',#2008,#2009);
#2008 = CARTESIAN_POINT('',(0.5461,6.8834,-1.9558));
#2009 = VECTOR('',#2010,1.);
#2010 = DIRECTION('',(-8.460114845244E-16,-0.,-1.));
#2011 = ORIENTED_EDGE('',*,*,#2012,.T.);
#2012 = EDGE_CURVE('',#2005,#2013,#2015,.T.);
#2013 = VERTEX_POINT('',#2014);
#2014 = CARTESIAN_POINT('',(-0.5461,6.8834,-1.9558));
#2015 = LINE('',#2016,#2017);
#2016 = CARTESIAN_POINT('',(0.5461,6.8834,-1.9558));
#2017 = VECTOR('',#2018,1.);
#2018 = DIRECTION('',(-1.,0.,-1.191212787935E-15));
#2019 = ORIENTED_EDGE('',*,*,#2020,.T.);
#2020 = EDGE_CURVE('',#2013,#2021,#2023,.T.);
#2021 = VERTEX_POINT('',#2022);
#2022 = CARTESIAN_POINT('',(-0.5461,6.8834,-0.5461));
#2023 = LINE('',#2024,#2025);
#2024 = CARTESIAN_POINT('',(-0.5461,6.8834,-1.9558));
#2025 = VECTOR('',#2026,1.);
#2026 = DIRECTION('',(-4.614608097406E-16,0.,1.));
#2027 = ORIENTED_EDGE('',*,*,#2028,.T.);
#2028 = EDGE_CURVE('',#2021,#2029,#2031,.T.);
#2029 = VERTEX_POINT('',#2030);
#2030 = CARTESIAN_POINT('',(-1.9558,6.8834,-0.5461));
#2031 = LINE('',#2032,#2033);
#2032 = CARTESIAN_POINT('',(-1.9558,6.8834,-0.5461));
#2033 = VECTOR('',#2034,1.);
#2034 = DIRECTION('',(-1.,-0.,7.691013495676E-17));
#2035 = ORIENTED_EDGE('',*,*,#2036,.T.);
#2036 = EDGE_CURVE('',#2029,#1947,#2037,.T.);
#2037 = LINE('',#2038,#2039);
#2038 = CARTESIAN_POINT('',(-1.9558,6.8834,-0.5461));
#2039 = VECTOR('',#2040,1.);
#2040 = DIRECTION('',(0.,0.,1.));
#2041 = PLANE('',#2042);
#2042 = AXIS2_PLACEMENT_3D('',#2043,#2044,#2045);
#2043 = CARTESIAN_POINT('',(0.5461,6.8834,0.5461));
#2044 = DIRECTION('',(0.,1.,0.));
#2045 = DIRECTION('',(0.,-0.,1.));
#2046 = ADVANCED_FACE('',(#2047),#2072,.F.);
#2047 = FACE_BOUND('',#2048,.T.);
#2048 = EDGE_LOOP('',(#2049,#2057,#2065,#2071));
#2049 = ORIENTED_EDGE('',*,*,#2050,.T.);
#2050 = EDGE_CURVE('',#2029,#2051,#2053,.T.);
#2051 = VERTEX_POINT('',#2052);
#2052 = CARTESIAN_POINT('',(-1.9558,7.5946,-0.5461));
#2053 = LINE('',#2054,#2055);
#2054 = CARTESIAN_POINT('',(-1.9558,6.8834,-0.5461));
#2055 = VECTOR('',#2056,1.);
#2056 = DIRECTION('',(-0.,1.,-0.));
#2057 = ORIENTED_EDGE('',*,*,#2058,.T.);
#2058 = EDGE_CURVE('',#2051,#2059,#2061,.T.);
#2059 = VERTEX_POINT('',#2060);
#2060 = CARTESIAN_POINT('',(-1.9558,7.5946,0.5461));
#2061 = LINE('',#2062,#2063);
#2062 = CARTESIAN_POINT('',(-1.9558,7.5946,-0.5461));
#2063 = VECTOR('',#2064,1.);
#2064 = DIRECTION('',(0.,0.,1.));
#2065 = ORIENTED_EDGE('',*,*,#2066,.F.);
#2066 = EDGE_CURVE('',#1947,#2059,#2067,.T.);
#2067 = LINE('',#2068,#2069);
#2068 = CARTESIAN_POINT('',(-1.9558,6.8834,0.5461));
#2069 = VECTOR('',#2070,1.);
#2070 = DIRECTION('',(-0.,1.,-0.));
#2071 = ORIENTED_EDGE('',*,*,#2036,.F.);
#2072 = PLANE('',#2073);
#2073 = AXIS2_PLACEMENT_3D('',#2074,#2075,#2076);
#2074 = CARTESIAN_POINT('',(-1.9558,6.8834,-0.5461));
#2075 = DIRECTION('',(-1.,0.,0.));
#2076 = DIRECTION('',(0.,0.,1.));
#2077 = ADVANCED_FACE('',(#2078),#2113,.F.);
#2078 = FACE_BOUND('',#2079,.T.);
#2079 = EDGE_LOOP('',(#2080,#2091,#2100,#2106,#2107));
#2080 = ORIENTED_EDGE('',*,*,#2081,.T.);
#2081 = EDGE_CURVE('',#2082,#2084,#2086,.T.);
#2082 = VERTEX_POINT('',#2083);
#2083 = CARTESIAN_POINT('',(-3.438614715339,7.5946,-0.5461));
#2084 = VERTEX_POINT('',#2085);
#2085 = CARTESIAN_POINT('',(-3.481708829088,7.5946,4.26372275426E-16));
#2086 = CIRCLE('',#2087,3.481708829088);
#2087 = AXIS2_PLACEMENT_3D('',#2088,#2089,#2090);
#2088 = CARTESIAN_POINT('',(-1.555250069354E-15,7.5946,
    2.365250582959E-16));
#2089 = DIRECTION('',(-0.,1.,0.));
#2090 = DIRECTION('',(0.,0.,-1.));
#2091 = ORIENTED_EDGE('',*,*,#2092,.T.);
#2092 = EDGE_CURVE('',#2084,#2093,#2095,.T.);
#2093 = VERTEX_POINT('',#2094);
#2094 = CARTESIAN_POINT('',(-3.438614715339,7.5946,0.5461));
#2095 = CIRCLE('',#2096,3.481708829088);
#2096 = AXIS2_PLACEMENT_3D('',#2097,#2098,#2099);
#2097 = CARTESIAN_POINT('',(-1.555250069354E-15,7.5946,
    2.365250582959E-16));
#2098 = DIRECTION('',(-0.,1.,0.));
#2099 = DIRECTION('',(0.,0.,-1.));
#2100 = ORIENTED_EDGE('',*,*,#2101,.T.);
#2101 = EDGE_CURVE('',#2093,#2059,#2102,.T.);
#2102 = LINE('',#2103,#2104);
#2103 = CARTESIAN_POINT('',(-3.5814,7.5946,0.5461));
#2104 = VECTOR('',#2105,1.);
#2105 = DIRECTION('',(1.,0.,0.));
#2106 = ORIENTED_EDGE('',*,*,#2058,.F.);
#2107 = ORIENTED_EDGE('',*,*,#2108,.T.);
#2108 = EDGE_CURVE('',#2051,#2082,#2109,.T.);
#2109 = LINE('',#2110,#2111);
#2110 = CARTESIAN_POINT('',(-3.5814,7.5946,-0.5461));
#2111 = VECTOR('',#2112,1.);
#2112 = DIRECTION('',(-1.,-0.,-0.));
#2113 = PLANE('',#2114);
#2114 = AXIS2_PLACEMENT_3D('',#2115,#2116,#2117);
#2115 = CARTESIAN_POINT('',(3.5814,7.5946,-0.5461));
#2116 = DIRECTION('',(0.,-1.,0.));
#2117 = DIRECTION('',(0.,-0.,-1.));
#2118 = ADVANCED_FACE('',(#2119),#2187,.T.);
#2119 = FACE_BOUND('',#2120,.T.);
#2120 = EDGE_LOOP('',(#2121,#2122,#2130,#2139,#2147,#2156,#2168,#2177));
#2121 = ORIENTED_EDGE('',*,*,#2092,.F.);
#2122 = ORIENTED_EDGE('',*,*,#2123,.T.);
#2123 = EDGE_CURVE('',#2084,#2124,#2126,.T.);
#2124 = VERTEX_POINT('',#2125);
#2125 = CARTESIAN_POINT('',(-3.5814,6.35,4.385805195579E-16));
#2126 = LINE('',#2127,#2128);
#2127 = CARTESIAN_POINT('',(-3.5814,6.35,4.385805195579E-16));
#2128 = VECTOR('',#2129,1.);
#2129 = DIRECTION('',(-7.984324286829E-02,-0.996807432039,
    9.777654252629E-18));
#2130 = ORIENTED_EDGE('',*,*,#2131,.F.);
#2131 = EDGE_CURVE('',#2132,#2124,#2134,.T.);
#2132 = VERTEX_POINT('',#2133);
#2133 = CARTESIAN_POINT('',(3.5814,6.35,0.));
#2134 = CIRCLE('',#2135,3.5814);
#2135 = AXIS2_PLACEMENT_3D('',#2136,#2137,#2138);
#2136 = CARTESIAN_POINT('',(-1.555250069354E-15,6.35,0.));
#2137 = DIRECTION('',(2.449212707645E-16,-1.,-0.));
#2138 = DIRECTION('',(1.,2.449212707645E-16,0.));
#2139 = ORIENTED_EDGE('',*,*,#2140,.F.);
#2140 = EDGE_CURVE('',#2141,#2132,#2143,.T.);
#2141 = VERTEX_POINT('',#2142);
#2142 = CARTESIAN_POINT('',(3.481708829088,7.5946,0.));
#2143 = LINE('',#2144,#2145);
#2144 = CARTESIAN_POINT('',(3.5814,6.35,0.));
#2145 = VECTOR('',#2146,1.);
#2146 = DIRECTION('',(7.984324286829E-02,-0.996807432039,0.));
#2147 = ORIENTED_EDGE('',*,*,#2148,.F.);
#2148 = EDGE_CURVE('',#2149,#2141,#2151,.T.);
#2149 = VERTEX_POINT('',#2150);
#2150 = CARTESIAN_POINT('',(3.438614715339,7.5946,0.5461));
#2151 = CIRCLE('',#2152,3.481708829088);
#2152 = AXIS2_PLACEMENT_3D('',#2153,#2154,#2155);
#2153 = CARTESIAN_POINT('',(-1.555250069354E-15,7.5946,
    2.365250582959E-16));
#2154 = DIRECTION('',(-0.,1.,0.));
#2155 = DIRECTION('',(1.42108547152E-14,0.,-1.));
#2156 = ORIENTED_EDGE('',*,*,#2157,.T.);
#2157 = EDGE_CURVE('',#2149,#2158,#2160,.T.);
#2158 = VERTEX_POINT('',#2159);
#2159 = CARTESIAN_POINT('',(3.424482215647,7.768845314314,0.5461));
#2160 = B_SPLINE_CURVE_WITH_KNOTS('',3,(#2161,#2162,#2163,#2164,#2165,
    #2166,#2167),.UNSPECIFIED.,.F.,.F.,(4,3,4),(6.278519464355E-03,
    6.426642420065E-03,6.453336959489E-03),.UNSPECIFIED.);
#2161 = CARTESIAN_POINT('',(3.438614715339,7.5946,0.5461));
#2162 = CARTESIAN_POINT('',(3.43462342514,7.643812731856,0.5461));
#2163 = CARTESIAN_POINT('',(3.430631965101,7.693025449937,0.5461));
#2164 = CARTESIAN_POINT('',(3.426640333434,7.742238154098,0.5461));
#2165 = CARTESIAN_POINT('',(3.425920966417,7.751107207956,0.5461));
#2166 = CARTESIAN_POINT('',(3.425201593824,7.759976261362,0.5461));
#2167 = CARTESIAN_POINT('',(3.424482215647,7.768845314314,0.5461));
#2168 = ORIENTED_EDGE('',*,*,#2169,.T.);
#2169 = EDGE_CURVE('',#2158,#2170,#2172,.T.);
#2170 = VERTEX_POINT('',#2171);
#2171 = CARTESIAN_POINT('',(-3.424482215647,7.768845314314,0.5461));
#2172 = CIRCLE('',#2173,3.467751959885);
#2173 = AXIS2_PLACEMENT_3D('',#2174,#2175,#2176);
#2174 = CARTESIAN_POINT('',(-1.902755466755E-15,7.768845314314,0.));
#2175 = DIRECTION('',(2.449212707645E-16,-1.,-0.));
#2176 = DIRECTION('',(1.,2.449212707645E-16,0.));
#2177 = ORIENTED_EDGE('',*,*,#2178,.T.);
#2178 = EDGE_CURVE('',#2170,#2093,#2179,.T.);
#2179 = B_SPLINE_CURVE_WITH_KNOTS('',3,(#2180,#2181,#2182,#2183,#2184,
    #2185,#2186),.UNSPECIFIED.,.F.,.F.,(4,3,4),(6.399947929236E-03,
    6.42664246855E-03,6.574765423666E-03),.UNSPECIFIED.);
#2180 = CARTESIAN_POINT('',(-3.424482215647,7.768845314314,0.5461));
#2181 = CARTESIAN_POINT('',(-3.425201593824,7.759976261362,0.5461));
#2182 = CARTESIAN_POINT('',(-3.425920966417,7.751107207956,0.5461));
#2183 = CARTESIAN_POINT('',(-3.426640333434,7.742238154098,0.5461));
#2184 = CARTESIAN_POINT('',(-3.430631965101,7.693025449937,0.5461));
#2185 = CARTESIAN_POINT('',(-3.43462342514,7.643812731856,0.5461));
#2186 = CARTESIAN_POINT('',(-3.438614715339,7.5946,0.5461));
#2187 = CONICAL_SURFACE('',#2188,3.5814,7.992831985019E-02);
#2188 = AXIS2_PLACEMENT_3D('',#2189,#2190,#2191);
#2189 = CARTESIAN_POINT('',(-1.555250069354E-15,6.35,0.));
#2190 = DIRECTION('',(2.449212707645E-16,-1.,-0.));
#2191 = DIRECTION('',(1.,2.449212707645E-16,0.));
#2192 = ADVANCED_FACE('',(#2193),#2265,.F.);
#2193 = FACE_BOUND('',#2194,.F.);
#2194 = EDGE_LOOP('',(#2195,#2206,#2216,#2227,#2237,#2246,#2255,#2256));
#2195 = ORIENTED_EDGE('',*,*,#2196,.F.);
#2196 = EDGE_CURVE('',#2197,#2199,#2201,.T.);
#2197 = VERTEX_POINT('',#2198);
#2198 = CARTESIAN_POINT('',(-0.5461,8.305393412739,1.538642420604));
#2199 = VERTEX_POINT('',#2200);
#2200 = CARTESIAN_POINT('',(-1.538642420604,8.305393412739,0.5461));
#2201 = CIRCLE('',#2202,1.632680528604);
#2202 = AXIS2_PLACEMENT_3D('',#2203,#2204,#2205);
#2203 = CARTESIAN_POINT('',(-2.034167508847E-15,8.305393412739,0.));
#2204 = DIRECTION('',(2.449212707645E-16,-1.,-0.));
#2205 = DIRECTION('',(1.,2.449212707645E-16,0.));
#2206 = ORIENTED_EDGE('',*,*,#2207,.T.);
#2207 = EDGE_CURVE('',#2197,#2208,#2210,.T.);
#2208 = VERTEX_POINT('',#2209);
#2209 = CARTESIAN_POINT('',(-0.5461,8.223328530371,1.9558));
#2210 = B_SPLINE_CURVE_WITH_KNOTS('',3,(#2211,#2212,#2213,#2214,#2215),
  .UNSPECIFIED.,.F.,.F.,(4,1,4),(2.45536890835E-04,4.580352983436E-04,
    6.705337058521E-04),.QUASI_UNIFORM_KNOTS.);
#2211 = CARTESIAN_POINT('',(-0.5461,8.305393412739,1.538642420604));
#2212 = CARTESIAN_POINT('',(-0.5461,8.293304011666,1.608526064238));
#2213 = CARTESIAN_POINT('',(-0.5461,8.267533586295,1.747935173586));
#2214 = CARTESIAN_POINT('',(-0.5461,8.23859130213,1.886630489768));
#2215 = CARTESIAN_POINT('',(-0.5461,8.223328530371,1.9558));
#2216 = ORIENTED_EDGE('',*,*,#2217,.T.);
#2217 = EDGE_CURVE('',#2208,#2218,#2220,.T.);
#2218 = VERTEX_POINT('',#2219);
#2219 = CARTESIAN_POINT('',(0.5461,8.223328530373,1.9558));
#2220 = B_SPLINE_CURVE_WITH_KNOTS('',3,(#2221,#2222,#2223,#2224,#2225,
    #2226),.UNSPECIFIED.,.F.,.F.,(4,2,4),(5.659104146044E-02,
    5.713599775451E-02,5.768095404858E-02),.UNSPECIFIED.);
#2221 = CARTESIAN_POINT('',(-0.5461,8.223328530371,1.9558));
#2222 = CARTESIAN_POINT('',(-0.365114265939,8.234479452616,1.9558));
#2223 = CARTESIAN_POINT('',(-0.183222605738,8.240135099876,1.9558));
#2224 = CARTESIAN_POINT('',(0.182422726205,8.240151582391,1.9558));
#2225 = CARTESIAN_POINT('',(0.364560821348,8.234513551534,1.9558));
#2226 = CARTESIAN_POINT('',(0.5461,8.223328530373,1.9558));
#2227 = ORIENTED_EDGE('',*,*,#2228,.T.);
#2228 = EDGE_CURVE('',#2218,#2229,#2231,.T.);
#2229 = VERTEX_POINT('',#2230);
#2230 = CARTESIAN_POINT('',(0.5461,8.305393412739,1.538642420604));
#2231 = B_SPLINE_CURVE_WITH_KNOTS('',3,(#2232,#2233,#2234,#2235,#2236),
  .UNSPECIFIED.,.F.,.F.,(4,1,4),(5.788769612379E-02,5.809992098732E-02,
    5.831214585086E-02),.QUASI_UNIFORM_KNOTS.);
#2232 = CARTESIAN_POINT('',(0.5461,8.223328530373,1.9558));
#2233 = CARTESIAN_POINT('',(0.5461,8.238604210307,1.88657199107));
#2234 = CARTESIAN_POINT('',(0.5461,8.267556708718,1.747817595381));
#2235 = CARTESIAN_POINT('',(0.5461,8.2933142367,1.6084669577));
#2236 = CARTESIAN_POINT('',(0.5461,8.305393412739,1.538642420604));
#2237 = ORIENTED_EDGE('',*,*,#2238,.F.);
#2238 = EDGE_CURVE('',#2239,#2229,#2241,.T.);
#2239 = VERTEX_POINT('',#2240);
#2240 = CARTESIAN_POINT('',(1.538642420604,8.305393412739,0.5461));
#2241 = CIRCLE('',#2242,1.632680528604);
#2242 = AXIS2_PLACEMENT_3D('',#2243,#2244,#2245);
#2243 = CARTESIAN_POINT('',(-2.034167508847E-15,8.305393412739,0.));
#2244 = DIRECTION('',(2.449212707645E-16,-1.,-0.));
#2245 = DIRECTION('',(1.,2.449212707645E-16,0.));
#2246 = ORIENTED_EDGE('',*,*,#2247,.T.);
#2247 = EDGE_CURVE('',#2239,#2158,#2248,.T.);
#2248 = B_SPLINE_CURVE_WITH_KNOTS('',3,(#2249,#2250,#2251,#2252,#2253,
    #2254),.UNSPECIFIED.,.F.,.F.,(4,2,4),(2.45536890835E-04,
    1.228248826626E-03,2.210960762417E-03),.UNSPECIFIED.);
#2249 = CARTESIAN_POINT('',(1.538642420604,8.305393412739,0.5461));
#2250 = CARTESIAN_POINT('',(1.861823622386,8.249485235026,0.5461));
#2251 = CARTESIAN_POINT('',(2.181186404131,8.176609272048,0.5461));
#2252 = CARTESIAN_POINT('',(2.812285152066,7.996966321187,0.5461));
#2253 = CARTESIAN_POINT('',(3.122663026268,7.890445377676,0.5461));
#2254 = CARTESIAN_POINT('',(3.424482215647,7.768845314314,0.5461));
#2255 = ORIENTED_EDGE('',*,*,#2169,.T.);
#2256 = ORIENTED_EDGE('',*,*,#2257,.T.);
#2257 = EDGE_CURVE('',#2170,#2199,#2258,.T.);
#2258 = B_SPLINE_CURVE_WITH_KNOTS('',3,(#2259,#2260,#2261,#2262,#2263,
    #2264),.UNSPECIFIED.,.F.,.F.,(4,2,4),(5.633853943993E-02,
    5.73253426454E-02,5.831214585086E-02),.UNSPECIFIED.);
#2259 = CARTESIAN_POINT('',(-3.424482215647,7.768845314314,0.5461));
#2260 = CARTESIAN_POINT('',(-3.122977551465,7.890318658484,0.5461));
#2261 = CARTESIAN_POINT('',(-2.814954787403,7.996070564639,0.5461));
#2262 = CARTESIAN_POINT('',(-2.185605327845,8.17548574111,0.5461));
#2263 = CARTESIAN_POINT('',(-1.863312564705,8.249227658003,0.5461));
#2264 = CARTESIAN_POINT('',(-1.538642420604,8.305393412739,0.5461));
#2265 = SURFACE_OF_REVOLUTION('',#2266,#2272);
#2266 = B_SPLINE_CURVE_WITH_KNOTS('',4,(#2267,#2268,#2269,#2270,#2271),
  .UNSPECIFIED.,.F.,.F.,(5,5),(4.325021320208,4.530843904971),
  .PIECEWISE_BEZIER_KNOTS.);
#2267 = CARTESIAN_POINT('',(-3.467751959885,7.768845314314,0.));
#2268 = CARTESIAN_POINT('',(-3.024409024067,7.949720860874,0.));
#2269 = CARTESIAN_POINT('',(-2.568654385226,8.100180449496,0.));
#2270 = CARTESIAN_POINT('',(-2.103631893539,8.218942652482,0.));
#2271 = CARTESIAN_POINT('',(-1.632680528604,8.305393412739,0.));
#2272 = AXIS1_PLACEMENT('',#2273,#2274);
#2273 = CARTESIAN_POINT('',(2.100641709191E-16,-0.847175834747,0.));
#2274 = DIRECTION('',(2.449212707645E-16,-1.,-0.));
#2275 = ADVANCED_FACE('',(#2276),#2299,.F.);
#2276 = FACE_BOUND('',#2277,.F.);
#2277 = EDGE_LOOP('',(#2278,#2279,#2290));
#2278 = ORIENTED_EDGE('',*,*,#2238,.T.);
#2279 = ORIENTED_EDGE('',*,*,#2280,.T.);
#2280 = EDGE_CURVE('',#2229,#2281,#2283,.T.);
#2281 = VERTEX_POINT('',#2282);
#2282 = CARTESIAN_POINT('',(0.5461,7.280034241761,0.5461));
#2283 = B_SPLINE_CURVE_WITH_KNOTS('',3,(#2284,#2285,#2286,#2287,#2288,
    #2289),.UNSPECIFIED.,.F.,.F.,(4,2,4),(1.423218411335E-03,
    2.136697049872E-03,2.85017568841E-03),.UNSPECIFIED.);
#2284 = CARTESIAN_POINT('',(0.5461,8.305393412739,1.538642420604));
#2285 = CARTESIAN_POINT('',(0.5461,8.127693769327,1.380421612597));
#2286 = CARTESIAN_POINT('',(0.5461,7.951152695106,1.220974747909));
#2287 = CARTESIAN_POINT('',(0.5461,7.605329726238,0.894398986522));
#2288 = CARTESIAN_POINT('',(0.5461,7.434281198177,0.729139630906));
#2289 = CARTESIAN_POINT('',(0.5461,7.280034241761,0.5461));
#2290 = ORIENTED_EDGE('',*,*,#2291,.T.);
#2291 = EDGE_CURVE('',#2281,#2239,#2292,.T.);
#2292 = B_SPLINE_CURVE_WITH_KNOTS('',3,(#2293,#2294,#2295,#2296,#2297,
    #2298),.UNSPECIFIED.,.F.,.F.,(4,2,4),(1.214792321748E-03,
    1.930774402901E-03,2.646756484055E-03),.UNSPECIFIED.);
#2293 = CARTESIAN_POINT('',(0.5461,7.280034241761,0.5461));
#2294 = CARTESIAN_POINT('',(0.727832841395,7.433179970516,0.5461));
#2295 = CARTESIAN_POINT('',(0.893590058366,7.604491578545,0.5461));
#2296 = CARTESIAN_POINT('',(1.220715111478,7.950859361013,0.5461));
#2297 = CARTESIAN_POINT('',(1.380308769899,8.127567034371,0.5461));
#2298 = CARTESIAN_POINT('',(1.538642420604,8.305393412739,0.5461));
#2299 = CONICAL_SURFACE('',#2300,1.632680528604,0.698131700798);
#2300 = AXIS2_PLACEMENT_3D('',#2301,#2302,#2303);
#2301 = CARTESIAN_POINT('',(-2.034167508847E-15,8.305393412739,0.));
#2302 = DIRECTION('',(-2.449212707645E-16,1.,0.));
#2303 = DIRECTION('',(-1.,-2.449212707645E-16,-0.));
#2304 = ADVANCED_FACE('',(#2305),#2328,.F.);
#2305 = FACE_BOUND('',#2306,.F.);
#2306 = EDGE_LOOP('',(#2307,#2318,#2319));
#2307 = ORIENTED_EDGE('',*,*,#2308,.T.);
#2308 = EDGE_CURVE('',#2309,#2197,#2311,.T.);
#2309 = VERTEX_POINT('',#2310);
#2310 = CARTESIAN_POINT('',(-0.5461,7.280034241761,0.5461));
#2311 = B_SPLINE_CURVE_WITH_KNOTS('',3,(#2312,#2313,#2314,#2315,#2316,
    #2317),.UNSPECIFIED.,.F.,.F.,(4,2,4),(1.214792321748E-03,
    1.930774402901E-03,2.646756484055E-03),.UNSPECIFIED.);
#2312 = CARTESIAN_POINT('',(-0.5461,7.280034241761,0.5461));
#2313 = CARTESIAN_POINT('',(-0.5461,7.433179970516,0.727832841395));
#2314 = CARTESIAN_POINT('',(-0.5461,7.604491578545,0.893590058366));
#2315 = CARTESIAN_POINT('',(-0.5461,7.950859361013,1.220715111478));
#2316 = CARTESIAN_POINT('',(-0.5461,8.127567034371,1.380308769899));
#2317 = CARTESIAN_POINT('',(-0.5461,8.305393412739,1.538642420604));
#2318 = ORIENTED_EDGE('',*,*,#2196,.T.);
#2319 = ORIENTED_EDGE('',*,*,#2320,.T.);
#2320 = EDGE_CURVE('',#2199,#2309,#2321,.T.);
#2321 = B_SPLINE_CURVE_WITH_KNOTS('',3,(#2322,#2323,#2324,#2325,#2326,
    #2327),.UNSPECIFIED.,.F.,.F.,(4,2,4),(1.423218411335E-03,
    2.136697049872E-03,2.85017568841E-03),.UNSPECIFIED.);
#2322 = CARTESIAN_POINT('',(-1.538642420604,8.305393412739,0.5461));
#2323 = CARTESIAN_POINT('',(-1.380421612597,8.127693769327,0.5461));
#2324 = CARTESIAN_POINT('',(-1.220974747909,7.951152695106,0.5461));
#2325 = CARTESIAN_POINT('',(-0.894398986522,7.605329726238,0.5461));
#2326 = CARTESIAN_POINT('',(-0.729139630906,7.434281198177,0.5461));
#2327 = CARTESIAN_POINT('',(-0.5461,7.280034241761,0.5461));
#2328 = CONICAL_SURFACE('',#2329,1.632680528604,0.698131700798);
#2329 = AXIS2_PLACEMENT_3D('',#2330,#2331,#2332);
#2330 = CARTESIAN_POINT('',(-2.034167508847E-15,8.305393412739,0.));
#2331 = DIRECTION('',(-2.449212707645E-16,1.,0.));
#2332 = DIRECTION('',(-1.,-2.449212707645E-16,-0.));
#2333 = ADVANCED_FACE('',(#2334),#2368,.F.);
#2334 = FACE_BOUND('',#2335,.T.);
#2335 = EDGE_LOOP('',(#2336,#2337,#2346,#2354,#2362));
#2336 = ORIENTED_EDGE('',*,*,#2148,.T.);
#2337 = ORIENTED_EDGE('',*,*,#2338,.T.);
#2338 = EDGE_CURVE('',#2141,#2339,#2341,.T.);
#2339 = VERTEX_POINT('',#2340);
#2340 = CARTESIAN_POINT('',(3.438614715339,7.5946,-0.5461));
#2341 = CIRCLE('',#2342,3.481708829088);
#2342 = AXIS2_PLACEMENT_3D('',#2343,#2344,#2345);
#2343 = CARTESIAN_POINT('',(-1.555250069354E-15,7.5946,
    2.365250582959E-16));
#2344 = DIRECTION('',(-0.,1.,0.));
#2345 = DIRECTION('',(1.33226762955E-14,0.,-1.));
#2346 = ORIENTED_EDGE('',*,*,#2347,.T.);
#2347 = EDGE_CURVE('',#2339,#2348,#2350,.T.);
#2348 = VERTEX_POINT('',#2349);
#2349 = CARTESIAN_POINT('',(1.9558,7.5946,-0.5461));
#2350 = LINE('',#2351,#2352);
#2351 = CARTESIAN_POINT('',(-3.5814,7.5946,-0.5461));
#2352 = VECTOR('',#2353,1.);
#2353 = DIRECTION('',(-1.,-0.,-0.));
#2354 = ORIENTED_EDGE('',*,*,#2355,.F.);
#2355 = EDGE_CURVE('',#2356,#2348,#2358,.T.);
#2356 = VERTEX_POINT('',#2357);
#2357 = CARTESIAN_POINT('',(1.9558,7.5946,0.5461));
#2358 = LINE('',#2359,#2360);
#2359 = CARTESIAN_POINT('',(1.9558,7.5946,-0.5461));
#2360 = VECTOR('',#2361,1.);
#2361 = DIRECTION('',(0.,0.,-1.));
#2362 = ORIENTED_EDGE('',*,*,#2363,.T.);
#2363 = EDGE_CURVE('',#2356,#2149,#2364,.T.);
#2364 = LINE('',#2365,#2366);
#2365 = CARTESIAN_POINT('',(-3.5814,7.5946,0.5461));
#2366 = VECTOR('',#2367,1.);
#2367 = DIRECTION('',(1.,0.,0.));
#2368 = PLANE('',#2369);
#2369 = AXIS2_PLACEMENT_3D('',#2370,#2371,#2372);
#2370 = CARTESIAN_POINT('',(3.5814,7.5946,-0.5461));
#2371 = DIRECTION('',(0.,-1.,0.));
#2372 = DIRECTION('',(0.,-0.,-1.));
#2373 = ADVANCED_FACE('',(#2374,#2384),#2404,.T.);
#2374 = FACE_BOUND('',#2375,.T.);
#2375 = EDGE_LOOP('',(#2376,#2377));
#2376 = ORIENTED_EDGE('',*,*,#2131,.T.);
#2377 = ORIENTED_EDGE('',*,*,#2378,.T.);
#2378 = EDGE_CURVE('',#2124,#2132,#2379,.T.);
#2379 = CIRCLE('',#2380,3.5814);
#2380 = AXIS2_PLACEMENT_3D('',#2381,#2382,#2383);
#2381 = CARTESIAN_POINT('',(-1.555250069354E-15,6.35,0.));
#2382 = DIRECTION('',(2.449212707645E-16,-1.,-0.));
#2383 = DIRECTION('',(1.,2.449212707645E-16,0.));
#2384 = FACE_BOUND('',#2385,.T.);
#2385 = EDGE_LOOP('',(#2386,#2397));
#2386 = ORIENTED_EDGE('',*,*,#2387,.F.);
#2387 = EDGE_CURVE('',#2388,#2390,#2392,.T.);
#2388 = VERTEX_POINT('',#2389);
#2389 = CARTESIAN_POINT('',(2.921,6.35,0.));
#2390 = VERTEX_POINT('',#2391);
#2391 = CARTESIAN_POINT('',(-2.921,6.35,3.577075159515E-16));
#2392 = CIRCLE('',#2393,2.921);
#2393 = AXIS2_PLACEMENT_3D('',#2394,#2395,#2396);
#2394 = CARTESIAN_POINT('',(-1.555250069354E-15,6.35,0.));
#2395 = DIRECTION('',(2.449212707645E-16,-1.,-0.));
#2396 = DIRECTION('',(1.,2.449212707645E-16,0.));
#2397 = ORIENTED_EDGE('',*,*,#2398,.F.);
#2398 = EDGE_CURVE('',#2390,#2388,#2399,.T.);
#2399 = CIRCLE('',#2400,2.921);
#2400 = AXIS2_PLACEMENT_3D('',#2401,#2402,#2403);
#2401 = CARTESIAN_POINT('',(-1.555250069354E-15,6.35,0.));
#2402 = DIRECTION('',(2.449212707645E-16,-1.,-0.));
#2403 = DIRECTION('',(1.,2.449212707645E-16,0.));
#2404 = PLANE('',#2405);
#2405 = AXIS2_PLACEMENT_3D('',#2406,#2407,#2408);
#2406 = CARTESIAN_POINT('',(2.921,6.35,0.));
#2407 = DIRECTION('',(2.449212707645E-16,-1.,-0.));
#2408 = DIRECTION('',(1.,2.449212707645E-16,0.));
#2409 = ADVANCED_FACE('',(#2410),#2438,.F.);
#2410 = FACE_BOUND('',#2411,.F.);
#2411 = EDGE_LOOP('',(#2412,#2421,#2422,#2431));
#2412 = ORIENTED_EDGE('',*,*,#2413,.T.);
#2413 = EDGE_CURVE('',#2414,#2388,#2416,.T.);
#2414 = VERTEX_POINT('',#2415);
#2415 = CARTESIAN_POINT('',(2.398202588147,6.7056,0.));
#2416 = CIRCLE('',#2417,0.580061937295);
#2417 = AXIS2_PLACEMENT_3D('',#2418,#2419,#2420);
#2418 = CARTESIAN_POINT('',(2.386074209711,6.125664871271,0.));
#2419 = DIRECTION('',(0.,0.,-1.));
#2420 = DIRECTION('',(-1.,0.,0.));
#2421 = ORIENTED_EDGE('',*,*,#2398,.F.);
#2422 = ORIENTED_EDGE('',*,*,#2423,.F.);
#2423 = EDGE_CURVE('',#2424,#2390,#2426,.T.);
#2424 = VERTEX_POINT('',#2425);
#2425 = CARTESIAN_POINT('',(-2.398202588147,6.7056,3.256964643357E-16));
#2426 = CIRCLE('',#2427,0.580061937295);
#2427 = AXIS2_PLACEMENT_3D('',#2428,#2429,#2430);
#2428 = CARTESIAN_POINT('',(-2.386074209711,6.125664871271,
    2.922001637904E-16));
#2429 = DIRECTION('',(1.224606353822E-16,2.999321443644E-32,1.));
#2430 = DIRECTION('',(1.,0.,-1.224606353822E-16));
#2431 = ORIENTED_EDGE('',*,*,#2432,.T.);
#2432 = EDGE_CURVE('',#2424,#2414,#2433,.T.);
#2433 = CIRCLE('',#2434,2.398202588147);
#2434 = AXIS2_PLACEMENT_3D('',#2435,#2436,#2437);
#2435 = CARTESIAN_POINT('',(-1.642344073238E-15,6.7056,0.));
#2436 = DIRECTION('',(2.449212707645E-16,-1.,-0.));
#2437 = DIRECTION('',(1.,2.449212707645E-16,0.));
#2438 = TOROIDAL_SURFACE('',#2439,2.386074209711,0.580061937295);
#2439 = AXIS2_PLACEMENT_3D('',#2440,#2441,#2442);
#2440 = CARTESIAN_POINT('',(-1.301042606983E-15,6.125664871271,0.));
#2441 = DIRECTION('',(2.449212707645E-16,-1.,-0.));
#2442 = DIRECTION('',(1.,2.449212707645E-16,0.));
#2443 = ADVANCED_FACE('',(#2444,#2454),#2474,.T.);
#2444 = FACE_BOUND('',#2445,.T.);
#2445 = EDGE_LOOP('',(#2446,#2453));
#2446 = ORIENTED_EDGE('',*,*,#2447,.T.);
#2447 = EDGE_CURVE('',#2414,#2424,#2448,.T.);
#2448 = CIRCLE('',#2449,2.398202588147);
#2449 = AXIS2_PLACEMENT_3D('',#2450,#2451,#2452);
#2450 = CARTESIAN_POINT('',(-1.642344073238E-15,6.7056,0.));
#2451 = DIRECTION('',(2.449212707645E-16,-1.,-0.));
#2452 = DIRECTION('',(1.,2.449212707645E-16,0.));
#2453 = ORIENTED_EDGE('',*,*,#2432,.T.);
#2454 = FACE_BOUND('',#2455,.T.);
#2455 = EDGE_LOOP('',(#2456,#2467));
#2456 = ORIENTED_EDGE('',*,*,#2457,.F.);
#2457 = EDGE_CURVE('',#2458,#2460,#2462,.T.);
#2458 = VERTEX_POINT('',#2459);
#2459 = CARTESIAN_POINT('',(1.2954,6.7056,0.));
#2460 = VERTEX_POINT('',#2461);
#2461 = CARTESIAN_POINT('',(-1.2954,6.7056,1.586355070742E-16));
#2462 = CIRCLE('',#2463,1.2954);
#2463 = AXIS2_PLACEMENT_3D('',#2464,#2465,#2466);
#2464 = CARTESIAN_POINT('',(-1.642344073238E-15,6.7056,0.));
#2465 = DIRECTION('',(2.449212707645E-16,-1.,-0.));
#2466 = DIRECTION('',(1.,2.449212707645E-16,0.));
#2467 = ORIENTED_EDGE('',*,*,#2468,.F.);
#2468 = EDGE_CURVE('',#2460,#2458,#2469,.T.);
#2469 = CIRCLE('',#2470,1.2954);
#2470 = AXIS2_PLACEMENT_3D('',#2471,#2472,#2473);
#2471 = CARTESIAN_POINT('',(-1.642344073238E-15,6.7056,0.));
#2472 = DIRECTION('',(2.449212707645E-16,-1.,-0.));
#2473 = DIRECTION('',(1.,2.449212707645E-16,0.));
#2474 = PLANE('',#2475);
#2475 = AXIS2_PLACEMENT_3D('',#2476,#2477,#2478);
#2476 = CARTESIAN_POINT('',(2.398202588147,6.7056,0.));
#2477 = DIRECTION('',(2.449212707645E-16,-1.,-0.));
#2478 = DIRECTION('',(1.,2.449212707645E-16,0.));
#2479 = ADVANCED_FACE('',(#2480),#2524,.T.);
#2480 = FACE_BOUND('',#2481,.T.);
#2481 = EDGE_LOOP('',(#2482,#2490,#2491,#2499));
#2482 = ORIENTED_EDGE('',*,*,#2483,.F.);
#2483 = EDGE_CURVE('',#2460,#2484,#2486,.T.);
#2484 = VERTEX_POINT('',#2485);
#2485 = CARTESIAN_POINT('',(-1.2954,5.773323932684,4.716279450312E-15));
#2486 = LINE('',#2487,#2488);
#2487 = CARTESIAN_POINT('',(-1.2954,-3.172710141483E-16,
    1.586355070742E-16));
#2488 = VECTOR('',#2489,1.);
#2489 = DIRECTION('',(2.449212707645E-16,-1.,-0.));
#2490 = ORIENTED_EDGE('',*,*,#2468,.T.);
#2491 = ORIENTED_EDGE('',*,*,#2492,.T.);
#2492 = EDGE_CURVE('',#2458,#2493,#2495,.T.);
#2493 = VERTEX_POINT('',#2494);
#2494 = CARTESIAN_POINT('',(1.2954,5.999727969831,-7.932294144447E-13));
#2495 = LINE('',#2496,#2497);
#2496 = CARTESIAN_POINT('',(1.2954,3.172710141483E-16,0.));
#2497 = VECTOR('',#2498,1.);
#2498 = DIRECTION('',(2.449212707645E-16,-1.,-0.));
#2499 = ORIENTED_EDGE('',*,*,#2500,.T.);
#2500 = EDGE_CURVE('',#2493,#2484,#2501,.T.);
#2501 = B_SPLINE_CURVE_WITH_KNOTS('',3,(#2502,#2503,#2504,#2505,#2506,
    #2507,#2508,#2509,#2510,#2511,#2512,#2513,#2514,#2515,#2516,#2517,
    #2518,#2519,#2520,#2521,#2522,#2523),.UNSPECIFIED.,.F.,.F.,(4,2,2,2,
    2,2,2,2,2,2,4),(2.028603032546E-03,2.282135447089E-03,
    2.535667861632E-03,3.042732690718E-03,3.549797519803E-03,
    3.803329934346E-03,4.056862348889E-03,4.563927177975E-03,
    5.07099200706E-03,5.578056836146E-03,6.085121665232E-03),
  .UNSPECIFIED.);
#2502 = CARTESIAN_POINT('',(1.2954,5.999727969831,-7.932294144447E-13));
#2503 = CARTESIAN_POINT('',(1.2954,5.995230709831,-8.449738968892E-02));
#2504 = CARTESIAN_POINT('',(1.286947531465,5.99065542194,-0.170311836316
    ));
#2505 = CARTESIAN_POINT('',(1.25379873844,5.981239657915,-0.336494864476
    ));
#2506 = CARTESIAN_POINT('',(1.229299286529,5.97633829997,-0.417230659862
    ));
#2507 = CARTESIAN_POINT('',(1.131927246625,5.961569968098,
    -0.652372490152));
#2508 = CARTESIAN_POINT('',(1.036782098724,5.952082740963,
    -0.795217322774));
#2509 = CARTESIAN_POINT('',(0.794984153892,5.933763180056,
    -1.036960898845));
#2510 = CARTESIAN_POINT('',(0.652259067304,5.924948941174,-1.13204448999
    ));
#2511 = CARTESIAN_POINT('',(0.416600714276,5.910263453363,
    -1.229524855143));
#2512 = CARTESIAN_POINT('',(0.335825311113,5.905342721155,
    -1.253969468883));
#2513 = CARTESIAN_POINT('',(0.169882841956,5.895638324198,
    -1.286995683164));
#2514 = CARTESIAN_POINT('',(8.400939027827E-02,5.890818771546,
    -1.295437012328));
#2515 = CARTESIAN_POINT('',(-0.169725161292,5.876952938289,
    -1.295325600719));
#2516 = CARTESIAN_POINT('',(-0.340125775636,5.868185400861,
    -1.261293437427));
#2517 = CARTESIAN_POINT('',(-0.651950663868,5.849432304857,
    -1.132036664791));
#2518 = CARTESIAN_POINT('',(-0.796520660214,5.839159104085,
    -1.035443630626));
#2519 = CARTESIAN_POINT('',(-1.035390561788,5.820220655967,
    -0.796589642735));
#2520 = CARTESIAN_POINT('',(-1.131820642901,5.811331601145,
    -0.652527613887));
#2521 = CARTESIAN_POINT('',(-1.261634540508,5.793072616936,
    -0.339247020297));
#2522 = CARTESIAN_POINT('',(-1.2954,5.783113291708,-0.170681761664));
#2523 = CARTESIAN_POINT('',(-1.2954,5.773323932684,4.716279450312E-15));
#2524 = CYLINDRICAL_SURFACE('',#2525,1.2954);
#2525 = AXIS2_PLACEMENT_3D('',#2526,#2527,#2528);
#2526 = CARTESIAN_POINT('',(0.,0.,0.));
#2527 = DIRECTION('',(2.449212707645E-16,-1.,-0.));
#2528 = DIRECTION('',(1.,2.449212707645E-16,0.));
#2529 = ADVANCED_FACE('',(#2530),#3150,.F.);
#2530 = FACE_BOUND('',#2531,.F.);
#2531 = EDGE_LOOP('',(#2532,#2533,#2562,#2587,#2616,#2641,#2668,#2695,
    #2722,#2751,#2778,#2805,#2832,#2859,#2886,#2913,#2940,#2967,#2984,
    #2992,#3127,#3135));
#2532 = ORIENTED_EDGE('',*,*,#2500,.T.);
#2533 = ORIENTED_EDGE('',*,*,#2534,.T.);
#2534 = EDGE_CURVE('',#2484,#2535,#2537,.T.);
#2535 = VERTEX_POINT('',#2536);
#2536 = CARTESIAN_POINT('',(1.2954,5.502144527684,1.870523863839E-11));
#2537 = B_SPLINE_CURVE_WITH_KNOTS('',3,(#2538,#2539,#2540,#2541,#2542,
    #2543,#2544,#2545,#2546,#2547,#2548,#2549,#2550,#2551,#2552,#2553,
    #2554,#2555,#2556,#2557,#2558,#2559,#2560,#2561),.UNSPECIFIED.,.F.,
  .F.,(4,2,2,2,2,2,2,2,2,2,2,4),(6.085121665232E-03,6.592494897175E-03,
    6.846181513146E-03,7.099868129117E-03,7.60724136106E-03,
    8.114614593003E-03,8.621987824945E-03,8.875674440917E-03,
    9.129361056888E-03,9.636734288831E-03,9.890420904802E-03,
    1.014410752077E-02),.UNSPECIFIED.);
#2538 = CARTESIAN_POINT('',(-1.2954,5.773323932684,4.716279450312E-15));
#2539 = CARTESIAN_POINT('',(-1.2954,5.763528619656,0.170785572341));
#2540 = CARTESIAN_POINT('',(-1.261768684918,5.754433476195,
    0.339146129417));
#2541 = CARTESIAN_POINT('',(-1.163833625279,5.740833322163,
    0.575158448173));
#2542 = CARTESIAN_POINT('',(-1.123923732679,5.736350650921,
    0.649626845186));
#2543 = CARTESIAN_POINT('',(-1.029876610196,5.726949746671,
    0.790299792886));
#2544 = CARTESIAN_POINT('',(-0.975078861188,5.721935448899,0.85700103387
    ));
#2545 = CARTESIAN_POINT('',(-0.795311803729,5.707197008921,1.03644290012
    ));
#2546 = CARTESIAN_POINT('',(-0.650724932432,5.697597512012,
    1.132763052398));
#2547 = CARTESIAN_POINT('',(-0.338480356986,5.679498509719,
    1.261755173757));
#2548 = CARTESIAN_POINT('',(-0.167664838304,5.671399832582,
    1.295553694865));
#2549 = CARTESIAN_POINT('',(0.170031418673,5.649116323429,1.295245224252
    ));
#2550 = CARTESIAN_POINT('',(0.339958024153,5.635092072463,1.261403544898
    ));
#2551 = CARTESIAN_POINT('',(0.574476101237,5.614752340924,1.164130864389
    ));
#2552 = CARTESIAN_POINT('',(0.650412118405,5.607940706194,1.123455435307
    ));
#2553 = CARTESIAN_POINT('',(0.790722022777,5.594737356469,1.029537139487
    ));
#2554 = CARTESIAN_POINT('',(0.855981010502,5.588272585704,0.976018365689
    ));
#2555 = CARTESIAN_POINT('',(1.036616231681,5.56833642492,0.795301622168)
  );
#2556 = CARTESIAN_POINT('',(1.13176980199,5.55443502735,0.652804547218)
  );
#2557 = CARTESIAN_POINT('',(1.229464637259,5.534347076443,0.416805399583
    ));
#2558 = CARTESIAN_POINT('',(1.253903313359,5.527876228023,0.336033170332
    ));
#2559 = CARTESIAN_POINT('',(1.286916466687,5.515032786784,0.170404866673
    ));
#2560 = CARTESIAN_POINT('',(1.295399999999,5.508592189771,
    8.463556796361E-02));
#2561 = CARTESIAN_POINT('',(1.2954,5.502144527684,1.870523863839E-11));
#2562 = ORIENTED_EDGE('',*,*,#2563,.T.);
#2563 = EDGE_CURVE('',#2535,#2564,#2566,.T.);
#2564 = VERTEX_POINT('',#2565);
#2565 = CARTESIAN_POINT('',(-1.2954,5.183877380492,8.554355140911E-14));
#2566 = B_SPLINE_CURVE_WITH_KNOTS('',3,(#2567,#2568,#2569,#2570,#2571,
    #2572,#2573,#2574,#2575,#2576,#2577,#2578,#2579,#2580,#2581,#2582,
    #2583,#2584,#2585,#2586),.UNSPECIFIED.,.F.,.F.,(4,2,2,2,2,2,2,2,2,4)
  ,(1.014410752077E-02,1.065200599952E-02,1.115990447827E-02,
    1.166780295701E-02,1.192175219639E-02,1.217570143576E-02,
    1.26835999145E-02,1.319149839325E-02,1.3699396872E-02,
    1.420729535074E-02),.UNSPECIFIED.);
#2567 = CARTESIAN_POINT('',(1.2954,5.502144527684,1.870523863839E-11));
#2568 = CARTESIAN_POINT('',(1.295400000002,5.489235853914,
    -0.169446370033));
#2569 = CARTESIAN_POINT('',(1.261458000098,5.475363499104,
    -0.339552213071));
#2570 = CARTESIAN_POINT('',(1.132268543431,5.448375963446,
    -0.651567292742));
#2571 = CARTESIAN_POINT('',(1.035640704665,5.435281776713,
    -0.796254481526));
#2572 = CARTESIAN_POINT('',(0.796921920175,5.409753711967,
    -1.035127200713));
#2573 = CARTESIAN_POINT('',(0.652602287854,5.396443485009,
    -1.131729521471));
#2574 = CARTESIAN_POINT('',(0.418118754527,5.376004150415,
    -1.228982482008));
#2575 = CARTESIAN_POINT('',(0.335553342082,5.369113341284,
    -1.254040371808));
#2576 = CARTESIAN_POINT('',(0.169659740322,5.355810722895,
    -1.287023260093));
#2577 = CARTESIAN_POINT('',(8.56306933758E-02,5.349334093989,
    -1.295366270622));
#2578 = CARTESIAN_POINT('',(-0.169726049714,5.329914761245,
    -1.29546715547));
#2579 = CARTESIAN_POINT('',(-0.338052927634,5.317348826232,
    -1.262117324333));
#2580 = CARTESIAN_POINT('',(-0.653566205267,5.290024320263,
    -1.131402288134));
#2581 = CARTESIAN_POINT('',(-0.796311635729,5.276333617532,
    -1.035722271819));
#2582 = CARTESIAN_POINT('',(-1.036131902371,5.2501439221,-0.795778566203
    ));
#2583 = CARTESIAN_POINT('',(-1.132297780399,5.237620200807,
    -0.651543473007));
#2584 = CARTESIAN_POINT('',(-1.261533800546,5.211254938632,
    -0.339322311079));
#2585 = CARTESIAN_POINT('',(-1.2954,5.197152217522,-0.168784608404));
#2586 = CARTESIAN_POINT('',(-1.2954,5.183877380492,8.554355140911E-14));
#2587 = ORIENTED_EDGE('',*,*,#2588,.T.);
#2588 = EDGE_CURVE('',#2564,#2589,#2591,.T.);
#2589 = VERTEX_POINT('',#2590);
#2590 = CARTESIAN_POINT('',(1.2954,4.867275,9.014633801793E-15));
#2591 = B_SPLINE_CURVE_WITH_KNOTS('',3,(#2592,#2593,#2594,#2595,#2596,
    #2597,#2598,#2599,#2600,#2601,#2602,#2603,#2604,#2605,#2606,#2607,
    #2608,#2609,#2610,#2611,#2612,#2613,#2614,#2615),.UNSPECIFIED.,.F.,
  .F.,(4,2,2,2,2,2,2,2,2,2,2,4),(1.420729535074E-02,1.471516430634E-02,
    1.496909878413E-02,1.522303326193E-02,1.573090221753E-02,
    1.623877117312E-02,1.649270565092E-02,1.674664012871E-02,
    1.725450908431E-02,1.77623780399E-02,1.80163125177E-02,
    1.82702469955E-02),.UNSPECIFIED.);
#2592 = CARTESIAN_POINT('',(-1.2954,5.183877380492,8.554355140911E-14));
#2593 = CARTESIAN_POINT('',(-1.2954,5.170603315103,0.168774797283));
#2594 = CARTESIAN_POINT('',(-1.261568228077,5.157856028944,
    0.339284467751));
#2595 = CARTESIAN_POINT('',(-1.164513358398,5.13852886162,0.573691201039
    ));
#2596 = CARTESIAN_POINT('',(-1.123831817041,5.131827994482,
    0.649789001402));
#2597 = CARTESIAN_POINT('',(-1.029734910818,5.118284694216,
    0.790487009875));
#2598 = CARTESIAN_POINT('',(-0.976217242215,5.111476065509,
    0.855733250357));
#2599 = CARTESIAN_POINT('',(-0.796020733175,5.091107030513,
    1.035994937928));
#2600 = CARTESIAN_POINT('',(-0.653644171417,5.078218472675,
    1.131415885749));
#2601 = CARTESIAN_POINT('',(-0.337381355944,5.05234365315,1.262349567281
    ));
#2602 = CARTESIAN_POINT('',(-0.169173120729,5.039202763876,
    1.295480607761));
#2603 = CARTESIAN_POINT('',(8.551072743347E-02,5.018696707523,
    1.295359476346));
#2604 = CARTESIAN_POINT('',(0.169484908633,5.011958274608,1.287053770664
    ));
#2605 = CARTESIAN_POINT('',(0.335603159265,4.998637208433,1.254034713366
    ));
#2606 = CARTESIAN_POINT('',(0.418153139164,4.99202056465,1.228965265156)
  );
#2607 = CARTESIAN_POINT('',(0.652417614914,4.972735836334,1.131812024481
    ));
#2608 = CARTESIAN_POINT('',(0.796931362106,4.959981044644,1.03510326477)
  );
#2609 = CARTESIAN_POINT('',(1.035520142444,4.932976973756,0.796389602668
    ));
#2610 = CARTESIAN_POINT('',(1.132123224824,4.919124010318,0.651859506545
    ));
#2611 = CARTESIAN_POINT('',(1.229134467053,4.899552334034,0.417648518514
    ));
#2612 = CARTESIAN_POINT('',(1.25416940364,4.893054685001,0.335115445563)
  );
#2613 = CARTESIAN_POINT('',(1.287140238066,4.880242208691,0.168858705534
    ));
#2614 = CARTESIAN_POINT('',(1.2954,4.87389519309,8.485563125865E-02));
#2615 = CARTESIAN_POINT('',(1.2954,4.867275,9.014633801793E-15));
#2616 = ORIENTED_EDGE('',*,*,#2617,.T.);
#2617 = EDGE_CURVE('',#2589,#2618,#2620,.T.);
#2618 = VERTEX_POINT('',#2619);
#2619 = CARTESIAN_POINT('',(-1.2954,4.548889500807,1.963490134371E-13));
#2620 = B_SPLINE_CURVE_WITH_KNOTS('',3,(#2621,#2622,#2623,#2624,#2625,
    #2626,#2627,#2628,#2629,#2630,#2631,#2632,#2633,#2634,#2635,#2636,
    #2637,#2638,#2639,#2640),.UNSPECIFIED.,.F.,.F.,(4,2,2,2,2,2,2,2,2,4)
  ,(1.82702469955E-02,1.877800400699E-02,1.928576101848E-02,
    1.953963952423E-02,1.979351802998E-02,2.030127504147E-02,
    2.080903205296E-02,2.131678906446E-02,2.182454607595E-02,
    2.233230308744E-02),.UNSPECIFIED.);
#2621 = CARTESIAN_POINT('',(1.2954,4.867275,9.014633801793E-15));
#2622 = CARTESIAN_POINT('',(1.2954,4.854037532256,-0.169673854886));
#2623 = CARTESIAN_POINT('',(1.262154883255,4.84011902134,-0.337983028731
    ));
#2624 = CARTESIAN_POINT('',(1.131318616268,4.813237397288,
    -0.653747401921));
#2625 = CARTESIAN_POINT('',(1.035876735433,4.800681253589,
    -0.796204085004));
#2626 = CARTESIAN_POINT('',(0.855419339506,4.781246721214,
    -0.976498342342));
#2627 = CARTESIAN_POINT('',(0.790140771645,4.774692358959,
    -1.029995829955));
#2628 = CARTESIAN_POINT('',(0.649512358368,4.76115950883,-1.123987342041
    ));
#2629 = CARTESIAN_POINT('',(0.573434194282,4.754200259594,
    -1.164639385608));
#2630 = CARTESIAN_POINT('',(0.339027649505,4.733928560099,
    -1.261635235558));
#2631 = CARTESIAN_POINT('',(0.16863890541,4.720858963595,-1.295419580837
    ));
#2632 = CARTESIAN_POINT('',(-0.168939591838,4.695340672167,
    -1.295380401714));
#2633 = CARTESIAN_POINT('',(-0.339505910048,4.682007923057,
    -1.261467789023));
#2634 = CARTESIAN_POINT('',(-0.65149070692,4.654820464308,
    -1.132309632785));
#2635 = CARTESIAN_POINT('',(-0.795724182424,4.64137577702,
    -1.036150976466));
#2636 = CARTESIAN_POINT('',(-1.035506982755,4.615598035605,
    -0.796562056083));
#2637 = CARTESIAN_POINT('',(-1.131338655379,4.602993011449,
    -0.65361876875));
#2638 = CARTESIAN_POINT('',(-1.261956244049,4.575705308194,
    -0.338542591299));
#2639 = CARTESIAN_POINT('',(-1.2954,4.56203960777,-0.170330011902));
#2640 = CARTESIAN_POINT('',(-1.2954,4.548889500807,1.963490134371E-13));
#2641 = ORIENTED_EDGE('',*,*,#2642,.T.);
#2642 = EDGE_CURVE('',#2618,#2643,#2645,.T.);
#2643 = VERTEX_POINT('',#2644);
#2644 = CARTESIAN_POINT('',(1.2954,4.232131126795,-6.025453573588E-14));
#2645 = B_SPLINE_CURVE_WITH_KNOTS('',3,(#2646,#2647,#2648,#2649,#2650,
    #2651,#2652,#2653,#2654,#2655,#2656,#2657,#2658,#2659,#2660,#2661,
    #2662,#2663,#2664,#2665,#2666,#2667),.UNSPECIFIED.,.F.,.F.,(4,2,2,2,
    2,2,2,2,2,2,4),(2.233230308744E-02,2.258622053754E-02,
    2.284013798763E-02,2.334797288782E-02,2.3855807788E-02,
    2.436364268819E-02,2.461756013828E-02,2.487147758837E-02,
    2.537931248856E-02,2.588714738875E-02,2.639498228893E-02),
  .UNSPECIFIED.);
#2646 = CARTESIAN_POINT('',(-1.2954,4.548889500807,1.963490134371E-13));
#2647 = CARTESIAN_POINT('',(-1.2954,4.542313438728,8.517807005631E-02));
#2648 = CARTESIAN_POINT('',(-1.28707848497,4.535951915998,0.169227054861
    ));
#2649 = CARTESIAN_POINT('',(-1.254165022366,4.523170229458,
    0.335080466818));
#2650 = CARTESIAN_POINT('',(-1.22914259905,4.516680768676,0.417658223721
    ));
#2651 = CARTESIAN_POINT('',(-1.131909533319,4.496863066724,0.65231664929
    ));
#2652 = CARTESIAN_POINT('',(-1.03543852096,4.482790268127,0.796510661244
    ));
#2653 = CARTESIAN_POINT('',(-0.796710646363,4.456234172163,
    1.035284651743));
#2654 = CARTESIAN_POINT('',(-0.65206194479,4.443474033904,1.131982553633
    ));
#2655 = CARTESIAN_POINT('',(-0.340119013177,4.417749783014,
    1.261304221212));
#2656 = CARTESIAN_POINT('',(-0.169942793116,4.403874295864,
    1.295313128328));
#2657 = CARTESIAN_POINT('',(8.397617649374E-02,4.383581388761,
    1.295443180969));
#2658 = CARTESIAN_POINT('',(0.169834969614,4.376820149559,1.286998533186
    ));
#2659 = CARTESIAN_POINT('',(0.335676467279,4.363765729306,1.254005761806
    ));
#2660 = CARTESIAN_POINT('',(0.416514594734,4.357403787438,1.229564545828
    ));
#2661 = CARTESIAN_POINT('',(0.652589844529,4.33809153653,1.131899525025)
  );
#2662 = CARTESIAN_POINT('',(0.795295219379,4.32494881625,1.036666480234)
  );
#2663 = CARTESIAN_POINT('',(1.036596948285,4.297473635112,0.795385845998
    ));
#2664 = CARTESIAN_POINT('',(1.131972137444,4.284143240956,0.652262586519
    ));
#2665 = CARTESIAN_POINT('',(1.26170839245,4.258357318388,0.338968042954)
  );
#2666 = CARTESIAN_POINT('',(1.2954,4.245642788279,0.168878933618));
#2667 = CARTESIAN_POINT('',(1.2954,4.232131126795,-6.025453573588E-14));
#2668 = ORIENTED_EDGE('',*,*,#2669,.T.);
#2669 = EDGE_CURVE('',#2643,#2670,#2672,.T.);
#2670 = VERTEX_POINT('',#2671);
#2671 = CARTESIAN_POINT('',(-1.2954,3.914072064277,1.425590331547E-12));
#2672 = B_SPLINE_CURVE_WITH_KNOTS('',3,(#2673,#2674,#2675,#2676,#2677,
    #2678,#2679,#2680,#2681,#2682,#2683,#2684,#2685,#2686,#2687,#2688,
    #2689,#2690,#2691,#2692,#2693,#2694),.UNSPECIFIED.,.F.,.F.,(4,2,2,2,
    2,2,2,2,2,2,4),(2.639498228893E-02,2.690289027197E-02,
    2.7410798255E-02,2.766475224652E-02,2.791870623804E-02,
    2.842661422107E-02,2.89345222041E-02,2.918847619562E-02,
    2.944243018714E-02,2.995033817017E-02,3.045824615321E-02),
  .UNSPECIFIED.);
#2673 = CARTESIAN_POINT('',(1.2954,4.232131126795,-6.025453573588E-14));
#2674 = CARTESIAN_POINT('',(1.2954,4.218617520839,-0.168903237095));
#2675 = CARTESIAN_POINT('',(1.26147487515,4.204758923334,-0.339470347349
    ));
#2676 = CARTESIAN_POINT('',(1.132343957574,4.17869184437,-0.651426234589
    ));
#2677 = CARTESIAN_POINT('',(1.035874040238,4.166130548287,
    -0.796018610106));
#2678 = CARTESIAN_POINT('',(0.856498638205,4.146335095364,
    -0.975513257968));
#2679 = CARTESIAN_POINT('',(0.789803579952,4.139401821849,
    -1.030257219879));
#2680 = CARTESIAN_POINT('',(0.649084941001,4.125777258442,
    -1.124236795956));
#2681 = CARTESIAN_POINT('',(0.574666103653,4.11903619577,-1.164065415436
    ));
#2682 = CARTESIAN_POINT('',(0.339056398039,4.098974777717,
    -1.261750754847));
#2683 = CARTESIAN_POINT('',(0.170889603577,4.08641337728,-1.295418783057
    ));
#2684 = CARTESIAN_POINT('',(-0.17117424867,4.060353993214,
    -1.295381201307));
#2685 = CARTESIAN_POINT('',(-0.33938611418,4.046629838821,
    -1.261620476737));
#2686 = CARTESIAN_POINT('',(-0.574564013034,4.026285318294,
    -1.164104529405));
#2687 = CARTESIAN_POINT('',(-0.648984993262,4.019672250231,
    -1.124303748953));
#2688 = CARTESIAN_POINT('',(-0.789907808623,4.006588684081,
    -1.030187407837));
#2689 = CARTESIAN_POINT('',(-0.856574390715,4.000089844839,
    -0.975441557474));
#2690 = CARTESIAN_POINT('',(-1.035816801138,3.980921164307,
    -0.796067679271));
#2691 = CARTESIAN_POINT('',(-1.132335327995,3.967587266066,
    -0.651427066138));
#2692 = CARTESIAN_POINT('',(-1.26143855981,3.940411756478,-0.33957808726
    ));
#2693 = CARTESIAN_POINT('',(-1.2954,3.926928992462,-0.169071461787));
#2694 = CARTESIAN_POINT('',(-1.2954,3.914072064277,1.425590331547E-12));
#2695 = ORIENTED_EDGE('',*,*,#2696,.T.);
#2696 = EDGE_CURVE('',#2670,#2697,#2699,.T.);
#2697 = VERTEX_POINT('',#2698);
#2698 = CARTESIAN_POINT('',(1.2954,3.596831666476,3.130633773052E-15));
#2699 = B_SPLINE_CURVE_WITH_KNOTS('',3,(#2700,#2701,#2702,#2703,#2704,
    #2705,#2706,#2707,#2708,#2709,#2710,#2711,#2712,#2713,#2714,#2715,
    #2716,#2717,#2718,#2719,#2720,#2721),.UNSPECIFIED.,.F.,.F.,(4,2,2,2,
    2,2,2,2,2,2,4),(3.045824615321E-02,3.071215466057E-02,
    3.096606316793E-02,3.147388018265E-02,3.198169719738E-02,
    3.223560570474E-02,3.24895142121E-02,3.299733122683E-02,
    3.350514824155E-02,3.401296525627E-02,3.4520782271E-02),
  .UNSPECIFIED.);
#2700 = CARTESIAN_POINT('',(-1.2954,3.914072064277,1.425590331547E-12));
#2701 = CARTESIAN_POINT('',(-1.2954,3.907644751548,8.452059021481E-02));
#2702 = CARTESIAN_POINT('',(-1.286937727612,3.90119829098,0.170373120257
    ));
#2703 = CARTESIAN_POINT('',(-1.253794335028,3.888291564596,
    0.336504799831));
#2704 = CARTESIAN_POINT('',(-1.229292921486,3.881739021038,
    0.417257286402));
#2705 = CARTESIAN_POINT('',(-1.131864503282,3.86136741279,0.652501483291
    ));
#2706 = CARTESIAN_POINT('',(-1.036821698847,3.847705226016,0.79518786341
    ));
#2707 = CARTESIAN_POINT('',(-0.794867796785,3.821292906721,1.03706709472
    ));
#2708 = CARTESIAN_POINT('',(-0.6521642588,3.808922455671,1.132091232753)
  );
#2709 = CARTESIAN_POINT('',(-0.416574645685,3.789028532925,
    1.229531874132));
#2710 = CARTESIAN_POINT('',(-0.335808920528,3.782246617601,
    1.253974525885));
#2711 = CARTESIAN_POINT('',(-0.169846355926,3.768621887838,
    1.287001149204));
#2712 = CARTESIAN_POINT('',(-8.39909255731E-02,3.761732696824,
    1.295436557005));
#2713 = CARTESIAN_POINT('',(0.169667677912,3.741784163618,1.295326520336
    ));
#2714 = CARTESIAN_POINT('',(0.340103006634,3.729041460919,1.261301677138
    ));
#2715 = CARTESIAN_POINT('',(0.651957735687,3.703322744361,1.132034931771
    ));
#2716 = CARTESIAN_POINT('',(0.796520943597,3.689418536757,1.035441798136
    ));
#2717 = CARTESIAN_POINT('',(1.035378396014,3.662425039572,0.796603356748
    ));
#2718 = CARTESIAN_POINT('',(1.131796195744,3.649382954837,0.652577369685
    ));
#2719 = CARTESIAN_POINT('',(1.261638296689,3.623744548285,0.339247196673
    ));
#2720 = CARTESIAN_POINT('',(1.2954,3.610573593581,0.170672600592));
#2721 = CARTESIAN_POINT('',(1.2954,3.596831666476,3.130633773052E-15));
#2722 = ORIENTED_EDGE('',*,*,#2723,.T.);
#2723 = EDGE_CURVE('',#2697,#2724,#2726,.T.);
#2724 = VERTEX_POINT('',#2725);
#2725 = CARTESIAN_POINT('',(-1.2954,3.27936118265,-1.876615724795E-11));
#2726 = B_SPLINE_CURVE_WITH_KNOTS('',3,(#2727,#2728,#2729,#2730,#2731,
    #2732,#2733,#2734,#2735,#2736,#2737,#2738,#2739,#2740,#2741,#2742,
    #2743,#2744,#2745,#2746,#2747,#2748,#2749,#2750),.UNSPECIFIED.,.F.,
  .F.,(4,2,2,2,2,2,2,2,2,2,2,4),(3.4520782271E-02,3.502854451995E-02,
    3.528242564443E-02,3.553630676891E-02,3.604406901787E-02,
    3.655183126683E-02,3.705959351578E-02,3.731347464026E-02,
    3.756735576474E-02,3.80751180137E-02,3.832899913818E-02,
    3.858288026266E-02),.UNSPECIFIED.);
#2727 = CARTESIAN_POINT('',(1.2954,3.596831666476,3.130633773052E-15));
#2728 = CARTESIAN_POINT('',(1.2954,3.583091221375,-0.170654194325));
#2729 = CARTESIAN_POINT('',(1.261834848616,3.569798842767,
    -0.338844433588));
#2730 = CARTESIAN_POINT('',(1.164038663782,3.550380898615,
    -0.574735193859));
#2731 = CARTESIAN_POINT('',(1.124181024634,3.544072728272,
    -0.649174298962));
#2732 = CARTESIAN_POINT('',(1.030257684961,3.531190476133,
    -0.789797030356));
#2733 = CARTESIAN_POINT('',(0.975526832041,3.524491127766,
    -0.856485712554));
#2734 = CARTESIAN_POINT('',(0.795976767792,3.50418114485,-1.035914575868
    ));
#2735 = CARTESIAN_POINT('',(0.651610928492,3.49035285482,-1.132235202766
    ));
#2736 = CARTESIAN_POINT('',(0.339708627694,3.464289725335,
    -1.261408500361));
#2737 = CARTESIAN_POINT('',(0.169073577105,3.451714792056,
    -1.295366642841));
#2738 = CARTESIAN_POINT('',(-0.168562041562,3.425375115203,
    -1.29543330666));
#2739 = CARTESIAN_POINT('',(-0.338694517576,3.411306676548,
    -1.261753076399));
#2740 = CARTESIAN_POINT('',(-0.57340482076,3.391327995911,
    -1.164661531106));
#2741 = CARTESIAN_POINT('',(-0.649475826932,3.384712255774,
    -1.12400436757));
#2742 = CARTESIAN_POINT('',(-0.790020786048,3.371857917215,
    -1.030083407156));
#2743 = CARTESIAN_POINT('',(-0.855358754937,3.365548357113,
    -0.976565856571));
#2744 = CARTESIAN_POINT('',(-1.036157411652,3.34607856984,
    -0.795909684417));
#2745 = CARTESIAN_POINT('',(-1.131493767393,3.332363690835,
    -0.653337820643));
#2746 = CARTESIAN_POINT('',(-1.229380176145,3.311926615968,
    -0.417075971359));
#2747 = CARTESIAN_POINT('',(-1.25385011717,3.30530908948,-0.336241843743
    ));
#2748 = CARTESIAN_POINT('',(-1.286901496409,3.29226289494,
    -0.170538067159));
#2749 = CARTESIAN_POINT('',(-1.295399999999,3.285766183835,
    -8.473104338796E-02));
#2750 = CARTESIAN_POINT('',(-1.2954,3.27936118265,-1.876615724795E-11));
#2751 = ORIENTED_EDGE('',*,*,#2752,.T.);
#2752 = EDGE_CURVE('',#2724,#2753,#2755,.T.);
#2753 = VERTEX_POINT('',#2754);
#2754 = CARTESIAN_POINT('',(1.2954,2.961542668332,-1.647987302178E-14));
#2755 = B_SPLINE_CURVE_WITH_KNOTS('',3,(#2756,#2757,#2758,#2759,#2760,
    #2761,#2762,#2763,#2764,#2765,#2766,#2767,#2768,#2769,#2770,#2771,
    #2772,#2773,#2774,#2775,#2776,#2777),.UNSPECIFIED.,.F.,.F.,(4,2,2,2,
    2,2,2,2,2,2,4),(3.858288026266E-02,3.909077212119E-02,
    3.959866397971E-02,4.010655583824E-02,4.036050176751E-02,
    4.061444769677E-02,4.11223395553E-02,4.163023141383E-02,
    4.188417734309E-02,4.213812327236E-02,4.264601513088E-02),
  .UNSPECIFIED.);
#2756 = CARTESIAN_POINT('',(-1.2954,3.27936118265,-1.876615724795E-11));
#2757 = CARTESIAN_POINT('',(-1.295400000002,3.266547910446,
    0.169505343004));
#2758 = CARTESIAN_POINT('',(-1.26144878617,3.2532508855,0.339592396815)
  );
#2759 = CARTESIAN_POINT('',(-1.132237489017,3.226058317881,
    0.651624358483));
#2760 = CARTESIAN_POINT('',(-1.035623800456,3.212567835314,
    0.796272126228));
#2761 = CARTESIAN_POINT('',(-0.796933230012,3.186889193605,
    1.035115153972));
#2762 = CARTESIAN_POINT('',(-0.65253788724,3.174149908385,1.131760434626
    ));
#2763 = CARTESIAN_POINT('',(-0.418109768654,3.153846103829,
    1.228984107006));
#2764 = CARTESIAN_POINT('',(-0.335547563106,3.146884908174,
    1.254042739716));
#2765 = CARTESIAN_POINT('',(-0.169629598587,3.133366512502,
    1.287028033659));
#2766 = CARTESIAN_POINT('',(-8.561999826767E-02,3.126750190008,
    1.295363819529));
#2767 = CARTESIAN_POINT('',(0.169592520467,3.107045318556,1.295472011736
    ));
#2768 = CARTESIAN_POINT('',(0.337900843471,3.094665646121,1.262174838156
    ));
#2769 = CARTESIAN_POINT('',(0.653647208499,3.068001600399,1.131374221428
    ));
#2770 = CARTESIAN_POINT('',(0.796262743905,3.054071476261,1.035766671612
    ));
#2771 = CARTESIAN_POINT('',(0.976175429615,3.034056389336,0.855768157538
    ));
#2772 = CARTESIAN_POINT('',(1.029717223846,3.027583842918,0.790524600729
    ));
#2773 = CARTESIAN_POINT('',(1.123954822983,3.01469112864,0.649593920334)
  );
#2774 = CARTESIAN_POINT('',(1.164587588753,3.008247124665,0.573530816815
    ));
#2775 = CARTESIAN_POINT('',(1.261547018069,2.988933819386,0.339297863329
    ));
#2776 = CARTESIAN_POINT('',(1.2954,2.9750291115,0.168762912996));
#2777 = CARTESIAN_POINT('',(1.2954,2.961542668332,-1.647987302178E-14));
#2778 = ORIENTED_EDGE('',*,*,#2779,.T.);
#2779 = EDGE_CURVE('',#2753,#2780,#2782,.T.);
#2780 = VERTEX_POINT('',#2781);
#2781 = CARTESIAN_POINT('',(-1.2954,2.644644527683,1.524659305058E-15));
#2782 = B_SPLINE_CURVE_WITH_KNOTS('',3,(#2783,#2784,#2785,#2786,#2787,
    #2788,#2789,#2790,#2791,#2792,#2793,#2794,#2795,#2796,#2797,#2798,
    #2799,#2800,#2801,#2802,#2803,#2804),.UNSPECIFIED.,.F.,.F.,(4,2,2,2,
    2,2,2,2,2,2,4),(4.264601513088E-02,4.315388993592E-02,
    4.340782733843E-02,4.366176474095E-02,4.416963954598E-02,
    4.467751435101E-02,4.493145175353E-02,4.518538915605E-02,
    4.569326396108E-02,4.620113876611E-02,4.670901357114E-02),
  .UNSPECIFIED.);
#2783 = CARTESIAN_POINT('',(1.2954,2.961542668332,-1.647987302178E-14));
#2784 = CARTESIAN_POINT('',(1.2954,2.948056677999,-0.16875724644));
#2785 = CARTESIAN_POINT('',(1.261566636592,2.934973743379,
    -0.339275835224));
#2786 = CARTESIAN_POINT('',(1.164535130636,2.915798967156,
    -0.573644852889));
#2787 = CARTESIAN_POINT('',(1.123856838978,2.909308601267,
    -0.649750778629));
#2788 = CARTESIAN_POINT('',(1.02971753711,2.896095069936,-0.7905137966)
  );
#2789 = CARTESIAN_POINT('',(0.976196018204,2.8893139146,-0.855753503815)
  );
#2790 = CARTESIAN_POINT('',(0.79608555477,2.868801297836,-1.035932049163
    ));
#2791 = CARTESIAN_POINT('',(0.653782476775,2.855518188525,
    -1.131346717847));
#2792 = CARTESIAN_POINT('',(0.337396847055,2.829478148097,
    -1.262355057231));
#2793 = CARTESIAN_POINT('',(0.169250180752,2.81692347774,-1.295481045463
    ));
#2794 = CARTESIAN_POINT('',(-8.555384502817E-02,2.79653564084,
    -1.295359255307));
#2795 = CARTESIAN_POINT('',(-0.169527671598,2.78972729698,-1.28704599431
    ));
#2796 = CARTESIAN_POINT('',(-0.335581701241,2.776197479293,
    -1.254038254878));
#2797 = CARTESIAN_POINT('',(-0.418137383286,2.769436488779,
    -1.228971413767));
#2798 = CARTESIAN_POINT('',(-0.652434004168,2.749855631242,
    -1.131805998765));
#2799 = CARTESIAN_POINT('',(-0.796936133126,2.737290294383,
    -1.035104526148));
#2800 = CARTESIAN_POINT('',(-1.035561668812,2.710951708424,
    -0.796342018496));
#2801 = CARTESIAN_POINT('',(-1.132151870453,2.696850860934,
    -0.651798014491));
#2802 = CARTESIAN_POINT('',(-1.26146011728,2.670273783476,
    -0.339598118335));
#2803 = CARTESIAN_POINT('',(-1.2954,2.657570427387,-0.169672487154));
#2804 = CARTESIAN_POINT('',(-1.2954,2.644644527683,1.524659305058E-15));
#2805 = ORIENTED_EDGE('',*,*,#2806,.T.);
#2806 = EDGE_CURVE('',#2780,#2807,#2809,.T.);
#2807 = VERTEX_POINT('',#2808);
#2808 = CARTESIAN_POINT('',(1.2954,2.326377380492,-1.402957611196E-13));
#2809 = B_SPLINE_CURVE_WITH_KNOTS('',3,(#2810,#2811,#2812,#2813,#2814,
    #2815,#2816,#2817,#2818,#2819,#2820,#2821,#2822,#2823,#2824,#2825,
    #2826,#2827,#2828,#2829,#2830,#2831),.UNSPECIFIED.,.F.,.F.,(4,2,2,2,
    2,2,2,2,2,2,4),(4.670901357114E-02,4.721677202502E-02,
    4.772453047891E-02,4.797840970585E-02,4.823228893279E-02,
    4.874004738667E-02,4.924780584056E-02,4.975556429444E-02,
    5.000944352138E-02,5.026332274832E-02,5.07710812022E-02),
  .UNSPECIFIED.);
#2810 = CARTESIAN_POINT('',(-1.2954,2.644644527683,1.524659305058E-15));
#2811 = CARTESIAN_POINT('',(-1.2954,2.631721589227,0.169633616178));
#2812 = CARTESIAN_POINT('',(-1.262112632635,2.617991676282,
    0.338081411281));
#2813 = CARTESIAN_POINT('',(-1.131368838725,2.590696607055,0.65362977967
    ));
#2814 = CARTESIAN_POINT('',(-1.035950813248,2.577805250666,
    0.796125994489));
#2815 = CARTESIAN_POINT('',(-0.855405615313,2.558512716659,
    0.976514093566));
#2816 = CARTESIAN_POINT('',(-0.790105148927,2.552163971776,
    1.030022448994));
#2817 = CARTESIAN_POINT('',(-0.649488462019,2.538969382518,
    1.124000502445));
#2818 = CARTESIAN_POINT('',(-0.573408544374,2.532037879583,
    1.164653381227));
#2819 = CARTESIAN_POINT('',(-0.338946240006,2.511607908039,
    1.261662155669));
#2820 = CARTESIAN_POINT('',(-0.168625822049,2.49814491011,1.295421911504
    ));
#2821 = CARTESIAN_POINT('',(0.168962306799,2.472473630877,1.295378066646
    ));
#2822 = CARTESIAN_POINT('',(0.339580412961,2.459714911936,1.26144560649)
  );
#2823 = CARTESIAN_POINT('',(0.651529693334,2.432702315311,1.132284828876
    ));
#2824 = CARTESIAN_POINT('',(0.795781550865,2.418884492197,1.036095592041
    ));
#2825 = CARTESIAN_POINT('',(0.97554371958,2.399263966263,0.856475866165)
  );
#2826 = CARTESIAN_POINT('',(1.030245426673,2.3927669159,0.789807554582)
  );
#2827 = CARTESIAN_POINT('',(1.124119261408,2.379991657273,0.649274594132
    ));
#2828 = CARTESIAN_POINT('',(1.16400764376,2.373641213001,0.574815425588)
  );
#2829 = CARTESIAN_POINT('',(1.261933067323,2.353693168162,0.338596701843
    ));
#2830 = CARTESIAN_POINT('',(1.2954,2.339779066803,0.170397449761));
#2831 = CARTESIAN_POINT('',(1.2954,2.326377380492,-1.402957611196E-13));
#2832 = ORIENTED_EDGE('',*,*,#2833,.T.);
#2833 = EDGE_CURVE('',#2807,#2834,#2836,.T.);
#2834 = VERTEX_POINT('',#2835);
#2835 = CARTESIAN_POINT('',(-1.2954,2.009775,8.899866124586E-14));
#2836 = B_SPLINE_CURVE_WITH_KNOTS('',3,(#2837,#2838,#2839,#2840,#2841,
    #2842,#2843,#2844,#2845,#2846,#2847,#2848,#2849,#2850,#2851,#2852,
    #2853,#2854,#2855,#2856,#2857,#2858),.UNSPECIFIED.,.F.,.F.,(4,2,2,2,
    2,2,2,2,2,2,4),(5.07710812022E-02,5.102499532404E-02,
    5.127890944587E-02,5.178673768954E-02,5.229456593321E-02,
    5.280239417688E-02,5.305630829872E-02,5.331022242055E-02,
    5.381805066423E-02,5.43258789079E-02,5.483370715157E-02),
  .UNSPECIFIED.);
#2837 = CARTESIAN_POINT('',(1.2954,2.326377380492,-1.402957611196E-13));
#2838 = CARTESIAN_POINT('',(1.2954,2.319675616327,-8.521043517521E-02));
#2839 = CARTESIAN_POINT('',(1.287072607185,2.313199013722,
    -0.169260899189));
#2840 = CARTESIAN_POINT('',(1.254165991852,2.30034350189,-0.335071355149
    ));
#2841 = CARTESIAN_POINT('',(1.229152765226,2.293896884576,-0.41763572392
    ));
#2842 = CARTESIAN_POINT('',(1.131875519774,2.274537587366,-0.65239466611
    ));
#2843 = CARTESIAN_POINT('',(1.035413037435,2.26066564489,-0.796544084771
    ));
#2844 = CARTESIAN_POINT('',(0.796675246301,2.233682805923,
    -1.035312121539));
#2845 = CARTESIAN_POINT('',(0.652048708923,2.220590461159,
    -1.131988694234));
#2846 = CARTESIAN_POINT('',(0.340123692426,2.195065504597,
    -1.261301627896));
#2847 = CARTESIAN_POINT('',(0.169855033048,2.181757864779,-1.29531689401
    ));
#2848 = CARTESIAN_POINT('',(-8.397502402708E-02,2.161320258778,
    -1.295441319543));
#2849 = CARTESIAN_POINT('',(-0.169831802155,2.154430471907,
    -1.286999553383));
#2850 = CARTESIAN_POINT('',(-0.335691131645,2.141130139084,
    -1.25400245437));
#2851 = CARTESIAN_POINT('',(-0.416509048545,2.134654153913,
    -1.229563270309));
#2852 = CARTESIAN_POINT('',(-0.652461796782,2.115235668956,
    -1.131959635583));
#2853 = CARTESIAN_POINT('',(-0.79520243988,2.102671594772,
    -1.036754344687));
#2854 = CARTESIAN_POINT('',(-1.036652493878,2.075353932322,
    -0.795335211439));
#2855 = CARTESIAN_POINT('',(-1.131937966879,2.061663110448,
    -0.65233292176));
#2856 = CARTESIAN_POINT('',(-1.261715323684,2.035477535241,
    -0.338963484254));
#2857 = CARTESIAN_POINT('',(-1.2954,2.022954333657,-0.168928709741));
#2858 = CARTESIAN_POINT('',(-1.2954,2.009775,8.899866124586E-14));
#2859 = ORIENTED_EDGE('',*,*,#2860,.T.);
#2860 = EDGE_CURVE('',#2834,#2861,#2863,.T.);
#2861 = VERTEX_POINT('',#2862);
#2862 = CARTESIAN_POINT('',(1.2954,1.691389500807,-1.10028902222E-12));
#2863 = B_SPLINE_CURVE_WITH_KNOTS('',3,(#2864,#2865,#2866,#2867,#2868,
    #2869,#2870,#2871,#2872,#2873,#2874,#2875,#2876,#2877,#2878,#2879,
    #2880,#2881,#2882,#2883,#2884,#2885),.UNSPECIFIED.,.F.,.F.,(4,2,2,2,
    2,2,2,2,2,2,4),(5.483370715157E-02,5.534161847368E-02,
    5.584952979579E-02,5.610348545684E-02,5.63574411179E-02,
    5.686535244001E-02,5.737326376212E-02,5.762721942318E-02,
    5.788117508423E-02,5.838908640635E-02,5.889699772846E-02),
  .UNSPECIFIED.);
#2864 = CARTESIAN_POINT('',(-1.2954,2.009775,8.899866124586E-14));
#2865 = CARTESIAN_POINT('',(-1.2954,1.996593510262,0.168956345726));
#2866 = CARTESIAN_POINT('',(-1.261467109504,1.98248986551,0.339487614959
    ));
#2867 = CARTESIAN_POINT('',(-1.132355074792,1.955938226663,
    0.651400870174));
#2868 = CARTESIAN_POINT('',(-1.035874579052,1.943189708005,
    0.796014392134));
#2869 = CARTESIAN_POINT('',(-0.856519482539,1.923860898616,
    0.975494238852));
#2870 = CARTESIAN_POINT('',(-0.789816855547,1.9171599192,1.030249302946)
  );
#2871 = CARTESIAN_POINT('',(-0.649051569367,1.903616442518,
    1.124258133984));
#2872 = CARTESIAN_POINT('',(-0.574639513569,1.896807120682,
    1.164075209875));
#2873 = CARTESIAN_POINT('',(-0.339157574284,1.87643459047,1.261711266102
    ));
#2874 = CARTESIAN_POINT('',(-0.171081313785,1.863543587781,
    1.295408357659));
#2875 = CARTESIAN_POINT('',(0.171207856063,1.837669211915,1.295391639251
    ));
#2876 = CARTESIAN_POINT('',(0.339331591258,1.824526190545,1.261643535246
    ));
#2877 = CARTESIAN_POINT('',(0.57459567577,1.804019820982,1.164091175166)
  );
#2878 = CARTESIAN_POINT('',(0.649009142296,1.797280768472,1.124287176464
    ));
#2879 = CARTESIAN_POINT('',(0.789874259472,1.783957646438,1.030210258233
    ));
#2880 = CARTESIAN_POINT('',(0.856553865601,1.777340600772,0.975460816728
    ));
#2881 = CARTESIAN_POINT('',(1.035828434515,1.758054820051,0.796058598874
    ));
#2882 = CARTESIAN_POINT('',(1.132353248404,1.745298847028,0.651397835065
    ));
#2883 = CARTESIAN_POINT('',(1.261452212877,1.71829273916,0.339531049135)
  );
#2884 = CARTESIAN_POINT('',(1.2954,1.704438879232,0.16902530061));
#2885 = CARTESIAN_POINT('',(1.2954,1.691389500807,-1.10028902222E-12));
#2886 = ORIENTED_EDGE('',*,*,#2887,.T.);
#2887 = EDGE_CURVE('',#2861,#2888,#2890,.T.);
#2888 = VERTEX_POINT('',#2889);
#2889 = CARTESIAN_POINT('',(-1.2954,1.374631126795,1.761828530289E-16));
#2890 = B_SPLINE_CURVE_WITH_KNOTS('',3,(#2891,#2892,#2893,#2894,#2895,
    #2896,#2897,#2898,#2899,#2900,#2901,#2902,#2903,#2904,#2905,#2906,
    #2907,#2908,#2909,#2910,#2911,#2912),.UNSPECIFIED.,.F.,.F.,(4,2,2,2,
    2,2,2,2,2,2,4),(5.889699772846E-02,5.91509069401E-02,
    5.940481615174E-02,5.991263457503E-02,6.042045299831E-02,
    6.067436220996E-02,6.09282714216E-02,6.143608984489E-02,
    6.194390826817E-02,6.245172669146E-02,6.295954511475E-02),
  .UNSPECIFIED.);
#2891 = CARTESIAN_POINT('',(1.2954,1.691389500807,-1.10028902222E-12));
#2892 = CARTESIAN_POINT('',(1.2954,1.684866004983,-8.449719263617E-02));
#2893 = CARTESIAN_POINT('',(1.286946173393,1.678368614936,
    -0.170324573122));
#2894 = CARTESIAN_POINT('',(1.253793159086,1.665558228547,
    -0.336516905445));
#2895 = CARTESIAN_POINT('',(1.229283775114,1.659211842359,-0.41728006893
    ));
#2896 = CARTESIAN_POINT('',(1.131878113346,1.639352072307,
    -0.652467224672));
#2897 = CARTESIAN_POINT('',(1.036760275953,1.625433789642,
    -0.795241881585));
#2898 = CARTESIAN_POINT('',(0.794985199774,1.59854574985,-1.036957112016
    ));
#2899 = CARTESIAN_POINT('',(0.652274928423,1.58598893976,-1.132042558407
    ));
#2900 = CARTESIAN_POINT('',(0.416547613364,1.566553778603,-1.22954450504
    ));
#2901 = CARTESIAN_POINT('',(0.335756124652,1.559998601863,
    -1.253987333936));
#2902 = CARTESIAN_POINT('',(0.169831327752,1.546463179723,
    -1.287001837228));
#2903 = CARTESIAN_POINT('',(8.397656188476E-02,1.539503137999,
    -1.295438353045));
#2904 = CARTESIAN_POINT('',(-0.169721786631,1.519230393024,
    -1.295322891439));
#2905 = CARTESIAN_POINT('',(-0.340095614423,1.50615896042,
    -1.261305707599));
#2906 = CARTESIAN_POINT('',(-0.65197778432,1.480637905738,
    -1.132025655064));
#2907 = CARTESIAN_POINT('',(-0.796583037668,1.467302735816,
    -1.035388644329));
#2908 = CARTESIAN_POINT('',(-1.035384863597,1.440111092165,
    -0.796587951792));
#2909 = CARTESIAN_POINT('',(-1.131814317599,1.426666951608,
    -0.652529179142));
#2910 = CARTESIAN_POINT('',(-1.261610186432,1.400884479443,
    -0.339319490518));
#2911 = CARTESIAN_POINT('',(-1.2954,1.388279310751,-0.170585294421));
#2912 = CARTESIAN_POINT('',(-1.2954,1.374631126795,1.761828530289E-16));
#2913 = ORIENTED_EDGE('',*,*,#2914,.T.);
#2914 = EDGE_CURVE('',#2888,#2915,#2917,.T.);
#2915 = VERTEX_POINT('',#2916);
#2916 = CARTESIAN_POINT('',(1.2954,1.032259672604,1.836137036686E-11));
#2917 = B_SPLINE_CURVE_WITH_KNOTS('',3,(#2918,#2919,#2920,#2921,#2922,
    #2923,#2924,#2925,#2926,#2927,#2928,#2929,#2930,#2931,#2932,#2933,
    #2934,#2935,#2936,#2937,#2938,#2939),.UNSPECIFIED.,.F.,.F.,(4,2,2,2,
    2,2,2,2,2,2,4),(6.295954511475E-02,6.346756229374E-02,
    6.372157088324E-02,6.397557947274E-02,6.448359665174E-02,
    6.499161383074E-02,6.549963100974E-02,6.575363959924E-02,
    6.600764818874E-02,6.651566536773E-02,6.702368254673E-02),
  .UNSPECIFIED.);
#2918 = CARTESIAN_POINT('',(-1.2954,1.374631126795,1.761828530289E-16));
#2919 = CARTESIAN_POINT('',(-1.2954,1.360977601059,0.170652060021));
#2920 = CARTESIAN_POINT('',(-1.261830861278,1.347305946825,
    0.338934214077));
#2921 = CARTESIAN_POINT('',(-1.163906455703,1.327575746709,
    0.575013924492));
#2922 = CARTESIAN_POINT('',(-1.124004343027,1.321212728168,
    0.649483864247));
#2923 = CARTESIAN_POINT('',(-1.030007743157,1.308425452589,
    0.790126003937));
#2924 = CARTESIAN_POINT('',(-0.975225122959,1.301932115639,
    0.856836870557));
#2925 = CARTESIAN_POINT('',(-0.795436319984,1.28210724797,1.036354878229
    ));
#2926 = CARTESIAN_POINT('',(-0.650958917673,1.268523821306,
    1.132625511968));
#2927 = CARTESIAN_POINT('',(-0.338781520961,1.24253911333,1.261671567371
    ));
#2928 = CARTESIAN_POINT('',(-0.168043119125,1.229772290045,1.29549918088
    ));
#2929 = CARTESIAN_POINT('',(0.169568774415,1.201370136282,1.29530036991)
  );
#2930 = CARTESIAN_POINT('',(0.339604117262,1.185059551205,1.261490138126
    ));
#2931 = CARTESIAN_POINT('',(0.574063887785,1.161732799338,1.164331827274
    ));
#2932 = CARTESIAN_POINT('',(0.650073204176,1.153945996793,1.123656274389
    ));
#2933 = CARTESIAN_POINT('',(0.790510971089,1.138879307305,1.029704325691
    ));
#2934 = CARTESIAN_POINT('',(0.855781767993,1.131520208783,0.976188781148
    ));
#2935 = CARTESIAN_POINT('',(1.036356044894,1.109186928179,0.795619602373
    ));
#2936 = CARTESIAN_POINT('',(1.131631924592,1.094054724828,0.6530973016)
  );
#2937 = CARTESIAN_POINT('',(1.262077858292,1.062520350799,0.338062683128
    ));
#2938 = CARTESIAN_POINT('',(1.295399999998,1.047164216369,0.169441773023
    ));
#2939 = CARTESIAN_POINT('',(1.2954,1.032259672604,1.836137036686E-11));
#2940 = ORIENTED_EDGE('',*,*,#2941,.T.);
#2941 = EDGE_CURVE('',#2915,#2942,#2944,.T.);
#2942 = VERTEX_POINT('',#2943);
#2943 = CARTESIAN_POINT('',(-1.2954,0.666465177523,-1.572093150104E-15)
  );
#2944 = B_SPLINE_CURVE_WITH_KNOTS('',3,(#2945,#2946,#2947,#2948,#2949,
    #2950,#2951,#2952,#2953,#2954,#2955,#2956,#2957,#2958,#2959,#2960,
    #2961,#2962,#2963,#2964,#2965,#2966),.UNSPECIFIED.,.F.,.F.,(4,2,2,2,
    2,2,2,2,2,2,4),(6.702368254673E-02,6.753207446395E-02,
    6.804046638117E-02,6.854885829839E-02,6.880305425699E-02,
    6.90572502156E-02,6.956564213282E-02,7.007403405004E-02,
    7.032823000865E-02,7.058242596726E-02,7.109081788448E-02),
  .UNSPECIFIED.);
#2945 = CARTESIAN_POINT('',(1.2954,1.032259672604,1.836137036686E-11));
#2946 = CARTESIAN_POINT('',(1.295400000002,1.017344134521,
    -0.169566761493));
#2947 = CARTESIAN_POINT('',(1.261443533509,1.002617611904,
    -0.339626704278));
#2948 = CARTESIAN_POINT('',(1.132194178074,0.971562229114,
    -0.651707318989));
#2949 = CARTESIAN_POINT('',(1.035596561779,0.955649417535,
    -0.796301043548));
#2950 = CARTESIAN_POINT('',(0.796947727992,0.925540952336,
    -1.035098985399));
#2951 = CARTESIAN_POINT('',(0.652481896268,0.910970303501,
    -1.131786350839));
#2952 = CARTESIAN_POINT('',(0.418111344955,0.888149640154,
    -1.228982105421));
#2953 = CARTESIAN_POINT('',(0.335554888763,0.880194519697,-1.25404259842
    ));
#2954 = CARTESIAN_POINT('',(0.169583530755,0.864544585305,
    -1.287035876781));
#2955 = CARTESIAN_POINT('',(8.55976804192E-02,0.856795069452,
    -1.295360434493));
#2956 = CARTESIAN_POINT('',(-0.16939272977,0.833677321121,
    -1.295478712936));
#2957 = CARTESIAN_POINT('',(-0.337608219728,0.819116711485,
    -1.262280496547));
#2958 = CARTESIAN_POINT('',(-0.653738731289,0.788994752984,
    -1.131351860919));
#2959 = CARTESIAN_POINT('',(-0.796158502469,0.773268075776,
    -1.035862584378));
#2960 = CARTESIAN_POINT('',(-0.976179628525,0.749863632746,
    -0.855768144152));
#2961 = CARTESIAN_POINT('',(-1.02971086803,0.742240906472,
    -0.790526380814));
#2962 = CARTESIAN_POINT('',(-1.123888201797,0.727131973676,
    -0.649701270094));
#2963 = CARTESIAN_POINT('',(-1.164552709141,0.719608504297,
    -0.573606849967));
#2964 = CARTESIAN_POINT('',(-1.261561457169,0.697428546807,
    -0.33927943141));
#2965 = CARTESIAN_POINT('',(-1.2954,0.682071231187,-0.168744291779));
#2966 = CARTESIAN_POINT('',(-1.2954,0.666465177523,-1.572093150104E-15)
  );
#2967 = ORIENTED_EDGE('',*,*,#2968,.T.);
#2968 = EDGE_CURVE('',#2942,#2969,#2971,.T.);
#2969 = VERTEX_POINT('',#2970);
#2970 = CARTESIAN_POINT('',(0.,0.48387,1.2954));
#2971 = B_SPLINE_CURVE_WITH_KNOTS('',3,(#2972,#2973,#2974,#2975,#2976,
    #2977,#2978,#2979,#2980,#2981,#2982,#2983),.UNSPECIFIED.,.F.,.F.,(4,
    2,2,2,2,4),(7.109081788448E-02,7.159902249136E-02,7.185312479481E-02
    ,7.210722709825E-02,7.261543170514E-02,7.312363631203E-02),
  .UNSPECIFIED.);
#2972 = CARTESIAN_POINT('',(-1.2954,0.666465177523,-1.572093150104E-15)
  );
#2973 = CARTESIAN_POINT('',(-1.2954,0.650864873704,0.16868212016));
#2974 = CARTESIAN_POINT('',(-1.261577995068,0.635327239283,
    0.339164823444));
#2975 = CARTESIAN_POINT('',(-1.164669951272,0.61303188203,0.573360905869
    ));
#2976 = CARTESIAN_POINT('',(-1.124050627355,0.605572164569,
    0.649421264933));
#2977 = CARTESIAN_POINT('',(-1.029898609128,0.590656488714,
    0.790282637491));
#2978 = CARTESIAN_POINT('',(-0.976397448598,0.583101933132,
    0.855513023067));
#2979 = CARTESIAN_POINT('',(-0.796572917064,0.559766149674,1.03552216242
    ));
#2980 = CARTESIAN_POINT('',(-0.654108455838,0.544130360159,
    1.131107775336));
#2981 = CARTESIAN_POINT('',(-0.33841333717,0.513626040546,1.262037671645
    ));
#2982 = CARTESIAN_POINT('',(-0.171147270445,0.499265189684,1.2954));
#2983 = CARTESIAN_POINT('',(0.,0.48387,1.2954));
#2984 = ORIENTED_EDGE('',*,*,#2985,.T.);
#2985 = EDGE_CURVE('',#2969,#2986,#2988,.T.);
#2986 = VERTEX_POINT('',#2987);
#2987 = CARTESIAN_POINT('',(0.,0.381,1.524));
#2988 = LINE('',#2989,#2990);
#2989 = CARTESIAN_POINT('',(0.,0.381,1.524));
#2990 = VECTOR('',#2991,1.);
#2991 = DIRECTION('',(0.,-0.410364677329,0.911921505175));
#2992 = ORIENTED_EDGE('',*,*,#2993,.T.);
#2993 = EDGE_CURVE('',#2986,#2994,#2996,.T.);
#2994 = VERTEX_POINT('',#2995);
#2995 = CARTESIAN_POINT('',(-1.676121502334E-13,6.096,1.3335));
#2996 = B_SPLINE_CURVE_WITH_KNOTS('',3,(#2997,#2998,#2999,#3000,#3001,
    #3002,#3003,#3004,#3005,#3006,#3007,#3008,#3009,#3010,#3011,#3012,
    #3013,#3014,#3015,#3016,#3017,#3018,#3019,#3020,#3021,#3022,#3023,
    #3024,#3025,#3026,#3027,#3028,#3029,#3030,#3031,#3032,#3033,#3034,
    #3035,#3036,#3037,#3038,#3039,#3040,#3041,#3042,#3043,#3044,#3045,
    #3046,#3047,#3048,#3049,#3050,#3051,#3052,#3053,#3054,#3055,#3056,
    #3057,#3058,#3059,#3060,#3061,#3062,#3063,#3064,#3065,#3066,#3067,
    #3068,#3069,#3070,#3071,#3072,#3073,#3074,#3075,#3076,#3077,#3078,
    #3079,#3080,#3081,#3082,#3083,#3084,#3085,#3086,#3087,#3088,#3089,
    #3090,#3091,#3092,#3093,#3094,#3095,#3096,#3097,#3098,#3099,#3100,
    #3101,#3102,#3103,#3104,#3105,#3106,#3107,#3108,#3109,#3110,#3111,
    #3112,#3113,#3114,#3115,#3116,#3117,#3118,#3119,#3120,#3121,#3122,
    #3123,#3124,#3125,#3126),.UNSPECIFIED.,.F.,.F.,(4,2,2,2,2,2,2,2,2,2,
    2,2,2,2,2,2,2,2,2,2,2,2,2,2,2,2,2,2,2,2,2,2,2,2,2,2,2,2,2,2,2,2,2,2,
    2,2,2,2,2,2,2,2,2,2,2,2,2,2,2,2,2,2,2,2,4),(0.,1.5625E-02,3.125E-02,
    4.6875E-02,6.25E-02,7.8125E-02,9.375E-02,0.109375,0.125,0.140625,
    0.15625,0.171875,0.1875,0.203125,0.21875,0.234375,0.25,0.265625,
    0.28125,0.296875,0.3125,0.328125,0.34375,0.359375,0.375,0.390625,
    0.40625,0.421875,0.4375,0.453125,0.46875,0.484375,0.5,0.515625,
    0.53125,0.546875,0.5625,0.578125,0.59375,0.609375,0.625,0.640625,
    0.65625,0.671875,0.6875,0.703125,0.71875,0.734375,0.75,0.765625,
    0.78125,0.796875,0.8125,0.828125,0.84375,0.859375,0.875,0.890625,
    0.90625,0.921875,0.9375,0.953125,0.96875,0.984375,1.),
  .UNSPECIFIED.);
#2997 = CARTESIAN_POINT('',(0.,0.381,1.524));
#2998 = CARTESIAN_POINT('',(-0.45058051774,0.410880044339,1.534159219397
    ));
#2999 = CARTESIAN_POINT('',(-0.903290771216,0.44053125,1.333537790559));
#3000 = CARTESIAN_POINT('',(-1.499783734756,0.5000625,0.638614489274));
#3001 = CARTESIAN_POINT('',(-1.635402315934,0.529828125,0.150581300987)
  );
#3002 = CARTESIAN_POINT('',(-1.473141461132,0.589359375,-0.768909102786)
  );
#3003 = CARTESIAN_POINT('',(-1.176087383328,0.619125,-1.191216029908));
#3004 = CARTESIAN_POINT('',(-0.346602151705,0.67865625,-1.657535722146)
  );
#3005 = CARTESIAN_POINT('',(0.178077770611,0.708421875,-1.696299107976)
  );
#3006 = CARTESIAN_POINT('',(1.081290353417,0.767953125,-1.344084497071)
  );
#3007 = CARTESIAN_POINT('',(1.450686154222,0.79771875,-0.95583509249));
#3008 = CARTESIAN_POINT('',(1.756604046334,0.85725,-1.708575321451E-02)
  );
#3009 = CARTESIAN_POINT('',(1.689388197048,0.887015625,0.524452801261));
#3010 = CARTESIAN_POINT('',(1.147861544438,0.946546875,1.371336866442));
#3011 = CARTESIAN_POINT('',(0.678203897511,0.9763125,1.667962339644));
#3012 = CARTESIAN_POINT('',(-0.337785161986,1.03584375,1.788367085278));
#3013 = CARTESIAN_POINT('',(-0.867943294835,1.065609375,1.592646882338)
  );
#3014 = CARTESIAN_POINT('',(-1.592646882338,1.125140625,0.867943294835)
  );
#3015 = CARTESIAN_POINT('',(-1.781750085841,1.15490625,0.339435246366));
#3016 = CARTESIAN_POINT('',(-1.681293726033,1.2144375,-0.680515291285));
#3017 = CARTESIAN_POINT('',(-1.392717282196,1.244203125,-1.161976000932)
  );
#3018 = CARTESIAN_POINT('',(-0.540556014666,1.303734375,-1.731371955958)
  );
#3019 = CARTESIAN_POINT('',(1.468910471285E-02,1.3335,-1.813734789067));
#3020 = CARTESIAN_POINT('',(0.995443515197,1.39303125,-1.516226191214));
#3021 = CARTESIAN_POINT('',(1.411354620957,1.422796875,-1.139266337945)
  );
#3022 = CARTESIAN_POINT('',(1.803561376276,1.482328125,-0.192395469999)
  );
#3023 = CARTESIAN_POINT('',(1.776018681504,1.51209375,0.368248961736));
#3024 = CARTESIAN_POINT('',(1.292890934175,1.571625,1.272117403072));
#3025 = CARTESIAN_POINT('',(0.842034027233,1.601390625,1.606495674396));
#3026 = CARTESIAN_POINT('',(-0.163158724681,1.660921875,1.806440944352)
  );
#3027 = CARTESIAN_POINT('',(-0.707657217676,1.6906875,1.670051172013));
#3028 = CARTESIAN_POINT('',(-1.499904532557,1.75021875,1.019870603599));
#3029 = CARTESIAN_POINT('',(-1.7399,1.779984375,0.512442821062));
#3030 = CARTESIAN_POINT('',(-1.7399,1.839515625,-0.512442821062));
#3031 = CARTESIAN_POINT('',(-1.499904532557,1.86928125,-1.019870603599)
  );
#3032 = CARTESIAN_POINT('',(-0.707657217676,1.9288125,-1.670051172013));
#3033 = CARTESIAN_POINT('',(-0.163158724682,1.958578125,-1.806440944352)
  );
#3034 = CARTESIAN_POINT('',(0.842034027234,2.018109375,-1.606495674395)
  );
#3035 = CARTESIAN_POINT('',(1.292890934176,2.047875,-1.272117403071));
#3036 = CARTESIAN_POINT('',(1.776018681504,2.10740625,-0.368248961736));
#3037 = CARTESIAN_POINT('',(1.803561376276,2.137171875,0.19239547));
#3038 = CARTESIAN_POINT('',(1.411354620957,2.196703125,1.139266337944));
#3039 = CARTESIAN_POINT('',(0.995443515196,2.22646875,1.516226191214));
#3040 = CARTESIAN_POINT('',(1.468910471349E-02,2.286,1.813734789067));
#3041 = CARTESIAN_POINT('',(-0.540556014664,2.315765625,1.731371955959)
  );
#3042 = CARTESIAN_POINT('',(-1.392717282197,2.375296875,1.161976000931)
  );
#3043 = CARTESIAN_POINT('',(-1.681293726033,2.4050625,0.680515291284));
#3044 = CARTESIAN_POINT('',(-1.781750085841,2.46459375,-0.339435246366)
  );
#3045 = CARTESIAN_POINT('',(-1.592646882338,2.494359375,-0.867943294835)
  );
#3046 = CARTESIAN_POINT('',(-0.867943294835,2.553890625,-1.592646882338)
  );
#3047 = CARTESIAN_POINT('',(-0.339435246366,2.58365625,-1.781750085841)
  );
#3048 = CARTESIAN_POINT('',(0.680515291284,2.6431875,-1.681293726033));
#3049 = CARTESIAN_POINT('',(1.161976000932,2.672953125,-1.392717282196)
  );
#3050 = CARTESIAN_POINT('',(1.731371955958,2.732484375,-0.540556014666)
  );
#3051 = CARTESIAN_POINT('',(1.813734789067,2.76225,1.468910471363E-02));
#3052 = CARTESIAN_POINT('',(1.516226191214,2.82178125,0.995443515197));
#3053 = CARTESIAN_POINT('',(1.139266337944,2.851546875,1.411354620957));
#3054 = CARTESIAN_POINT('',(0.19239547,2.911078125,1.803561376276));
#3055 = CARTESIAN_POINT('',(-0.368248961736,2.94084375,1.776018681504));
#3056 = CARTESIAN_POINT('',(-1.272117403071,3.000375,1.292890934176));
#3057 = CARTESIAN_POINT('',(-1.606495674395,3.030140625,0.842034027234)
  );
#3058 = CARTESIAN_POINT('',(-1.806440944352,3.089671875,-0.163158724683)
  );
#3059 = CARTESIAN_POINT('',(-1.670051172013,3.1194375,-0.707657217676));
#3060 = CARTESIAN_POINT('',(-1.019870603599,3.17896875,-1.499904532557)
  );
#3061 = CARTESIAN_POINT('',(-0.512442821073,3.208734375,-1.7399));
#3062 = CARTESIAN_POINT('',(0.512442821073,3.268265625,-1.7399));
#3063 = CARTESIAN_POINT('',(1.019870603599,3.29803125,-1.499904532557));
#3064 = CARTESIAN_POINT('',(1.670051172013,3.3575625,-0.707657217676));
#3065 = CARTESIAN_POINT('',(1.806440944352,3.387328125,-0.163158724681)
  );
#3066 = CARTESIAN_POINT('',(1.606495674395,3.446859375,0.842034027233));
#3067 = CARTESIAN_POINT('',(1.272117403071,3.476625,1.292890934176));
#3068 = CARTESIAN_POINT('',(0.368248961736,3.53615625,1.776018681504));
#3069 = CARTESIAN_POINT('',(-0.19239547,3.565921875,1.803561376276));
#3070 = CARTESIAN_POINT('',(-1.139266337944,3.625453125,1.411354620957)
  );
#3071 = CARTESIAN_POINT('',(-1.516226191214,3.65521875,0.995443515196));
#3072 = CARTESIAN_POINT('',(-1.813734789067,3.71475,1.468910471343E-02)
  );
#3073 = CARTESIAN_POINT('',(-1.731371955958,3.744515625,-0.540556014666)
  );
#3074 = CARTESIAN_POINT('',(-1.161976000932,3.804046875,-1.392717282196)
  );
#3075 = CARTESIAN_POINT('',(-0.680515291284,3.8338125,-1.681293726033));
#3076 = CARTESIAN_POINT('',(0.339435246366,3.89334375,-1.781750085841));
#3077 = CARTESIAN_POINT('',(0.867943294835,3.923109375,-1.592646882338)
  );
#3078 = CARTESIAN_POINT('',(1.592646882338,3.982640625,-0.867943294835)
  );
#3079 = CARTESIAN_POINT('',(1.781750085841,4.01240625,-0.339435246365));
#3080 = CARTESIAN_POINT('',(1.681293726033,4.0719375,0.680515291285));
#3081 = CARTESIAN_POINT('',(1.392717282196,4.101703125,1.161976000932));
#3082 = CARTESIAN_POINT('',(0.540556014666,4.161234375,1.731371955958));
#3083 = CARTESIAN_POINT('',(-1.468910471366E-02,4.191,1.813734789067));
#3084 = CARTESIAN_POINT('',(-0.995443515197,4.25053125,1.516226191214));
#3085 = CARTESIAN_POINT('',(-1.411354620957,4.280296875,1.139266337944)
  );
#3086 = CARTESIAN_POINT('',(-1.803561376276,4.339828125,0.19239547));
#3087 = CARTESIAN_POINT('',(-1.776018681504,4.36959375,-0.368248961736)
  );
#3088 = CARTESIAN_POINT('',(-1.292890934176,4.429125,-1.272117403071));
#3089 = CARTESIAN_POINT('',(-0.842034027233,4.458890625,-1.606495674396)
  );
#3090 = CARTESIAN_POINT('',(0.163158724681,4.518421875,-1.806440944352)
  );
#3091 = CARTESIAN_POINT('',(0.707657217676,4.5481875,-1.670051172013));
#3092 = CARTESIAN_POINT('',(1.499904532557,4.60771875,-1.019870603599));
#3093 = CARTESIAN_POINT('',(1.7399,4.637484375,-0.512442821095));
#3094 = CARTESIAN_POINT('',(1.7399,4.697015625,0.512442821096));
#3095 = CARTESIAN_POINT('',(1.499904532557,4.72678125,1.019870603599));
#3096 = CARTESIAN_POINT('',(0.707657217676,4.7863125,1.670051172013));
#3097 = CARTESIAN_POINT('',(0.163158724681,4.816078125,1.806440944352));
#3098 = CARTESIAN_POINT('',(-0.842034027233,4.875609375,1.606495674395)
  );
#3099 = CARTESIAN_POINT('',(-1.292890934174,4.905375,1.272117403073));
#3100 = CARTESIAN_POINT('',(-1.776018681505,4.96490625,0.368248961733));
#3101 = CARTESIAN_POINT('',(-1.803561376276,4.994671875,-0.19239547));
#3102 = CARTESIAN_POINT('',(-1.411354620957,5.054203125,-1.139266337944)
  );
#3103 = CARTESIAN_POINT('',(-0.995443515199,5.08396875,-1.516226191213)
  );
#3104 = CARTESIAN_POINT('',(-1.468910471031E-02,5.1435,-1.813734789068)
  );
#3105 = CARTESIAN_POINT('',(0.540556014666,5.173265625,-1.731371955958)
  );
#3106 = CARTESIAN_POINT('',(1.392717282196,5.232796875,-1.161976000932)
  );
#3107 = CARTESIAN_POINT('',(1.681293726033,5.2625625,-0.680515291284));
#3108 = CARTESIAN_POINT('',(1.781750085841,5.32209375,0.339435246366));
#3109 = CARTESIAN_POINT('',(1.592646882338,5.351859375,0.867943294835));
#3110 = CARTESIAN_POINT('',(0.867943294835,5.411390625,1.592646882338));
#3111 = CARTESIAN_POINT('',(0.336329205182,5.44115625,1.794205614182));
#3112 = CARTESIAN_POINT('',(-0.676164432419,5.5006875,1.656199351663));
#3113 = CARTESIAN_POINT('',(-1.135407612151,5.530453125,1.352471793637)
  );
#3114 = CARTESIAN_POINT('',(-1.652343703977,5.589984375,0.510244083631)
  );
#3115 = CARTESIAN_POINT('',(-1.706194567203,5.61975,-1.920044306576E-02)
  );
#3116 = CARTESIAN_POINT('',(-1.392856710066,5.67928125,-0.920886484223)
  );
#3117 = CARTESIAN_POINT('',(-1.030135072658,5.709046875,-1.284728505115)
  );
#3118 = CARTESIAN_POINT('',(-0.165444506737,5.768578125,-1.601655930357)
  );
#3119 = CARTESIAN_POINT('',(0.327502025207,5.79834375,-1.552991933855));
#3120 = CARTESIAN_POINT('',(1.091355012966,5.857875,-1.101502879707));
#3121 = CARTESIAN_POINT('',(1.355475978204,5.887640625,-0.704387110012)
  );
#3122 = CARTESIAN_POINT('',(1.484485879731,5.947171875,0.139483573583));
#3123 = CARTESIAN_POINT('',(1.349547759493,5.9769375,0.577694434747));
#3124 = CARTESIAN_POINT('',(0.800426214445,6.03646875,1.186743606498));
#3125 = CARTESIAN_POINT('',(0.393997701933,6.066139680884,1.352610614875
    ));
#3126 = CARTESIAN_POINT('',(-1.676121502334E-13,6.096,1.3335));
#3127 = ORIENTED_EDGE('',*,*,#3128,.F.);
#3128 = EDGE_CURVE('',#3129,#2994,#3131,.T.);
#3129 = VERTEX_POINT('',#3130);
#3130 = CARTESIAN_POINT('',(-1.628232316553E-13,6.113145,1.2954));
#3131 = LINE('',#3132,#3133);
#3132 = CARTESIAN_POINT('',(-1.676121502334E-13,6.096,1.3335));
#3133 = VECTOR('',#3134,1.);
#3134 = DIRECTION('',(-1.146225154304E-13,-0.410364677329,0.911921505175
    ));
#3135 = ORIENTED_EDGE('',*,*,#3136,.T.);
#3136 = EDGE_CURVE('',#3129,#2493,#3137,.T.);
#3137 = B_SPLINE_CURVE_WITH_KNOTS('',3,(#3138,#3139,#3140,#3141,#3142,
    #3143,#3144,#3145,#3146,#3147,#3148,#3149),.UNSPECIFIED.,.F.,.F.,(4,
    2,2,2,2,4),(0.,5.071507581365E-04,7.607261372048E-04,
    1.014301516273E-03,1.52145227441E-03,2.028603032546E-03),
  .UNSPECIFIED.);
#3138 = CARTESIAN_POINT('',(-1.628232316553E-13,6.113145,1.2954));
#3139 = CARTESIAN_POINT('',(0.171220377782,6.103634069361,1.2954));
#3140 = CARTESIAN_POINT('',(0.339182341086,6.09357788018,1.261695673173)
  );
#3141 = CARTESIAN_POINT('',(0.574575172,6.079302898792,1.164104548472));
#3142 = CARTESIAN_POINT('',(0.649005105062,6.074718168386,1.124288772416
    ));
#3143 = CARTESIAN_POINT('',(0.78985501949,6.065613322004,1.030224207813)
  );
#3144 = CARTESIAN_POINT('',(0.856550166586,6.061061990223,0.975464759761
    ));
#3145 = CARTESIAN_POINT('',(1.035841376165,6.047364474778,0.796045165229
    ));
#3146 = CARTESIAN_POINT('',(1.132313335576,6.037308912885,0.651469773234
    ));
#3147 = CARTESIAN_POINT('',(1.261437160292,6.017949455693,0.339591881524
    ));
#3148 = CARTESIAN_POINT('',(1.2954,6.008724014075,0.169023417846));
#3149 = CARTESIAN_POINT('',(1.2954,5.999727969831,-7.932294144447E-13));
#3150 = B_SPLINE_SURFACE_WITH_KNOTS('',3,3,(
    (#3151,#3152,#3153,#3154,#3155,#3156,#3157,#3158,#3159,#3160,#3161
      ,#3162,#3163,#3164,#3165,#3166,#3167,#3168,#3169,#3170,#3171,#3172
      ,#3173,#3174,#3175,#3176,#3177,#3178,#3179,#3180,#3181,#3182,#3183
      ,#3184,#3185,#3186,#3187,#3188,#3189,#3190,#3191,#3192,#3193,#3194
      ,#3195,#3196,#3197,#3198,#3199,#3200,#3201,#3202,#3203,#3204,#3205
      ,#3206,#3207,#3208,#3209,#3210,#3211,#3212,#3213,#3214,#3215,#3216
      ,#3217,#3218,#3219,#3220,#3221,#3222,#3223,#3224,#3225,#3226,#3227
      ,#3228,#3229,#3230,#3231,#3232,#3233,#3234,#3235,#3236,#3237,#3238
      ,#3239,#3240,#3241,#3242,#3243,#3244,#3245,#3246,#3247,#3248,#3249
      ,#3250,#3251,#3252,#3253,#3254,#3255,#3256,#3257,#3258,#3259,#3260
      ,#3261,#3262,#3263,#3264,#3265,#3266,#3267,#3268,#3269,#3270,#3271
      ,#3272,#3273,#3274,#3275,#3276,#3277,#3278,#3279,#3280)
    ,(#3281,#3282,#3283,#3284,#3285,#3286,#3287,#3288,#3289,#3290,#3291
      ,#3292,#3293,#3294,#3295,#3296,#3297,#3298,#3299,#3300,#3301,#3302
      ,#3303,#3304,#3305,#3306,#3307,#3308,#3309,#3310,#3311,#3312,#3313
      ,#3314,#3315,#3316,#3317,#3318,#3319,#3320,#3321,#3322,#3323,#3324
      ,#3325,#3326,#3327,#3328,#3329,#3330,#3331,#3332,#3333,#3334,#3335
      ,#3336,#3337,#3338,#3339,#3340,#3341,#3342,#3343,#3344,#3345,#3346
      ,#3347,#3348,#3349,#3350,#3351,#3352,#3353,#3354,#3355,#3356,#3357
      ,#3358,#3359,#3360,#3361,#3362,#3363,#3364,#3365,#3366,#3367,#3368
      ,#3369,#3370,#3371,#3372,#3373,#3374,#3375,#3376,#3377,#3378,#3379
      ,#3380,#3381,#3382,#3383,#3384,#3385,#3386,#3387,#3388,#3389,#3390
      ,#3391,#3392,#3393,#3394,#3395,#3396,#3397,#3398,#3399,#3400,#3401
      ,#3402,#3403,#3404,#3405,#3406,#3407,#3408,#3409,#3410)
    ,(#3411,#3412,#3413,#3414,#3415,#3416,#3417,#3418,#3419,#3420,#3421
      ,#3422,#3423,#3424,#3425,#3426,#3427,#3428,#3429,#3430,#3431,#3432
      ,#3433,#3434,#3435,#3436,#3437,#3438,#3439,#3440,#3441,#3442,#3443
      ,#3444,#3445,#3446,#3447,#3448,#3449,#3450,#3451,#3452,#3453,#3454
      ,#3455,#3456,#3457,#3458,#3459,#3460,#3461,#3462,#3463,#3464,#3465
      ,#3466,#3467,#3468,#3469,#3470,#3471,#3472,#3473,#3474,#3475,#3476
      ,#3477,#3478,#3479,#3480,#3481,#3482,#3483,#3484,#3485,#3486,#3487
      ,#3488,#3489,#3490,#3491,#3492,#3493,#3494,#3495,#3496,#3497,#3498
      ,#3499,#3500,#3501,#3502,#3503,#3504,#3505,#3506,#3507,#3508,#3509
      ,#3510,#3511,#3512,#3513,#3514,#3515,#3516,#3517,#3518,#3519,#3520
      ,#3521,#3522,#3523,#3524,#3525,#3526,#3527,#3528,#3529,#3530,#3531
      ,#3532,#3533,#3534,#3535,#3536,#3537,#3538,#3539,#3540)
    ,(#3541,#3542,#3543,#3544,#3545,#3546,#3547,#3548,#3549,#3550,#3551
      ,#3552,#3553,#3554,#3555,#3556,#3557,#3558,#3559,#3560,#3561,#3562
      ,#3563,#3564,#3565,#3566,#3567,#3568,#3569,#3570,#3571,#3572,#3573
      ,#3574,#3575,#3576,#3577,#3578,#3579,#3580,#3581,#3582,#3583,#3584
      ,#3585,#3586,#3587,#3588,#3589,#3590,#3591,#3592,#3593,#3594,#3595
      ,#3596,#3597,#3598,#3599,#3600,#3601,#3602,#3603,#3604,#3605,#3606
      ,#3607,#3608,#3609,#3610,#3611,#3612,#3613,#3614,#3615,#3616,#3617
      ,#3618,#3619,#3620,#3621,#3622,#3623,#3624,#3625,#3626,#3627,#3628
      ,#3629,#3630,#3631,#3632,#3633,#3634,#3635,#3636,#3637,#3638,#3639
      ,#3640,#3641,#3642,#3643,#3644,#3645,#3646,#3647,#3648,#3649,#3650
      ,#3651,#3652,#3653,#3654,#3655,#3656,#3657,#3658,#3659,#3660,#3661
      ,#3662,#3663,#3664,#3665,#3666,#3667,#3668,#3669,#3670
  )),.UNSPECIFIED.,.F.,.F.,.F.,(4,4),(4,2,2,2,2,2,2,2,2,2,2,2,2,2,2,2,2,
    2,2,2,2,2,2,2,2,2,2,2,2,2,2,2,2,2,2,2,2,2,2,2,2,2,2,2,2,2,2,2,2,2,2,
    2,2,2,2,2,2,2,2,2,2,2,2,2,4),(0.,1.),(0.,1.5625E-02,3.125E-02,
    4.6875E-02,6.25E-02,7.8125E-02,9.375E-02,0.109375,0.125,0.140625,
    0.15625,0.171875,0.1875,0.203125,0.21875,0.234375,0.25,0.265625,
    0.28125,0.296875,0.3125,0.328125,0.34375,0.359375,0.375,0.390625,
    0.40625,0.421875,0.4375,0.453125,0.46875,0.484375,0.5,0.515625,
    0.53125,0.546875,0.5625,0.578125,0.59375,0.609375,0.625,0.640625,
    0.65625,0.671875,0.6875,0.703125,0.71875,0.734375,0.75,0.765625,
    0.78125,0.796875,0.8125,0.828125,0.84375,0.859375,0.875,0.890625,
    0.90625,0.921875,0.9375,0.953125,0.96875,0.984375,1.),
  .UNSPECIFIED.);
#3151 = CARTESIAN_POINT('',(0.,0.6096,1.016));
#3152 = CARTESIAN_POINT('',(-0.300294674031,0.63947085933,1.026156096504
    ));
#3153 = CARTESIAN_POINT('',(-0.605518330898,0.66913125,0.895609461483));
#3154 = CARTESIAN_POINT('',(-1.012177554458,0.7286625,0.43199924164));
#3155 = CARTESIAN_POINT('',(-1.107974303312,0.758428125,0.102943718785)
  );
#3156 = CARTESIAN_POINT('',(-1.004091628864,0.817959375,-0.523059753416)
  );
#3157 = CARTESIAN_POINT('',(-0.804666244902,0.847725,-0.813729625151));
#3158 = CARTESIAN_POINT('',(-0.239084205515,0.90725625,-1.138990122326)
  );
#3159 = CARTESIAN_POINT('',(0.121903909865,0.937021875,-1.169711845199)
  );
#3160 = CARTESIAN_POINT('',(0.74865784688,0.996553125,-0.932010154816));
#3161 = CARTESIAN_POINT('',(1.00799237558,1.02631875,-0.665194650707));
#3162 = CARTESIAN_POINT('',(1.227046443872,1.08585,-1.279696290728E-02)
  );
#3163 = CARTESIAN_POINT('',(1.183878137095,1.115615625,0.366626227364));
#3164 = CARTESIAN_POINT('',(0.808598478291,1.175146875,0.96470408359));
#3165 = CARTESIAN_POINT('',(0.479513301547,1.2049125,1.177073660507));
#3166 = CARTESIAN_POINT('',(-0.238679980597,1.26444375,1.268148082115));
#3167 = CARTESIAN_POINT('',(-0.614529194153,1.294209375,1.127640493334)
  );
#3168 = CARTESIAN_POINT('',(-1.127640493334,1.353740625,0.614529194153)
  );
#3169 = CARTESIAN_POINT('',(-1.261531082676,1.38350625,0.240330064945));
#3170 = CARTESIAN_POINT('',(-1.190405046899,1.4430375,-0.481824695289));
#3171 = CARTESIAN_POINT('',(-0.986084499073,1.472803125,-0.822712934967)
  );
#3172 = CARTESIAN_POINT('',(-0.382729441041,1.532334375,-1.225861895824)
  );
#3173 = CARTESIAN_POINT('',(1.040031501566E-02,1.5621,-1.28417718642));
#3174 = CARTESIAN_POINT('',(0.704803072804,1.62163125,-1.073532412757));
#3175 = CARTESIAN_POINT('',(0.999280279072,1.651396875,-0.806633830516)
  );
#3176 = CARTESIAN_POINT('',(1.27697411313,1.710928125,-0.136221610145));
#3177 = CARTESIAN_POINT('',(1.257473081065,1.74069375,0.260731016703));
#3178 = CARTESIAN_POINT('',(0.915404530037,1.800225,0.900696263489));
#3179 = CARTESIAN_POINT('',(0.596184676216,1.829990625,1.137445842455));
#3180 = CARTESIAN_POINT('',(-0.115521140833,1.889521875,1.279012931402)
  );
#3181 = CARTESIAN_POINT('',(-0.501041971639,1.9192875,1.182444990403));
#3182 = CARTESIAN_POINT('',(-1.061976201883,1.97881875,0.722098164592));
#3183 = CARTESIAN_POINT('',(-1.2319,2.008584375,0.362824479146));
#3184 = CARTESIAN_POINT('',(-1.2319,2.068115625,-0.362824479146));
#3185 = CARTESIAN_POINT('',(-1.061976201883,2.09788125,-0.722098164592)
  );
#3186 = CARTESIAN_POINT('',(-0.501041971639,2.1574125,-1.182444990403));
#3187 = CARTESIAN_POINT('',(-0.115521140833,2.187178125,-1.279012931402)
  );
#3188 = CARTESIAN_POINT('',(0.596184676217,2.246709375,-1.137445842455)
  );
#3189 = CARTESIAN_POINT('',(0.915404530037,2.276475,-0.900696263488));
#3190 = CARTESIAN_POINT('',(1.257473081065,2.33600625,-0.260731016704));
#3191 = CARTESIAN_POINT('',(1.276974113129,2.365771875,0.136221610146));
#3192 = CARTESIAN_POINT('',(0.999280279072,2.425303125,0.806633830515));
#3193 = CARTESIAN_POINT('',(0.704803072803,2.45506875,1.073532412757));
#3194 = CARTESIAN_POINT('',(1.040031501614E-02,2.5146,1.28417718642));
#3195 = CARTESIAN_POINT('',(-0.38272944104,2.544365625,1.225861895825));
#3196 = CARTESIAN_POINT('',(-0.986084499074,2.603896875,0.822712934966)
  );
#3197 = CARTESIAN_POINT('',(-1.190405046899,2.6336625,0.481824695289));
#3198 = CARTESIAN_POINT('',(-1.261531082676,2.69319375,-0.240330064945)
  );
#3199 = CARTESIAN_POINT('',(-1.127640493334,2.722959375,-0.614529194153)
  );
#3200 = CARTESIAN_POINT('',(-0.614529194153,2.782490625,-1.127640493334)
  );
#3201 = CARTESIAN_POINT('',(-0.240330064945,2.81225625,-1.261531082676)
  );
#3202 = CARTESIAN_POINT('',(0.481824695289,2.8717875,-1.190405046899));
#3203 = CARTESIAN_POINT('',(0.822712934967,2.901553125,-0.986084499073)
  );
#3204 = CARTESIAN_POINT('',(1.225861895824,2.961084375,-0.382729441041)
  );
#3205 = CARTESIAN_POINT('',(1.28417718642,2.99085,1.040031501622E-02));
#3206 = CARTESIAN_POINT('',(1.073532412757,3.05038125,0.704803072803));
#3207 = CARTESIAN_POINT('',(0.806633830515,3.080146875,0.999280279072));
#3208 = CARTESIAN_POINT('',(0.136221610146,3.139678125,1.276974113129));
#3209 = CARTESIAN_POINT('',(-0.260731016704,3.16944375,1.257473081065));
#3210 = CARTESIAN_POINT('',(-0.900696263488,3.228975,0.915404530037));
#3211 = CARTESIAN_POINT('',(-1.137445842455,3.258740625,0.596184676217)
  );
#3212 = CARTESIAN_POINT('',(-1.279012931402,3.318271875,-0.115521140834)
  );
#3213 = CARTESIAN_POINT('',(-1.182444990403,3.3480375,-0.501041971639));
#3214 = CARTESIAN_POINT('',(-0.722098164592,3.40756875,-1.061976201883)
  );
#3215 = CARTESIAN_POINT('',(-0.362824479154,3.437334375,-1.2319));
#3216 = CARTESIAN_POINT('',(0.362824479154,3.496865625,-1.2319));
#3217 = CARTESIAN_POINT('',(0.722098164592,3.52663125,-1.061976201883));
#3218 = CARTESIAN_POINT('',(1.182444990403,3.5861625,-0.501041971639));
#3219 = CARTESIAN_POINT('',(1.279012931402,3.615928125,-0.115521140833)
  );
#3220 = CARTESIAN_POINT('',(1.137445842455,3.675459375,0.596184676216));
#3221 = CARTESIAN_POINT('',(0.900696263488,3.705225,0.915404530037));
#3222 = CARTESIAN_POINT('',(0.260731016704,3.76475625,1.257473081065));
#3223 = CARTESIAN_POINT('',(-0.136221610146,3.794521875,1.276974113129)
  );
#3224 = CARTESIAN_POINT('',(-0.806633830515,3.854053125,0.999280279072)
  );
#3225 = CARTESIAN_POINT('',(-1.073532412757,3.88381875,0.704803072803));
#3226 = CARTESIAN_POINT('',(-1.28417718642,3.94335,1.040031501607E-02));
#3227 = CARTESIAN_POINT('',(-1.225861895824,3.973115625,-0.382729441041)
  );
#3228 = CARTESIAN_POINT('',(-0.822712934967,4.032646875,-0.986084499073)
  );
#3229 = CARTESIAN_POINT('',(-0.481824695289,4.0624125,-1.190405046899));
#3230 = CARTESIAN_POINT('',(0.240330064945,4.12194375,-1.261531082676));
#3231 = CARTESIAN_POINT('',(0.614529194153,4.151709375,-1.127640493334)
  );
#3232 = CARTESIAN_POINT('',(1.127640493334,4.211240625,-0.614529194153)
  );
#3233 = CARTESIAN_POINT('',(1.261531082676,4.24100625,-0.240330064945));
#3234 = CARTESIAN_POINT('',(1.190405046899,4.3005375,0.481824695289));
#3235 = CARTESIAN_POINT('',(0.986084499073,4.330303125,0.822712934967));
#3236 = CARTESIAN_POINT('',(0.382729441041,4.389834375,1.225861895824));
#3237 = CARTESIAN_POINT('',(-1.040031501622E-02,4.4196,1.28417718642));
#3238 = CARTESIAN_POINT('',(-0.704803072803,4.47913125,1.073532412757));
#3239 = CARTESIAN_POINT('',(-0.999280279072,4.508896875,0.806633830515)
  );
#3240 = CARTESIAN_POINT('',(-1.276974113129,4.568428125,0.136221610146)
  );
#3241 = CARTESIAN_POINT('',(-1.257473081065,4.59819375,-0.260731016704)
  );
#3242 = CARTESIAN_POINT('',(-0.915404530037,4.657725,-0.900696263488));
#3243 = CARTESIAN_POINT('',(-0.596184676216,4.687490625,-1.137445842455)
  );
#3244 = CARTESIAN_POINT('',(0.115521140833,4.747021875,-1.279012931402)
  );
#3245 = CARTESIAN_POINT('',(0.501041971639,4.7767875,-1.182444990403));
#3246 = CARTESIAN_POINT('',(1.061976201883,4.83631875,-0.722098164592));
#3247 = CARTESIAN_POINT('',(1.2319,4.866084375,-0.36282447917));
#3248 = CARTESIAN_POINT('',(1.2319,4.925615625,0.36282447917));
#3249 = CARTESIAN_POINT('',(1.061976201883,4.95538125,0.722098164592));
#3250 = CARTESIAN_POINT('',(0.501041971639,5.0149125,1.182444990403));
#3251 = CARTESIAN_POINT('',(0.115521140833,5.044678125,1.279012931402));
#3252 = CARTESIAN_POINT('',(-0.596184676216,5.104209375,1.137445842455)
  );
#3253 = CARTESIAN_POINT('',(-0.915404530036,5.133975,0.90069626349));
#3254 = CARTESIAN_POINT('',(-1.257473081066,5.19350625,0.260731016702));
#3255 = CARTESIAN_POINT('',(-1.276974113129,5.223271875,-0.136221610146)
  );
#3256 = CARTESIAN_POINT('',(-0.999280279072,5.282803125,-0.806633830515)
  );
#3257 = CARTESIAN_POINT('',(-0.704803072805,5.31256875,-1.073532412757)
  );
#3258 = CARTESIAN_POINT('',(-1.040031501386E-02,5.3721,-1.28417718642));
#3259 = CARTESIAN_POINT('',(0.382729441041,5.401865625,-1.225861895824)
  );
#3260 = CARTESIAN_POINT('',(0.986084499073,5.461396875,-0.822712934967)
  );
#3261 = CARTESIAN_POINT('',(1.190405046899,5.4911625,-0.481824695289));
#3262 = CARTESIAN_POINT('',(1.261531082676,5.55069375,0.240330064945));
#3263 = CARTESIAN_POINT('',(1.127640493334,5.580459375,0.614529194153));
#3264 = CARTESIAN_POINT('',(0.614529194153,5.639990625,1.127640493334));
#3265 = CARTESIAN_POINT('',(0.23722402382,5.66975625,1.273986611022));
#3266 = CARTESIAN_POINT('',(-0.477473836482,5.7292875,1.165310672524));
#3267 = CARTESIAN_POINT('',(-0.796144545835,5.759053125,0.945839011039)
  );
#3268 = CARTESIAN_POINT('',(-1.146833644194,5.818584375,0.352417509481)
  );
#3269 = CARTESIAN_POINT('',(-1.176636964922,5.84835,-1.491165215933E-02)
  );
#3270 = CARTESIAN_POINT('',(-0.950162931242,5.90788125,-0.630246043039)
  );
#3271 = CARTESIAN_POINT('',(-0.697502567046,5.937646875,-0.872654162477)
  );
#3272 = CARTESIAN_POINT('',(-0.109270645066,5.997178125,-1.075068667963)
  );
#3273 = CARTESIAN_POINT('',(0.219984077749,6.02694375,-1.034446334712));
#3274 = CARTESIAN_POINT('',(0.719933875809,6.086475,-0.724016474272));
#3275 = CARTESIAN_POINT('',(0.886426145556,6.116240625,-0.458537762553)
  );
#3276 = CARTESIAN_POINT('',(0.957057867489,6.175771875,
    9.184599329153E-02));
#3277 = CARTESIAN_POINT('',(0.861941580811,6.2055375,0.371079185143));
#3278 = CARTESIAN_POINT('',(0.50265377251,6.26506875,0.748815279391));
#3279 = CARTESIAN_POINT('',(0.243722609969,6.294761807007,0.844596454164
    ));
#3280 = CARTESIAN_POINT('',(-1.037599025254E-13,6.3246,0.8255));
#3281 = CARTESIAN_POINT('',(0.,0.5334,1.185333333333));
#3282 = CARTESIAN_POINT('',(-0.350389940465,0.563274794501,
    1.195490767792));
#3283 = CARTESIAN_POINT('',(-0.704775811004,0.59293125,1.041585571175));
#3284 = CARTESIAN_POINT('',(-1.174712947891,0.6524625,0.500870990851));
#3285 = CARTESIAN_POINT('',(-1.283783640853,0.682228125,0.118822912852)
  );
#3286 = CARTESIAN_POINT('',(-1.160441572954,0.741759375,-0.605009536539)
  );
#3287 = CARTESIAN_POINT('',(-0.928473291044,0.771525,-0.939558426737));
#3288 = CARTESIAN_POINT('',(-0.274923520912,0.83105625,-1.311838655599)
  );
#3289 = CARTESIAN_POINT('',(0.140628530113,0.860821875,-1.345240932792)
  );
#3290 = CARTESIAN_POINT('',(0.859535349059,0.920353125,-1.069368268901)
  );
#3291 = CARTESIAN_POINT('',(1.155556968461,0.95011875,-0.762074797968));
#3292 = CARTESIAN_POINT('',(1.403565644693,1.00965,-1.422655967635E-02)
  );
#3293 = CARTESIAN_POINT('',(1.352381490413,1.039415625,0.41923508533));
#3294 = CARTESIAN_POINT('',(0.921686167006,1.098946875,1.100248344541));
#3295 = CARTESIAN_POINT('',(0.545743500202,1.1287125,1.340703220219));
#3296 = CARTESIAN_POINT('',(-0.27171504106,1.18824375,1.441554416503));
#3297 = CARTESIAN_POINT('',(-0.699000561047,1.218009375,1.282642623002)
  );
#3298 = CARTESIAN_POINT('',(-1.282642623002,1.277540625,0.699000561047)
  );
#3299 = CARTESIAN_POINT('',(-1.434937417064,1.30730625,0.273365125419));
#3300 = CARTESIAN_POINT('',(-1.35403460661,1.3668375,-0.548054893954));
#3301 = CARTESIAN_POINT('',(-1.121628760114,1.396603125,-0.935800623622)
  );
#3302 = CARTESIAN_POINT('',(-0.435338298916,1.456134375,-1.394365249202)
  );
#3303 = CARTESIAN_POINT('',(1.182991158139E-02,1.4859,-1.460696387302));
#3304 = CARTESIAN_POINT('',(0.801683220268,1.54543125,-1.221097005576));
#3305 = CARTESIAN_POINT('',(1.136638393033,1.575196875,-0.917511332992)
  );
#3306 = CARTESIAN_POINT('',(1.452503200845,1.634728125,-0.154946230097)
  );
#3307 = CARTESIAN_POINT('',(1.430321614545,1.66449375,0.296570331714));
#3308 = CARTESIAN_POINT('',(1.041233331416,1.724025,1.024503310016));
#3309 = CARTESIAN_POINT('',(0.678134459888,1.753790625,1.293795786435));
#3310 = CARTESIAN_POINT('',(-0.131400335449,1.813321875,1.454822269052)
  );
#3311 = CARTESIAN_POINT('',(-0.569913720318,1.8430875,1.344980384273));
#3312 = CARTESIAN_POINT('',(-1.207952312108,1.90261875,0.821355644261));
#3313 = CARTESIAN_POINT('',(-1.401233333333,1.932384375,0.412697259785)
  );
#3314 = CARTESIAN_POINT('',(-1.401233333333,1.991915625,-0.412697259785)
  );
#3315 = CARTESIAN_POINT('',(-1.207952312108,2.02168125,-0.821355644261)
  );
#3316 = CARTESIAN_POINT('',(-0.569913720318,2.0812125,-1.344980384273));
#3317 = CARTESIAN_POINT('',(-0.131400335449,2.110978125,-1.454822269052)
  );
#3318 = CARTESIAN_POINT('',(0.678134459889,2.170509375,-1.293795786435)
  );
#3319 = CARTESIAN_POINT('',(1.041233331417,2.200275,-1.024503310016));
#3320 = CARTESIAN_POINT('',(1.430321614544,2.25980625,-0.296570331715));
#3321 = CARTESIAN_POINT('',(1.452503200845,2.289571875,0.154946230097));
#3322 = CARTESIAN_POINT('',(1.136638393034,2.349103125,0.917511332991));
#3323 = CARTESIAN_POINT('',(0.801683220268,2.37886875,1.221097005576));
#3324 = CARTESIAN_POINT('',(1.182991158194E-02,2.4384,1.460696387302));
#3325 = CARTESIAN_POINT('',(-0.435338298915,2.468165625,1.394365249203)
  );
#3326 = CARTESIAN_POINT('',(-1.121628760115,2.527696875,0.935800623621)
  );
#3327 = CARTESIAN_POINT('',(-1.354034606611,2.5574625,0.548054893954));
#3328 = CARTESIAN_POINT('',(-1.434937417064,2.61699375,-0.273365125419)
  );
#3329 = CARTESIAN_POINT('',(-1.282642623002,2.646759375,-0.699000561047)
  );
#3330 = CARTESIAN_POINT('',(-0.699000561047,2.706290625,-1.282642623002)
  );
#3331 = CARTESIAN_POINT('',(-0.273365125418,2.73605625,-1.434937417064)
  );
#3332 = CARTESIAN_POINT('',(0.548054893954,2.7955875,-1.35403460661));
#3333 = CARTESIAN_POINT('',(0.935800623622,2.825353125,-1.121628760114)
  );
#3334 = CARTESIAN_POINT('',(1.394365249202,2.884884375,-0.435338298916)
  );
#3335 = CARTESIAN_POINT('',(1.460696387302,2.91465,1.182991158204E-02));
#3336 = CARTESIAN_POINT('',(1.221097005576,2.97418125,0.801683220268));
#3337 = CARTESIAN_POINT('',(0.917511332991,3.003946875,1.136638393034));
#3338 = CARTESIAN_POINT('',(0.154946230097,3.063478125,1.452503200845));
#3339 = CARTESIAN_POINT('',(-0.296570331715,3.09324375,1.430321614544));
#3340 = CARTESIAN_POINT('',(-1.024503310016,3.152775,1.041233331417));
#3341 = CARTESIAN_POINT('',(-1.293795786435,3.182540625,0.678134459889)
  );
#3342 = CARTESIAN_POINT('',(-1.454822269052,3.242071875,-0.13140033545)
  );
#3343 = CARTESIAN_POINT('',(-1.344980384273,3.2718375,-0.569913720318));
#3344 = CARTESIAN_POINT('',(-0.821355644261,3.33136875,-1.207952312108)
  );
#3345 = CARTESIAN_POINT('',(-0.412697259794,3.361134375,-1.401233333333)
  );
#3346 = CARTESIAN_POINT('',(0.412697259794,3.420665625,-1.401233333333)
  );
#3347 = CARTESIAN_POINT('',(0.821355644261,3.45043125,-1.207952312108));
#3348 = CARTESIAN_POINT('',(1.344980384273,3.5099625,-0.569913720318));
#3349 = CARTESIAN_POINT('',(1.454822269052,3.539728125,-0.131400335449)
  );
#3350 = CARTESIAN_POINT('',(1.293795786435,3.599259375,0.678134459888));
#3351 = CARTESIAN_POINT('',(1.024503310016,3.629025,1.041233331417));
#3352 = CARTESIAN_POINT('',(0.296570331715,3.68855625,1.430321614544));
#3353 = CARTESIAN_POINT('',(-0.154946230097,3.718321875,1.452503200845)
  );
#3354 = CARTESIAN_POINT('',(-0.917511332992,3.777853125,1.136638393034)
  );
#3355 = CARTESIAN_POINT('',(-1.221097005576,3.80761875,0.801683220268));
#3356 = CARTESIAN_POINT('',(-1.460696387302,3.86715,1.182991158185E-02)
  );
#3357 = CARTESIAN_POINT('',(-1.394365249202,3.896915625,-0.435338298916)
  );
#3358 = CARTESIAN_POINT('',(-0.935800623622,3.956446875,-1.121628760114)
  );
#3359 = CARTESIAN_POINT('',(-0.548054893954,3.9862125,-1.35403460661));
#3360 = CARTESIAN_POINT('',(0.273365125419,4.04574375,-1.434937417064));
#3361 = CARTESIAN_POINT('',(0.699000561047,4.075509375,-1.282642623002)
  );
#3362 = CARTESIAN_POINT('',(1.282642623002,4.135040625,-0.699000561047)
  );
#3363 = CARTESIAN_POINT('',(1.434937417064,4.16480625,-0.273365125418));
#3364 = CARTESIAN_POINT('',(1.35403460661,4.2243375,0.548054893954));
#3365 = CARTESIAN_POINT('',(1.121628760114,4.254103125,0.935800623622));
#3366 = CARTESIAN_POINT('',(0.435338298916,4.313634375,1.394365249202));
#3367 = CARTESIAN_POINT('',(-1.182991158203E-02,4.3434,1.460696387302));
#3368 = CARTESIAN_POINT('',(-0.801683220268,4.40293125,1.221097005576));
#3369 = CARTESIAN_POINT('',(-1.136638393034,4.432696875,0.917511332991)
  );
#3370 = CARTESIAN_POINT('',(-1.452503200845,4.492228125,0.154946230097)
  );
#3371 = CARTESIAN_POINT('',(-1.430321614544,4.52199375,-0.296570331715)
  );
#3372 = CARTESIAN_POINT('',(-1.041233331417,4.581525,-1.024503310016));
#3373 = CARTESIAN_POINT('',(-0.678134459888,4.611290625,-1.293795786435)
  );
#3374 = CARTESIAN_POINT('',(0.131400335449,4.670821875,-1.454822269052)
  );
#3375 = CARTESIAN_POINT('',(0.569913720318,4.7005875,-1.344980384273));
#3376 = CARTESIAN_POINT('',(1.207952312108,4.76011875,-0.821355644261));
#3377 = CARTESIAN_POINT('',(1.401233333333,4.789884375,-0.412697259812)
  );
#3378 = CARTESIAN_POINT('',(1.401233333333,4.849415625,0.412697259812));
#3379 = CARTESIAN_POINT('',(1.207952312108,4.87918125,0.821355644261));
#3380 = CARTESIAN_POINT('',(0.569913720318,4.9387125,1.344980384273));
#3381 = CARTESIAN_POINT('',(0.131400335449,4.968478125,1.454822269052));
#3382 = CARTESIAN_POINT('',(-0.678134459888,5.028009375,1.293795786435)
  );
#3383 = CARTESIAN_POINT('',(-1.041233331415,5.057775,1.024503310018));
#3384 = CARTESIAN_POINT('',(-1.430321614545,5.11730625,0.296570331712));
#3385 = CARTESIAN_POINT('',(-1.452503200845,5.147071875,-0.154946230097)
  );
#3386 = CARTESIAN_POINT('',(-1.136638393034,5.206603125,-0.917511332992)
  );
#3387 = CARTESIAN_POINT('',(-0.80168322027,5.23636875,-1.221097005575));
#3388 = CARTESIAN_POINT('',(-1.182991157935E-02,5.2959,-1.460696387303)
  );
#3389 = CARTESIAN_POINT('',(0.435338298916,5.325665625,-1.394365249202)
  );
#3390 = CARTESIAN_POINT('',(1.121628760114,5.385196875,-0.935800623622)
  );
#3391 = CARTESIAN_POINT('',(1.35403460661,5.4149625,-0.548054893954));
#3392 = CARTESIAN_POINT('',(1.434937417064,5.47449375,0.273365125419));
#3393 = CARTESIAN_POINT('',(1.282642623002,5.504259375,0.699000561047));
#3394 = CARTESIAN_POINT('',(0.699000561047,5.563790625,1.282642623002));
#3395 = CARTESIAN_POINT('',(0.270259084274,5.59355625,1.447392945409));
#3396 = CARTESIAN_POINT('',(-0.543704035128,5.6530875,1.328940232237));
#3397 = CARTESIAN_POINT('',(-0.909232234607,5.682853125,1.081383271905)
  );
#3398 = CARTESIAN_POINT('',(-1.315336997455,5.742384375,0.405026367531)
  );
#3399 = CARTESIAN_POINT('',(-1.353156165683,5.77215,-1.634124912814E-02)
  );
#3400 = CARTESIAN_POINT('',(-1.097727524183,5.83168125,-0.7271261901));
#3401 = CARTESIAN_POINT('',(-0.808380068916,5.861446875,-1.01001227669)
  );
#3402 = CARTESIAN_POINT('',(-0.127995265623,5.920978125,-1.250597755428)
  );
#3403 = CARTESIAN_POINT('',(0.255823393568,5.95074375,-1.20729486776));
#3404 = CARTESIAN_POINT('',(0.843740921528,6.010275,-0.849845276083));
#3405 = CARTESIAN_POINT('',(1.042776089772,6.040040625,-0.540487545039)
  );
#3406 = CARTESIAN_POINT('',(1.132867204903,6.099571875,0.107725186722));
#3407 = CARTESIAN_POINT('',(1.024476973705,6.1293375,0.439950935011));
#3408 = CARTESIAN_POINT('',(0.601911253155,6.18886875,0.894791388427));
#3409 = CARTESIAN_POINT('',(0.293812830673,6.218552070874,1.013936018621
    ));
#3410 = CARTESIAN_POINT('',(-1.250439850948E-13,6.2484,0.994833333333));
#3411 = CARTESIAN_POINT('',(0.,0.4572,1.354666666667));
#3412 = CARTESIAN_POINT('',(-0.400485232571,0.487077747794,
    1.364825105242));
#3413 = CARTESIAN_POINT('',(-0.80403329111,0.51673125,1.187561680867));
#3414 = CARTESIAN_POINT('',(-1.337248341323,0.5762625,0.569742740063));
#3415 = CARTESIAN_POINT('',(-1.459592978393,0.606028125,0.134702106919)
  );
#3416 = CARTESIAN_POINT('',(-1.316791517043,0.665559375,-0.686959319663)
  );
#3417 = CARTESIAN_POINT('',(-1.052280337186,0.695325,-1.065387228323));
#3418 = CARTESIAN_POINT('',(-0.310762836308,0.75485625,-1.484687188873)
  );
#3419 = CARTESIAN_POINT('',(0.159353150362,0.784621875,-1.520770020384)
  );
#3420 = CARTESIAN_POINT('',(0.970412851238,0.844153125,-1.206726382986)
  );
#3421 = CARTESIAN_POINT('',(1.303121561341,0.87391875,-0.858954945229));
#3422 = CARTESIAN_POINT('',(1.580084845513,0.93345,-1.565615644544E-02)
  );
#3423 = CARTESIAN_POINT('',(1.52088484373,0.963215625,0.471843943295));
#3424 = CARTESIAN_POINT('',(1.034773855722,1.022746875,1.235792605491));
#3425 = CARTESIAN_POINT('',(0.611973698856,1.0525125,1.504332779931));
#3426 = CARTESIAN_POINT('',(-0.304750101523,1.11204375,1.61496075089));
#3427 = CARTESIAN_POINT('',(-0.783471927941,1.141809375,1.43764475267));
#3428 = CARTESIAN_POINT('',(-1.43764475267,1.201340625,0.783471927941));
#3429 = CARTESIAN_POINT('',(-1.608343751453,1.23110625,0.306400185892));
#3430 = CARTESIAN_POINT('',(-1.517664166322,1.2906375,-0.61428509262));
#3431 = CARTESIAN_POINT('',(-1.257173021155,1.320403125,-1.048888312277)
  );
#3432 = CARTESIAN_POINT('',(-0.487947156791,1.379934375,-1.56286860258)
  );
#3433 = CARTESIAN_POINT('',(1.325950814711E-02,1.4097,-1.637215588185));
#3434 = CARTESIAN_POINT('',(0.898563367733,1.46923125,-1.368661598395));
#3435 = CARTESIAN_POINT('',(1.273996506995,1.498996875,-1.028388835468)
  );
#3436 = CARTESIAN_POINT('',(1.62803228856,1.558528125,-0.173670850048));
#3437 = CARTESIAN_POINT('',(1.603170148024,1.58829375,0.332409646725));
#3438 = CARTESIAN_POINT('',(1.167062132796,1.647825,1.148310356544));
#3439 = CARTESIAN_POINT('',(0.760084243561,1.677590625,1.450145730415));
#3440 = CARTESIAN_POINT('',(-0.147279530065,1.737121875,1.630631606702)
  );
#3441 = CARTESIAN_POINT('',(-0.638785468997,1.7668875,1.507515778143));
#3442 = CARTESIAN_POINT('',(-1.353928422332,1.82641875,0.92061312393));
#3443 = CARTESIAN_POINT('',(-1.570566666667,1.856184375,0.462570040424)
  );
#3444 = CARTESIAN_POINT('',(-1.570566666667,1.915715625,-0.462570040424)
  );
#3445 = CARTESIAN_POINT('',(-1.353928422332,1.94548125,-0.92061312393));
#3446 = CARTESIAN_POINT('',(-0.638785468997,2.0050125,-1.507515778143));
#3447 = CARTESIAN_POINT('',(-0.147279530066,2.034778125,-1.630631606702)
  );
#3448 = CARTESIAN_POINT('',(0.760084243561,2.094309375,-1.450145730415)
  );
#3449 = CARTESIAN_POINT('',(1.167062132796,2.124075,-1.148310356543));
#3450 = CARTESIAN_POINT('',(1.603170148024,2.18360625,-0.332409646725));
#3451 = CARTESIAN_POINT('',(1.62803228856,2.213371875,0.173670850049));
#3452 = CARTESIAN_POINT('',(1.273996506995,2.272903125,1.028388835468));
#3453 = CARTESIAN_POINT('',(0.898563367732,2.30266875,1.368661598395));
#3454 = CARTESIAN_POINT('',(1.325950814771E-02,2.3622,1.637215588185));
#3455 = CARTESIAN_POINT('',(-0.48794715679,2.391965625,1.562868602581));
#3456 = CARTESIAN_POINT('',(-1.257173021156,2.451496875,1.048888312276)
  );
#3457 = CARTESIAN_POINT('',(-1.517664166322,2.4812625,0.614285092619));
#3458 = CARTESIAN_POINT('',(-1.608343751452,2.54079375,-0.306400185892)
  );
#3459 = CARTESIAN_POINT('',(-1.43764475267,2.570559375,-0.783471927941)
  );
#3460 = CARTESIAN_POINT('',(-0.783471927941,2.630090625,-1.43764475267)
  );
#3461 = CARTESIAN_POINT('',(-0.306400185892,2.65985625,-1.608343751453)
  );
#3462 = CARTESIAN_POINT('',(0.614285092619,2.7193875,-1.517664166322));
#3463 = CARTESIAN_POINT('',(1.048888312277,2.749153125,-1.257173021155)
  );
#3464 = CARTESIAN_POINT('',(1.56286860258,2.808684375,-0.487947156791));
#3465 = CARTESIAN_POINT('',(1.637215588185,2.83845,1.325950814785E-02));
#3466 = CARTESIAN_POINT('',(1.368661598395,2.89798125,0.898563367732));
#3467 = CARTESIAN_POINT('',(1.028388835468,2.927746875,1.273996506995));
#3468 = CARTESIAN_POINT('',(0.173670850049,2.987278125,1.62803228856));
#3469 = CARTESIAN_POINT('',(-0.332409646726,3.01704375,1.603170148024));
#3470 = CARTESIAN_POINT('',(-1.148310356543,3.076575,1.167062132796));
#3471 = CARTESIAN_POINT('',(-1.450145730415,3.106340625,0.760084243562)
  );
#3472 = CARTESIAN_POINT('',(-1.630631606702,3.165871875,-0.147279530067)
  );
#3473 = CARTESIAN_POINT('',(-1.507515778143,3.1956375,-0.638785468997));
#3474 = CARTESIAN_POINT('',(-0.92061312393,3.25516875,-1.353928422332));
#3475 = CARTESIAN_POINT('',(-0.462570040434,3.284934375,-1.570566666667)
  );
#3476 = CARTESIAN_POINT('',(0.462570040434,3.344465625,-1.570566666667)
  );
#3477 = CARTESIAN_POINT('',(0.92061312393,3.37423125,-1.353928422332));
#3478 = CARTESIAN_POINT('',(1.507515778143,3.4337625,-0.638785468997));
#3479 = CARTESIAN_POINT('',(1.630631606702,3.463528125,-0.147279530065)
  );
#3480 = CARTESIAN_POINT('',(1.450145730415,3.523059375,0.760084243561));
#3481 = CARTESIAN_POINT('',(1.148310356543,3.552825,1.167062132796));
#3482 = CARTESIAN_POINT('',(0.332409646725,3.61235625,1.603170148024));
#3483 = CARTESIAN_POINT('',(-0.173670850049,3.642121875,1.62803228856));
#3484 = CARTESIAN_POINT('',(-1.028388835468,3.701653125,1.273996506995)
  );
#3485 = CARTESIAN_POINT('',(-1.368661598395,3.73141875,0.898563367732));
#3486 = CARTESIAN_POINT('',(-1.637215588185,3.79095,1.325950814764E-02)
  );
#3487 = CARTESIAN_POINT('',(-1.56286860258,3.820715625,-0.487947156791)
  );
#3488 = CARTESIAN_POINT('',(-1.048888312277,3.880246875,-1.257173021155)
  );
#3489 = CARTESIAN_POINT('',(-0.614285092619,3.9100125,-1.517664166322));
#3490 = CARTESIAN_POINT('',(0.306400185892,3.96954375,-1.608343751453));
#3491 = CARTESIAN_POINT('',(0.783471927941,3.999309375,-1.43764475267));
#3492 = CARTESIAN_POINT('',(1.43764475267,4.058840625,-0.783471927941));
#3493 = CARTESIAN_POINT('',(1.608343751453,4.08860625,-0.306400185892));
#3494 = CARTESIAN_POINT('',(1.517664166322,4.1481375,0.614285092619));
#3495 = CARTESIAN_POINT('',(1.257173021155,4.177903125,1.048888312277));
#3496 = CARTESIAN_POINT('',(0.487947156791,4.237434375,1.56286860258));
#3497 = CARTESIAN_POINT('',(-1.325950814784E-02,4.2672,1.637215588185));
#3498 = CARTESIAN_POINT('',(-0.898563367732,4.32673125,1.368661598395));
#3499 = CARTESIAN_POINT('',(-1.273996506995,4.356496875,1.028388835468)
  );
#3500 = CARTESIAN_POINT('',(-1.62803228856,4.416028125,0.173670850049));
#3501 = CARTESIAN_POINT('',(-1.603170148024,4.44579375,-0.332409646726)
  );
#3502 = CARTESIAN_POINT('',(-1.167062132796,4.505325,-1.148310356543));
#3503 = CARTESIAN_POINT('',(-0.760084243561,4.535090625,-1.450145730415)
  );
#3504 = CARTESIAN_POINT('',(0.147279530065,4.594621875,-1.630631606702)
  );
#3505 = CARTESIAN_POINT('',(0.638785468997,4.6243875,-1.507515778143));
#3506 = CARTESIAN_POINT('',(1.353928422332,4.68391875,-0.92061312393));
#3507 = CARTESIAN_POINT('',(1.570566666667,4.713684375,-0.462570040454)
  );
#3508 = CARTESIAN_POINT('',(1.570566666667,4.773215625,0.462570040454));
#3509 = CARTESIAN_POINT('',(1.353928422332,4.80298125,0.92061312393));
#3510 = CARTESIAN_POINT('',(0.638785468997,4.8625125,1.507515778143));
#3511 = CARTESIAN_POINT('',(0.147279530065,4.892278125,1.630631606702));
#3512 = CARTESIAN_POINT('',(-0.760084243561,4.951809375,1.450145730415)
  );
#3513 = CARTESIAN_POINT('',(-1.167062132795,4.981575,1.148310356546));
#3514 = CARTESIAN_POINT('',(-1.603170148025,5.04110625,0.332409646723));
#3515 = CARTESIAN_POINT('',(-1.62803228856,5.070871875,-0.173670850049)
  );
#3516 = CARTESIAN_POINT('',(-1.273996506995,5.130403125,-1.028388835468)
  );
#3517 = CARTESIAN_POINT('',(-0.898563367735,5.16016875,-1.368661598394)
  );
#3518 = CARTESIAN_POINT('',(-1.325950814484E-02,5.2197,-1.637215588186)
  );
#3519 = CARTESIAN_POINT('',(0.487947156791,5.249465625,-1.56286860258));
#3520 = CARTESIAN_POINT('',(1.257173021155,5.308996875,-1.048888312277)
  );
#3521 = CARTESIAN_POINT('',(1.517664166322,5.3387625,-0.614285092619));
#3522 = CARTESIAN_POINT('',(1.608343751453,5.39829375,0.306400185892));
#3523 = CARTESIAN_POINT('',(1.43764475267,5.428059375,0.783471927941));
#3524 = CARTESIAN_POINT('',(0.783471927941,5.487590625,1.43764475267));
#3525 = CARTESIAN_POINT('',(0.303294144728,5.51735625,1.620799279795));
#3526 = CARTESIAN_POINT('',(-0.609934233773,5.5768875,1.49256979195));
#3527 = CARTESIAN_POINT('',(-1.022319923379,5.606653125,1.216927532771)
  );
#3528 = CARTESIAN_POINT('',(-1.483840350716,5.666184375,0.457635225581)
  );
#3529 = CARTESIAN_POINT('',(-1.529675366443,5.69595,-1.777084609695E-02)
  );
#3530 = CARTESIAN_POINT('',(-1.245292117125,5.75548125,-0.824006337162)
  );
#3531 = CARTESIAN_POINT('',(-0.919257570787,5.785246875,-1.147370390902)
  );
#3532 = CARTESIAN_POINT('',(-0.14671988618,5.844778125,-1.426126842892)
  );
#3533 = CARTESIAN_POINT('',(0.291662709387,5.87454375,-1.380143400807));
#3534 = CARTESIAN_POINT('',(0.967547967247,5.934075,-0.975674077895));
#3535 = CARTESIAN_POINT('',(1.199126033988,5.963840625,-0.622437327526)
  );
#3536 = CARTESIAN_POINT('',(1.308676542317,6.023371875,0.123604380152));
#3537 = CARTESIAN_POINT('',(1.187012366599,6.0531375,0.508822684879));
#3538 = CARTESIAN_POINT('',(0.7011687338,6.11266875,1.040767497462));
#3539 = CARTESIAN_POINT('',(0.343904782095,6.142345016824,1.183273866544
    ));
#3540 = CARTESIAN_POINT('',(-1.463280676641E-13,6.1722,1.164166666667));
#3541 = CARTESIAN_POINT('',(0.,0.381,1.524));
#3542 = CARTESIAN_POINT('',(-0.45058051774,0.410880044339,1.534159219397
    ));
#3543 = CARTESIAN_POINT('',(-0.903290771216,0.44053125,1.333537790559));
#3544 = CARTESIAN_POINT('',(-1.499783734756,0.5000625,0.638614489274));
#3545 = CARTESIAN_POINT('',(-1.635402315934,0.529828125,0.150581300987)
  );
#3546 = CARTESIAN_POINT('',(-1.473141461132,0.589359375,-0.768909102786)
  );
#3547 = CARTESIAN_POINT('',(-1.176087383328,0.619125,-1.191216029908));
#3548 = CARTESIAN_POINT('',(-0.346602151705,0.67865625,-1.657535722146)
  );
#3549 = CARTESIAN_POINT('',(0.178077770611,0.708421875,-1.696299107976)
  );
#3550 = CARTESIAN_POINT('',(1.081290353417,0.767953125,-1.344084497071)
  );
#3551 = CARTESIAN_POINT('',(1.450686154222,0.79771875,-0.95583509249));
#3552 = CARTESIAN_POINT('',(1.756604046334,0.85725,-1.708575321451E-02)
  );
#3553 = CARTESIAN_POINT('',(1.689388197048,0.887015625,0.524452801261));
#3554 = CARTESIAN_POINT('',(1.147861544438,0.946546875,1.371336866442));
#3555 = CARTESIAN_POINT('',(0.678203897511,0.9763125,1.667962339644));
#3556 = CARTESIAN_POINT('',(-0.337785161986,1.03584375,1.788367085278));
#3557 = CARTESIAN_POINT('',(-0.867943294835,1.065609375,1.592646882338)
  );
#3558 = CARTESIAN_POINT('',(-1.592646882338,1.125140625,0.867943294835)
  );
#3559 = CARTESIAN_POINT('',(-1.781750085841,1.15490625,0.339435246366));
#3560 = CARTESIAN_POINT('',(-1.681293726033,1.2144375,-0.680515291285));
#3561 = CARTESIAN_POINT('',(-1.392717282196,1.244203125,-1.161976000932)
  );
#3562 = CARTESIAN_POINT('',(-0.540556014666,1.303734375,-1.731371955958)
  );
#3563 = CARTESIAN_POINT('',(1.468910471285E-02,1.3335,-1.813734789067));
#3564 = CARTESIAN_POINT('',(0.995443515197,1.39303125,-1.516226191214));
#3565 = CARTESIAN_POINT('',(1.411354620957,1.422796875,-1.139266337945)
  );
#3566 = CARTESIAN_POINT('',(1.803561376276,1.482328125,-0.192395469999)
  );
#3567 = CARTESIAN_POINT('',(1.776018681504,1.51209375,0.368248961736));
#3568 = CARTESIAN_POINT('',(1.292890934175,1.571625,1.272117403072));
#3569 = CARTESIAN_POINT('',(0.842034027233,1.601390625,1.606495674396));
#3570 = CARTESIAN_POINT('',(-0.163158724681,1.660921875,1.806440944352)
  );
#3571 = CARTESIAN_POINT('',(-0.707657217676,1.6906875,1.670051172013));
#3572 = CARTESIAN_POINT('',(-1.499904532557,1.75021875,1.019870603599));
#3573 = CARTESIAN_POINT('',(-1.7399,1.779984375,0.512442821062));
#3574 = CARTESIAN_POINT('',(-1.7399,1.839515625,-0.512442821062));
#3575 = CARTESIAN_POINT('',(-1.499904532557,1.86928125,-1.019870603599)
  );
#3576 = CARTESIAN_POINT('',(-0.707657217676,1.9288125,-1.670051172013));
#3577 = CARTESIAN_POINT('',(-0.163158724682,1.958578125,-1.806440944352)
  );
#3578 = CARTESIAN_POINT('',(0.842034027234,2.018109375,-1.606495674395)
  );
#3579 = CARTESIAN_POINT('',(1.292890934176,2.047875,-1.272117403071));
#3580 = CARTESIAN_POINT('',(1.776018681504,2.10740625,-0.368248961736));
#3581 = CARTESIAN_POINT('',(1.803561376276,2.137171875,0.19239547));
#3582 = CARTESIAN_POINT('',(1.411354620957,2.196703125,1.139266337944));
#3583 = CARTESIAN_POINT('',(0.995443515196,2.22646875,1.516226191214));
#3584 = CARTESIAN_POINT('',(1.468910471349E-02,2.286,1.813734789067));
#3585 = CARTESIAN_POINT('',(-0.540556014664,2.315765625,1.731371955959)
  );
#3586 = CARTESIAN_POINT('',(-1.392717282197,2.375296875,1.161976000931)
  );
#3587 = CARTESIAN_POINT('',(-1.681293726033,2.4050625,0.680515291284));
#3588 = CARTESIAN_POINT('',(-1.781750085841,2.46459375,-0.339435246366)
  );
#3589 = CARTESIAN_POINT('',(-1.592646882338,2.494359375,-0.867943294835)
  );
#3590 = CARTESIAN_POINT('',(-0.867943294835,2.553890625,-1.592646882338)
  );
#3591 = CARTESIAN_POINT('',(-0.339435246366,2.58365625,-1.781750085841)
  );
#3592 = CARTESIAN_POINT('',(0.680515291284,2.6431875,-1.681293726033));
#3593 = CARTESIAN_POINT('',(1.161976000932,2.672953125,-1.392717282196)
  );
#3594 = CARTESIAN_POINT('',(1.731371955958,2.732484375,-0.540556014666)
  );
#3595 = CARTESIAN_POINT('',(1.813734789067,2.76225,1.468910471363E-02));
#3596 = CARTESIAN_POINT('',(1.516226191214,2.82178125,0.995443515197));
#3597 = CARTESIAN_POINT('',(1.139266337944,2.851546875,1.411354620957));
#3598 = CARTESIAN_POINT('',(0.19239547,2.911078125,1.803561376276));
#3599 = CARTESIAN_POINT('',(-0.368248961736,2.94084375,1.776018681504));
#3600 = CARTESIAN_POINT('',(-1.272117403071,3.000375,1.292890934176));
#3601 = CARTESIAN_POINT('',(-1.606495674395,3.030140625,0.842034027234)
  );
#3602 = CARTESIAN_POINT('',(-1.806440944352,3.089671875,-0.163158724683)
  );
#3603 = CARTESIAN_POINT('',(-1.670051172013,3.1194375,-0.707657217676));
#3604 = CARTESIAN_POINT('',(-1.019870603599,3.17896875,-1.499904532557)
  );
#3605 = CARTESIAN_POINT('',(-0.512442821073,3.208734375,-1.7399));
#3606 = CARTESIAN_POINT('',(0.512442821073,3.268265625,-1.7399));
#3607 = CARTESIAN_POINT('',(1.019870603599,3.29803125,-1.499904532557));
#3608 = CARTESIAN_POINT('',(1.670051172013,3.3575625,-0.707657217676));
#3609 = CARTESIAN_POINT('',(1.806440944352,3.387328125,-0.163158724681)
  );
#3610 = CARTESIAN_POINT('',(1.606495674395,3.446859375,0.842034027233));
#3611 = CARTESIAN_POINT('',(1.272117403071,3.476625,1.292890934176));
#3612 = CARTESIAN_POINT('',(0.368248961736,3.53615625,1.776018681504));
#3613 = CARTESIAN_POINT('',(-0.19239547,3.565921875,1.803561376276));
#3614 = CARTESIAN_POINT('',(-1.139266337944,3.625453125,1.411354620957)
  );
#3615 = CARTESIAN_POINT('',(-1.516226191214,3.65521875,0.995443515196));
#3616 = CARTESIAN_POINT('',(-1.813734789067,3.71475,1.468910471343E-02)
  );
#3617 = CARTESIAN_POINT('',(-1.731371955958,3.744515625,-0.540556014666)
  );
#3618 = CARTESIAN_POINT('',(-1.161976000932,3.804046875,-1.392717282196)
  );
#3619 = CARTESIAN_POINT('',(-0.680515291284,3.8338125,-1.681293726033));
#3620 = CARTESIAN_POINT('',(0.339435246366,3.89334375,-1.781750085841));
#3621 = CARTESIAN_POINT('',(0.867943294835,3.923109375,-1.592646882338)
  );
#3622 = CARTESIAN_POINT('',(1.592646882338,3.982640625,-0.867943294835)
  );
#3623 = CARTESIAN_POINT('',(1.781750085841,4.01240625,-0.339435246365));
#3624 = CARTESIAN_POINT('',(1.681293726033,4.0719375,0.680515291285));
#3625 = CARTESIAN_POINT('',(1.392717282196,4.101703125,1.161976000932));
#3626 = CARTESIAN_POINT('',(0.540556014666,4.161234375,1.731371955958));
#3627 = CARTESIAN_POINT('',(-1.468910471366E-02,4.191,1.813734789067));
#3628 = CARTESIAN_POINT('',(-0.995443515197,4.25053125,1.516226191214));
#3629 = CARTESIAN_POINT('',(-1.411354620957,4.280296875,1.139266337944)
  );
#3630 = CARTESIAN_POINT('',(-1.803561376276,4.339828125,0.19239547));
#3631 = CARTESIAN_POINT('',(-1.776018681504,4.36959375,-0.368248961736)
  );
#3632 = CARTESIAN_POINT('',(-1.292890934176,4.429125,-1.272117403071));
#3633 = CARTESIAN_POINT('',(-0.842034027233,4.458890625,-1.606495674396)
  );
#3634 = CARTESIAN_POINT('',(0.163158724681,4.518421875,-1.806440944352)
  );
#3635 = CARTESIAN_POINT('',(0.707657217676,4.5481875,-1.670051172013));
#3636 = CARTESIAN_POINT('',(1.499904532557,4.60771875,-1.019870603599));
#3637 = CARTESIAN_POINT('',(1.7399,4.637484375,-0.512442821095));
#3638 = CARTESIAN_POINT('',(1.7399,4.697015625,0.512442821096));
#3639 = CARTESIAN_POINT('',(1.499904532557,4.72678125,1.019870603599));
#3640 = CARTESIAN_POINT('',(0.707657217676,4.7863125,1.670051172013));
#3641 = CARTESIAN_POINT('',(0.163158724681,4.816078125,1.806440944352));
#3642 = CARTESIAN_POINT('',(-0.842034027233,4.875609375,1.606495674395)
  );
#3643 = CARTESIAN_POINT('',(-1.292890934174,4.905375,1.272117403073));
#3644 = CARTESIAN_POINT('',(-1.776018681505,4.96490625,0.368248961733));
#3645 = CARTESIAN_POINT('',(-1.803561376276,4.994671875,-0.19239547));
#3646 = CARTESIAN_POINT('',(-1.411354620957,5.054203125,-1.139266337944)
  );
#3647 = CARTESIAN_POINT('',(-0.995443515199,5.08396875,-1.516226191213)
  );
#3648 = CARTESIAN_POINT('',(-1.468910471031E-02,5.1435,-1.813734789068)
  );
#3649 = CARTESIAN_POINT('',(0.540556014666,5.173265625,-1.731371955958)
  );
#3650 = CARTESIAN_POINT('',(1.392717282196,5.232796875,-1.161976000932)
  );
#3651 = CARTESIAN_POINT('',(1.681293726033,5.2625625,-0.680515291284));
#3652 = CARTESIAN_POINT('',(1.781750085841,5.32209375,0.339435246366));
#3653 = CARTESIAN_POINT('',(1.592646882338,5.351859375,0.867943294835));
#3654 = CARTESIAN_POINT('',(0.867943294835,5.411390625,1.592646882338));
#3655 = CARTESIAN_POINT('',(0.336329205182,5.44115625,1.794205614182));
#3656 = CARTESIAN_POINT('',(-0.676164432419,5.5006875,1.656199351663));
#3657 = CARTESIAN_POINT('',(-1.135407612151,5.530453125,1.352471793637)
  );
#3658 = CARTESIAN_POINT('',(-1.652343703977,5.589984375,0.510244083631)
  );
#3659 = CARTESIAN_POINT('',(-1.706194567203,5.61975,-1.920044306576E-02)
  );
#3660 = CARTESIAN_POINT('',(-1.392856710066,5.67928125,-0.920886484223)
  );
#3661 = CARTESIAN_POINT('',(-1.030135072658,5.709046875,-1.284728505115)
  );
#3662 = CARTESIAN_POINT('',(-0.165444506737,5.768578125,-1.601655930357)
  );
#3663 = CARTESIAN_POINT('',(0.327502025207,5.79834375,-1.552991933855));
#3664 = CARTESIAN_POINT('',(1.091355012966,5.857875,-1.101502879707));
#3665 = CARTESIAN_POINT('',(1.355475978204,5.887640625,-0.704387110012)
  );
#3666 = CARTESIAN_POINT('',(1.484485879731,5.947171875,0.139483573583));
#3667 = CARTESIAN_POINT('',(1.349547759493,5.9769375,0.577694434747));
#3668 = CARTESIAN_POINT('',(0.800426214445,6.03646875,1.186743606498));
#3669 = CARTESIAN_POINT('',(0.393997701933,6.066139680884,1.352610614875
    ));
#3670 = CARTESIAN_POINT('',(-1.676121502334E-13,6.096,1.3335));
#3671 = ADVANCED_FACE('',(#3672),#3697,.F.);
#3672 = FACE_BOUND('',#3673,.T.);
#3673 = EDGE_LOOP('',(#3674,#3682,#3690,#3696));
#3674 = ORIENTED_EDGE('',*,*,#3675,.F.);
#3675 = EDGE_CURVE('',#3676,#3129,#3678,.T.);
#3676 = VERTEX_POINT('',#3677);
#3677 = CARTESIAN_POINT('',(-1.628232316553E-13,6.028055,1.2954));
#3678 = LINE('',#3679,#3680);
#3679 = CARTESIAN_POINT('',(-1.628232316553E-13,-3.9878872807E-29,1.2954
    ));
#3680 = VECTOR('',#3681,1.);
#3681 = DIRECTION('',(-2.449212707645E-16,1.,0.));
#3682 = ORIENTED_EDGE('',*,*,#3683,.F.);
#3683 = EDGE_CURVE('',#3684,#3676,#3686,.T.);
#3684 = VERTEX_POINT('',#3685);
#3685 = CARTESIAN_POINT('',(-1.676121502334E-13,6.0452,1.3335));
#3686 = LINE('',#3687,#3688);
#3687 = CARTESIAN_POINT('',(-1.676121502334E-13,6.0452,1.3335));
#3688 = VECTOR('',#3689,1.);
#3689 = DIRECTION('',(1.146225154304E-13,-0.410364677329,-0.911921505175
    ));
#3690 = ORIENTED_EDGE('',*,*,#3691,.F.);
#3691 = EDGE_CURVE('',#2994,#3684,#3692,.T.);
#3692 = LINE('',#3693,#3694);
#3693 = CARTESIAN_POINT('',(-1.676121502334E-13,6.0452,1.3335));
#3694 = VECTOR('',#3695,1.);
#3695 = DIRECTION('',(0.,-1.,-0.));
#3696 = ORIENTED_EDGE('',*,*,#3128,.F.);
#3697 = PLANE('',#3698);
#3698 = AXIS2_PLACEMENT_3D('',#3699,#3700,#3701);
#3699 = CARTESIAN_POINT('',(-1.037599025254E-13,5.8166,0.8255));
#3700 = DIRECTION('',(1.,0.,1.256934009999E-13));
#3701 = DIRECTION('',(1.256934009999E-13,0.,-1.));
#3702 = ADVANCED_FACE('',(#3703),#4349,.F.);
#3703 = FACE_BOUND('',#3704,.F.);
#3704 = EDGE_LOOP('',(#3705,#3736,#3765,#3792,#3819,#3846,#3873,#3900,
    #3929,#3956,#3983,#4010,#4037,#4066,#4093,#4120,#4147,#4174,#4187,
    #4188,#4323,#4331,#4340));
#3705 = ORIENTED_EDGE('',*,*,#3706,.T.);
#3706 = EDGE_CURVE('',#3707,#3709,#3711,.T.);
#3707 = VERTEX_POINT('',#3708);
#3708 = CARTESIAN_POINT('',(-1.2954,0.362189796448,2.030304093251E-13));
#3709 = VERTEX_POINT('',#3710);
#3710 = CARTESIAN_POINT('',(1.2954,0.631443645996,-1.328147661295E-15));
#3711 = B_SPLINE_CURVE_WITH_KNOTS('',3,(#3712,#3713,#3714,#3715,#3716,
    #3717,#3718,#3719,#3720,#3721,#3722,#3723,#3724,#3725,#3726,#3727,
    #3728,#3729,#3730,#3731,#3732,#3733,#3734,#3735),.UNSPECIFIED.,.F.,
  .F.,(4,2,2,2,2,2,2,2,2,2,2,4),(2.029898264531E-03,2.283594487486E-03,
    2.53729071044E-03,3.044683156349E-03,3.552075602257E-03,
    3.805771825212E-03,4.059468048166E-03,4.566860494075E-03,
    5.074252939984E-03,5.581645385892E-03,5.835341608847E-03,
    6.089037831801E-03),.UNSPECIFIED.);
#3712 = CARTESIAN_POINT('',(-1.2954,0.362189796448,2.030304093251E-13));
#3713 = CARTESIAN_POINT('',(-1.2954,0.36757344789,-8.449589750623E-02));
#3714 = CARTESIAN_POINT('',(-1.286948979001,0.373044294584,
    -0.170305701018));
#3715 = CARTESIAN_POINT('',(-1.253795978691,0.38424605842,
    -0.336507578173));
#3716 = CARTESIAN_POINT('',(-1.229294810383,0.390027584095,
    -0.417241258507));
#3717 = CARTESIAN_POINT('',(-1.131937612031,0.407474653298,
    -0.652347880357));
#3718 = CARTESIAN_POINT('',(-1.03676517906,0.418755069594,
    -0.795231388758));
#3719 = CARTESIAN_POINT('',(-0.795022676405,0.440671947452,
    -1.036925234615));
#3720 = CARTESIAN_POINT('',(-0.65228793293,0.451246168799,
    -1.132033191639));
#3721 = CARTESIAN_POINT('',(-0.416580017837,0.468615338305,
    -1.229533095262));
#3722 = CARTESIAN_POINT('',(-0.335801229356,0.474420761963,
    -1.253975072009));
#3723 = CARTESIAN_POINT('',(-0.169883048025,0.485911800736,
    -1.286994831711));
#3724 = CARTESIAN_POINT('',(-8.400870330444E-02,0.491641722257,
    -1.295437895484));
#3725 = CARTESIAN_POINT('',(0.169764377536,0.508192622838,
    -1.295323816373));
#3726 = CARTESIAN_POINT('',(0.34015266276,0.518737540692,-1.261287112349
    ));
#3727 = CARTESIAN_POINT('',(0.651986921723,0.541046966784,
    -1.132016814214));
#3728 = CARTESIAN_POINT('',(0.796554956496,0.553113575017,
    -1.035414466059));
#3729 = CARTESIAN_POINT('',(1.035395615518,0.575625447951,
    -0.796579459067));
#3730 = CARTESIAN_POINT('',(1.13184967957,0.586310494783,-0.652466952008
    ));
#3731 = CARTESIAN_POINT('',(1.229182359185,0.602665045946,
    -0.417559340718));
#3732 = CARTESIAN_POINT('',(1.254165883674,0.608335869014,
    -0.335057913074));
#3733 = CARTESIAN_POINT('',(1.287056461033,0.619839083069,
    -0.169356236965));
#3734 = CARTESIAN_POINT('',(1.2954,0.625649647159,-8.53009689616E-02));
#3735 = CARTESIAN_POINT('',(1.2954,0.631443645996,-1.328147661295E-15));
#3736 = ORIENTED_EDGE('',*,*,#3737,.T.);
#3737 = EDGE_CURVE('',#3709,#3738,#3740,.T.);
#3738 = VERTEX_POINT('',#3739);
#3739 = CARTESIAN_POINT('',(-1.2954,0.924055472316,1.988674795585E-11));
#3740 = B_SPLINE_CURVE_WITH_KNOTS('',3,(#3741,#3742,#3743,#3744,#3745,
    #3746,#3747,#3748,#3749,#3750,#3751,#3752,#3753,#3754,#3755,#3756,
    #3757,#3758,#3759,#3760,#3761,#3762,#3763,#3764),.UNSPECIFIED.,.F.,
  .F.,(4,2,2,2,2,2,2,2,2,2,2,4),(6.089037831801E-03,6.596572558127E-03,
    6.850339921291E-03,7.104107284454E-03,7.61164201078E-03,
    8.119176737106E-03,8.626711463432E-03,8.880478826596E-03,
    9.134246189759E-03,9.641780916085E-03,9.895548279248E-03,
    1.014931564241E-02),.UNSPECIFIED.);
#3741 = CARTESIAN_POINT('',(1.2954,0.631443645996,-1.328147661295E-15));
#3742 = CARTESIAN_POINT('',(1.2954,0.643034893119,0.170649777254));
#3743 = CARTESIAN_POINT('',(1.261819344113,0.653914581162,0.338971551158
    ));
#3744 = CARTESIAN_POINT('',(1.163896188961,0.67019809342,0.57503388921)
  );
#3745 = CARTESIAN_POINT('',(1.123997886989,0.675557516457,0.649492550284
    ));
#3746 = CARTESIAN_POINT('',(1.030023410574,0.686733782025,0.790103535304
    ));
#3747 = CARTESIAN_POINT('',(0.975266784993,0.692645863113,0.856786741313
    ));
#3748 = CARTESIAN_POINT('',(0.795548950459,0.710059623361,1.036259463373
    ));
#3749 = CARTESIAN_POINT('',(0.651077132696,0.721465632397,1.13255550967)
  );
#3750 = CARTESIAN_POINT('',(0.338940086201,0.743120138754,1.26162713714)
  );
#3751 = CARTESIAN_POINT('',(0.168201646896,0.753406188268,1.295478461646
    ));
#3752 = CARTESIAN_POINT('',(-0.16940802376,0.777900850012,1.295321257485
    ));
#3753 = CARTESIAN_POINT('',(-0.339470581993,0.791827281644,1.26153317622
    ));
#3754 = CARTESIAN_POINT('',(-0.574010187621,0.811818720448,
    1.164360224412));
#3755 = CARTESIAN_POINT('',(-0.650024421059,0.818485661014,
    1.123684177574));
#3756 = CARTESIAN_POINT('',(-0.790459527447,0.831492837671,
    1.029743470177));
#3757 = CARTESIAN_POINT('',(-0.85573725777,0.837902986684,0.976228873066
    ));
#3758 = CARTESIAN_POINT('',(-1.036344274759,0.857828626548,
    0.795640202573));
#3759 = CARTESIAN_POINT('',(-1.131600721292,0.871734824028,
    0.653144145113));
#3760 = CARTESIAN_POINT('',(-1.229434411755,0.891844403846,
    0.416912777298));
#3761 = CARTESIAN_POINT('',(-1.253886355599,0.898318684028,0.3360975279)
  );
#3762 = CARTESIAN_POINT('',(-1.286909140561,0.911162854869,
    0.170462327096));
#3763 = CARTESIAN_POINT('',(-1.295399999999,0.917602940922,
    8.469948516599E-02));
#3764 = CARTESIAN_POINT('',(-1.2954,0.924055472316,1.988674795585E-11));
#3765 = ORIENTED_EDGE('',*,*,#3766,.T.);
#3766 = EDGE_CURVE('',#3738,#3767,#3769,.T.);
#3767 = VERTEX_POINT('',#3768);
#3768 = CARTESIAN_POINT('',(1.2954,1.242322619508,3.835365185167E-15));
#3769 = B_SPLINE_CURVE_WITH_KNOTS('',3,(#3770,#3771,#3772,#3773,#3774,
    #3775,#3776,#3777,#3778,#3779,#3780,#3781,#3782,#3783,#3784,#3785,
    #3786,#3787,#3788,#3789,#3790,#3791),.UNSPECIFIED.,.F.,.F.,(4,2,2,2,
    2,2,2,2,2,2,4),(1.014931564241E-02,1.065721415597E-02,
    1.116511266954E-02,1.16730111831E-02,1.192696043988E-02,
    1.218090969666E-02,1.268880821022E-02,1.319670672379E-02,
    1.345065598057E-02,1.370460523735E-02,1.421250375091E-02),
  .UNSPECIFIED.);
#3770 = CARTESIAN_POINT('',(-1.2954,0.924055472316,1.988674795585E-11));
#3771 = CARTESIAN_POINT('',(-1.295400000003,0.936969785105,
    -0.169520390896));
#3772 = CARTESIAN_POINT('',(-1.261463911271,0.950835754753,
    -0.339544219852));
#3773 = CARTESIAN_POINT('',(-1.132248524453,0.977827729748,
    -0.651609358088));
#3774 = CARTESIAN_POINT('',(-1.035617739927,0.990920856858,
    -0.79628079429));
#3775 = CARTESIAN_POINT('',(-0.796919325836,1.016446387674,
    -1.035126463151));
#3776 = CARTESIAN_POINT('',(-0.652545837916,1.029761430688,
    -1.131752780683));
#3777 = CARTESIAN_POINT('',(-0.418148484985,1.050193260507,
    -1.228970227994));
#3778 = CARTESIAN_POINT('',(-0.335581209063,1.057084423354,
    -1.254034805219));
#3779 = CARTESIAN_POINT('',(-0.169632641919,1.070391450837,
    -1.287028673873));
#3780 = CARTESIAN_POINT('',(-8.561530964392E-02,1.07686705284,
    -1.295363691366));
#3781 = CARTESIAN_POINT('',(0.169577197312,1.096273964975,
    -1.295472265536));
#3782 = CARTESIAN_POINT('',(0.337862984276,1.108835136072,
    -1.262186178064));
#3783 = CARTESIAN_POINT('',(0.653628867215,1.136180694603,
    -1.131386162273));
#3784 = CARTESIAN_POINT('',(0.796230525835,1.149857744679,-1.03579850332
    ));
#3785 = CARTESIAN_POINT('',(0.976189239892,1.169509898743,
    -0.855754541535));
#3786 = CARTESIAN_POINT('',(1.029734676686,1.175868047316,
    -0.790501163267));
#3787 = CARTESIAN_POINT('',(1.123962522719,1.188682572776,
    -0.649579741848));
#3788 = CARTESIAN_POINT('',(1.164597726196,1.195169320832,
    -0.573509415646));
#3789 = CARTESIAN_POINT('',(1.261547525557,1.214947752876,
    -0.339290458967));
#3790 = CARTESIAN_POINT('',(1.2954,1.229048319949,-0.16877777466));
#3791 = CARTESIAN_POINT('',(1.2954,1.242322619508,3.835365185167E-15));
#3792 = ORIENTED_EDGE('',*,*,#3793,.T.);
#3793 = EDGE_CURVE('',#3767,#3794,#3796,.T.);
#3794 = VERTEX_POINT('',#3795);
#3795 = CARTESIAN_POINT('',(-1.2954,1.558925,-4.840403293141E-16));
#3796 = B_SPLINE_CURVE_WITH_KNOTS('',3,(#3797,#3798,#3799,#3800,#3801,
    #3802,#3803,#3804,#3805,#3806,#3807,#3808,#3809,#3810,#3811,#3812,
    #3813,#3814,#3815,#3816,#3817,#3818),.UNSPECIFIED.,.F.,.F.,(4,2,2,2,
    2,2,2,2,2,2,4),(1.421250375091E-02,1.472038012503E-02,
    1.497431831208E-02,1.522825649914E-02,1.573613287326E-02,
    1.624400924737E-02,1.649794743443E-02,1.675188562148E-02,
    1.72597619956E-02,1.776763836971E-02,1.827551474383E-02),
  .UNSPECIFIED.);
#3797 = CARTESIAN_POINT('',(1.2954,1.242322619508,3.835365185167E-15));
#3798 = CARTESIAN_POINT('',(1.2954,1.255596340436,0.168770417587));
#3799 = CARTESIAN_POINT('',(1.26155125296,1.268347181299,0.339322878597)
  );
#3800 = CARTESIAN_POINT('',(1.164526197234,1.287668666754,0.573661486334
    ));
#3801 = CARTESIAN_POINT('',(1.123858253539,1.294368098736,0.649747769146
    ));
#3802 = CARTESIAN_POINT('',(1.029724579674,1.307916894517,0.790504160376
    ));
#3803 = CARTESIAN_POINT('',(0.976205871975,1.314725017535,0.855741455028
    ));
#3804 = CARTESIAN_POINT('',(0.796115965216,1.335082608985,1.035906008891
    ));
#3805 = CARTESIAN_POINT('',(0.653747370614,1.347972762927,1.131361966123
    ));
#3806 = CARTESIAN_POINT('',(0.33742275986,1.3738532805,1.262343615701));
#3807 = CARTESIAN_POINT('',(0.16929516695,1.38698740558,1.295477447843)
  );
#3808 = CARTESIAN_POINT('',(-8.553494735361E-02,1.407505244513,
    1.29536107346));
#3809 = CARTESIAN_POINT('',(-0.169515471059,1.414244176364,
    1.287047532211));
#3810 = CARTESIAN_POINT('',(-0.335567779848,1.427559954319,
    1.254041909279));
#3811 = CARTESIAN_POINT('',(-0.418138849362,1.434178244409,
    1.228971887494));
#3812 = CARTESIAN_POINT('',(-0.652473492889,1.453468792762,
    1.131787458609));
#3813 = CARTESIAN_POINT('',(-0.796947304656,1.466220456784,
    1.035091962268));
#3814 = CARTESIAN_POINT('',(-1.035539865014,1.493225561529,
    0.796365220685));
#3815 = CARTESIAN_POINT('',(-1.132149307568,1.507080755838,
    0.651804055164));
#3816 = CARTESIAN_POINT('',(-1.261462349853,1.53317019842,0.339592875161
    ));
#3817 = CARTESIAN_POINT('',(-1.2954,1.545691249014,0.169626214587));
#3818 = CARTESIAN_POINT('',(-1.2954,1.558925,-4.840403293141E-16));
#3819 = ORIENTED_EDGE('',*,*,#3820,.T.);
#3820 = EDGE_CURVE('',#3794,#3821,#3823,.T.);
#3821 = VERTEX_POINT('',#3822);
#3822 = CARTESIAN_POINT('',(1.2954,1.877310499193,1.247103548901E-13));
#3823 = B_SPLINE_CURVE_WITH_KNOTS('',3,(#3824,#3825,#3826,#3827,#3828,
    #3829,#3830,#3831,#3832,#3833,#3834,#3835,#3836,#3837,#3838,#3839,
    #3840,#3841,#3842,#3843,#3844,#3845),.UNSPECIFIED.,.F.,.F.,(4,2,2,2,
    2,2,2,2,2,2,4),(1.827551474383E-02,1.878327848749E-02,
    1.929104223115E-02,1.954492410298E-02,1.979880597481E-02,
    2.030656971848E-02,2.081433346214E-02,2.13220972058E-02,
    2.157597907763E-02,2.182986094946E-02,2.233762469312E-02),
  .UNSPECIFIED.);
#3824 = CARTESIAN_POINT('',(-1.2954,1.558925,-4.840403293141E-16));
#3825 = CARTESIAN_POINT('',(-1.2954,1.572155816171,-0.169588597012));
#3826 = CARTESIAN_POINT('',(-1.262114843479,1.586088064592,
    -0.338065085931));
#3827 = CARTESIAN_POINT('',(-1.131391054431,1.612948859929,
    -0.653587149821));
#3828 = CARTESIAN_POINT('',(-1.035959538634,1.625509742424,
    -0.796119445644));
#3829 = CARTESIAN_POINT('',(-0.85538885807,1.644956604719,
    -0.976529751643));
#3830 = CARTESIAN_POINT('',(-0.790095554169,1.651512065924,
    -1.030028195838));
#3831 = CARTESIAN_POINT('',(-0.649512155126,1.665040437157,
    -1.123985333214));
#3832 = CARTESIAN_POINT('',(-0.573437394994,1.671999542493,
    -1.164640028256));
#3833 = CARTESIAN_POINT('',(-0.33894407695,1.692278509521,
    -1.261665882186));
#3834 = CARTESIAN_POINT('',(-0.16860827898,1.70534335,-1.295425671308));
#3835 = CARTESIAN_POINT('',(0.169002508556,1.730864085368,
    -1.295374298698));
#3836 = CARTESIAN_POINT('',(0.339578153978,1.744198175087,-1.26144452612
    ));
#3837 = CARTESIAN_POINT('',(0.651505543896,1.771381026141,
    -1.132296843328));
#3838 = CARTESIAN_POINT('',(0.795799867458,1.784832103957,
    -1.036080735937));
#3839 = CARTESIAN_POINT('',(0.975554340296,1.804156910492,
    -0.856463530594));
#3840 = CARTESIAN_POINT('',(1.030263193018,1.810602082941,
    -0.789784686788));
#3841 = CARTESIAN_POINT('',(1.124136776252,1.823477698112,
    -0.649244643145));
#3842 = CARTESIAN_POINT('',(1.164012659921,1.830033120718,
    -0.574801026261));
#3843 = CARTESIAN_POINT('',(1.261907657876,1.850484321303,
    -0.338662593127));
#3844 = CARTESIAN_POINT('',(1.2954,1.864151193003,-0.170449167165));
#3845 = CARTESIAN_POINT('',(1.2954,1.877310499193,1.247103548901E-13));
#3846 = ORIENTED_EDGE('',*,*,#3847,.T.);
#3847 = EDGE_CURVE('',#3821,#3848,#3850,.T.);
#3848 = VERTEX_POINT('',#3849);
#3849 = CARTESIAN_POINT('',(-1.2954,2.194068873205,-9.194034422677E-14)
  );
#3850 = B_SPLINE_CURVE_WITH_KNOTS('',3,(#3851,#3852,#3853,#3854,#3855,
    #3856,#3857,#3858,#3859,#3860,#3861,#3862,#3863,#3864,#3865,#3866,
    #3867,#3868,#3869,#3870,#3871,#3872),.UNSPECIFIED.,.F.,.F.,(4,2,2,2,
    2,2,2,2,2,2,4),(2.233762469312E-02,2.259154024646E-02,
    2.284545579979E-02,2.335328690645E-02,2.386111801312E-02,
    2.436894911978E-02,2.462286467312E-02,2.487678022645E-02,
    2.538461133311E-02,2.589244243978E-02,2.640027354644E-02),
  .UNSPECIFIED.);
#3851 = CARTESIAN_POINT('',(1.2954,1.877310499193,1.247103548901E-13));
#3852 = CARTESIAN_POINT('',(1.2954,1.883891025185,8.523588999021E-02));
#3853 = CARTESIAN_POINT('',(1.287067373886,1.890253599243,0.169299240908
    ));
#3854 = CARTESIAN_POINT('',(1.254157314876,1.903031562661,0.335103099712
    ));
#3855 = CARTESIAN_POINT('',(1.22914537961,1.909518998442,0.417656979475)
  );
#3856 = CARTESIAN_POINT('',(1.131867214081,1.929344890761,0.652407845269
    ));
#3857 = CARTESIAN_POINT('',(1.035427109433,1.943411548657,0.79653037422)
  );
#3858 = CARTESIAN_POINT('',(0.796658387895,1.969971093558,1.035328618846
    ));
#3859 = CARTESIAN_POINT('',(0.652007661345,1.982730542198,1.132010594654
    ));
#3860 = CARTESIAN_POINT('',(0.340100779469,2.008451620959,1.261306242221
    ));
#3861 = CARTESIAN_POINT('',(0.169861041911,2.022332257466,1.295315096295
    ));
#3862 = CARTESIAN_POINT('',(-8.395741959795E-02,2.042617102273,
    1.295442208189));
#3863 = CARTESIAN_POINT('',(-0.16982735025,2.049379249157,1.287001215748
    ));
#3864 = CARTESIAN_POINT('',(-0.335718472313,2.062437578689,
    1.253996238263));
#3865 = CARTESIAN_POINT('',(-0.416540220106,2.068798368054,
    1.229551907469));
#3866 = CARTESIAN_POINT('',(-0.652459178676,2.088097655923,
    1.131957654979));
#3867 = CARTESIAN_POINT('',(-0.795161872357,2.101236565093,
    1.036789750409));
#3868 = CARTESIAN_POINT('',(-1.036653937505,2.128732289445,
    0.795338923767));
#3869 = CARTESIAN_POINT('',(-1.131932900075,2.142049357798,
    0.652351395719));
#3870 = CARTESIAN_POINT('',(-1.261734342289,2.167847441917,
    0.338911320635));
#3871 = CARTESIAN_POINT('',(-1.2954,2.18055451737,0.168912609653));
#3872 = CARTESIAN_POINT('',(-1.2954,2.194068873205,-9.194034422677E-14)
  );
#3873 = ORIENTED_EDGE('',*,*,#3874,.T.);
#3874 = EDGE_CURVE('',#3848,#3875,#3877,.T.);
#3875 = VERTEX_POINT('',#3876);
#3876 = CARTESIAN_POINT('',(1.2954,2.512127935722,-2.382940849852E-13));
#3877 = B_SPLINE_CURVE_WITH_KNOTS('',3,(#3878,#3879,#3880,#3881,#3882,
    #3883,#3884,#3885,#3886,#3887,#3888,#3889,#3890,#3891,#3892,#3893,
    #3894,#3895,#3896,#3897,#3898,#3899),.UNSPECIFIED.,.F.,.F.,(4,2,2,2,
    2,2,2,2,2,2,4),(2.640027354644E-02,2.69081851041E-02,
    2.741609666177E-02,2.76700524406E-02,2.792400821943E-02,
    2.843191977709E-02,2.893983133476E-02,2.919378711359E-02,
    2.944774289242E-02,2.995565445008E-02,3.046356600775E-02),
  .UNSPECIFIED.);
#3878 = CARTESIAN_POINT('',(-1.2954,2.194068873205,-9.194034422677E-14)
  );
#3879 = CARTESIAN_POINT('',(-1.2954,2.207585369995,-0.16893936892));
#3880 = CARTESIAN_POINT('',(-1.261469811516,2.221442258413,
    -0.339484660421));
#3881 = CARTESIAN_POINT('',(-1.132344350587,2.247507916714,
    -0.651423204778));
#3882 = CARTESIAN_POINT('',(-1.035839755892,2.260073188998,
    -0.796051677685));
#3883 = CARTESIAN_POINT('',(-0.856522896481,2.279862250675,
    -0.975489603308));
#3884 = CARTESIAN_POINT('',(-0.789839480628,2.286794660231,
    -1.030232325755));
#3885 = CARTESIAN_POINT('',(-0.649068464806,2.300424378769,
    -1.124248717226));
#3886 = CARTESIAN_POINT('',(-0.574654217747,2.307164696018,
    -1.164067586634));
#3887 = CARTESIAN_POINT('',(-0.339187736252,2.327214279686,
    -1.261701812822));
#3888 = CARTESIAN_POINT('',(-0.171111030863,2.339769881649,
    -1.295408284644));
#3889 = CARTESIAN_POINT('',(0.17123644606,2.365850617336,-1.29539171232)
  );
#3890 = CARTESIAN_POINT('',(0.339270802215,2.379560277231,-1.26166395344
    ));
#3891 = CARTESIAN_POINT('',(0.574579327742,2.399915960878,
    -1.164100347175));
#3892 = CARTESIAN_POINT('',(0.649001374865,2.406529309512,
    -1.124291563549));
#3893 = CARTESIAN_POINT('',(0.789865095739,2.419607311532,
    -1.030217178548));
#3894 = CARTESIAN_POINT('',(0.856556786477,2.426108280552,
    -0.975459024844));
#3895 = CARTESIAN_POINT('',(1.035848569989,2.445282217068,
    -0.796036186673));
#3896 = CARTESIAN_POINT('',(1.13233915658,2.458613328133,-0.651420681794
    ));
#3897 = CARTESIAN_POINT('',(1.261441163592,2.485789003312,
    -0.339568934074));
#3898 = CARTESIAN_POINT('',(1.2954,2.499274367462,-0.169027278029));
#3899 = CARTESIAN_POINT('',(1.2954,2.512127935722,-2.382940849852E-13));
#3900 = ORIENTED_EDGE('',*,*,#3901,.T.);
#3901 = EDGE_CURVE('',#3875,#3902,#3904,.T.);
#3902 = VERTEX_POINT('',#3903);
#3903 = CARTESIAN_POINT('',(-1.2954,2.829368333524,6.776263578034E-15));
#3904 = B_SPLINE_CURVE_WITH_KNOTS('',3,(#3905,#3906,#3907,#3908,#3909,
    #3910,#3911,#3912,#3913,#3914,#3915,#3916,#3917,#3918,#3919,#3920,
    #3921,#3922,#3923,#3924,#3925,#3926,#3927,#3928),.UNSPECIFIED.,.F.,
  .F.,(4,2,2,2,2,2,2,2,2,2,2,4),(3.046356600775E-02,3.071748001043E-02,
    3.097139401312E-02,3.147922201848E-02,3.198705002385E-02,
    3.224096402654E-02,3.249487802922E-02,3.300270603459E-02,
    3.351053403996E-02,3.401836204532E-02,3.427227604801E-02,
    3.452619005069E-02),.UNSPECIFIED.);
#3905 = CARTESIAN_POINT('',(1.2954,2.512127935722,-2.382940849852E-13));
#3906 = CARTESIAN_POINT('',(1.2954,2.518553662636,8.449973638029E-02));
#3907 = CARTESIAN_POINT('',(1.286946875082,2.52499785006,0.170323165634)
  );
#3908 = CARTESIAN_POINT('',(1.253789988403,2.537910424772,0.336530689562
    ));
#3909 = CARTESIAN_POINT('',(1.229282592905,2.544462900645,0.417278788987
    ));
#3910 = CARTESIAN_POINT('',(1.131908204883,2.564823925327,0.652402835329
    ));
#3911 = CARTESIAN_POINT('',(1.036761987134,2.578500569973,0.795236359286
    ));
#3912 = CARTESIAN_POINT('',(0.795012380673,2.604892032169,1.036933748931
    ));
#3913 = CARTESIAN_POINT('',(0.652275435069,2.617268148944,1.132043049021
    ));
#3914 = CARTESIAN_POINT('',(0.416540528888,2.63717435166,1.229547085232)
  );
#3915 = CARTESIAN_POINT('',(0.335761995508,2.643957255642,1.253985103708
    ));
#3916 = CARTESIAN_POINT('',(0.169856748537,2.657577238049,1.286997841073
    ));
#3917 = CARTESIAN_POINT('',(8.399490331462E-02,2.664467014598,
    1.295438220294));
#3918 = CARTESIAN_POINT('',(-0.16975198668,2.684422418195,1.295323159887
    ));
#3919 = CARTESIAN_POINT('',(-0.340136095682,2.697160999357,
    1.261294606623));
#3920 = CARTESIAN_POINT('',(-0.65201169321,2.722881974185,1.132005918801
    ));
#3921 = CARTESIAN_POINT('',(-0.796582905556,2.736788011085,
    1.035389076525));
#3922 = CARTESIAN_POINT('',(-1.03538729781,2.763776421097,0.796585217503
    ));
#3923 = CARTESIAN_POINT('',(-1.131842975998,2.776825452135,
    0.652476355545));
#3924 = CARTESIAN_POINT('',(-1.229174331421,2.796045586031,
    0.417582102337));
#3925 = CARTESIAN_POINT('',(-1.254167314341,2.802531276574,
    0.335056553241));
#3926 = CARTESIAN_POINT('',(-1.287061828587,2.815715553209,
    0.169323346372));
#3927 = CARTESIAN_POINT('',(-1.2954,2.822502354728,8.527439039948E-02));
#3928 = CARTESIAN_POINT('',(-1.2954,2.829368333524,6.776263578034E-15));
#3929 = ORIENTED_EDGE('',*,*,#3930,.T.);
#3930 = EDGE_CURVE('',#3902,#3931,#3933,.T.);
#3931 = VERTEX_POINT('',#3932);
#3932 = CARTESIAN_POINT('',(1.2954,3.146838817349,-1.989471684182E-11));
#3933 = B_SPLINE_CURVE_WITH_KNOTS('',3,(#3934,#3935,#3936,#3937,#3938,
    #3939,#3940,#3941,#3942,#3943,#3944,#3945,#3946,#3947,#3948,#3949,
    #3950,#3951,#3952,#3953,#3954,#3955),.UNSPECIFIED.,.F.,.F.,(4,2,2,2,
    2,2,2,2,2,2,4),(3.452619005069E-02,3.503395009079E-02,
    3.528783011084E-02,3.554171013089E-02,3.604947017098E-02,
    3.655723021108E-02,3.706499025118E-02,3.731887027123E-02,
    3.757275029127E-02,3.808051033137E-02,3.858827037147E-02),
  .UNSPECIFIED.);
#3934 = CARTESIAN_POINT('',(-1.2954,2.829368333524,6.776263578034E-15));
#3935 = CARTESIAN_POINT('',(-1.2954,2.843098453297,-0.170525955366));
#3936 = CARTESIAN_POINT('',(-1.261875711892,2.856393236591,
    -0.338748489618));
#3937 = CARTESIAN_POINT('',(-1.164013847313,2.87582393233,
    -0.574793742253));
#3938 = CARTESIAN_POINT('',(-1.12414094351,2.882133107145,
    -0.649240278553));
#3939 = CARTESIAN_POINT('',(-1.030241300281,2.895011432932,
    -0.789815588201));
#3940 = CARTESIAN_POINT('',(-0.9755236957,2.901709401866,-0.85649249193)
  );
#3941 = CARTESIAN_POINT('',(-0.795899285117,2.922027269832,
    -1.035984713386));
#3942 = CARTESIAN_POINT('',(-0.651583289555,2.935849769897,
    -1.132254064095));
#3943 = CARTESIAN_POINT('',(-0.339639117423,2.961915767817,
    -1.261429870743));
#3944 = CARTESIAN_POINT('',(-0.169001911017,2.974490644364,
    -1.295372765525));
#3945 = CARTESIAN_POINT('',(0.168584148237,3.000826763834,
    -1.295427200793));
#3946 = CARTESIAN_POINT('',(0.338781294007,3.014900657362,
    -1.261720352067));
#3947 = CARTESIAN_POINT('',(0.573392528518,3.034870984047,
    -1.164665029627));
#3948 = CARTESIAN_POINT('',(0.64948191998,3.041488219567,-1.124002644289
    ));
#3949 = CARTESIAN_POINT('',(0.790064452269,3.054346158491,
    -1.030051877339));
#3950 = CARTESIAN_POINT('',(0.855384529534,3.060654539838,
    -0.976538157387));
#3951 = CARTESIAN_POINT('',(1.036061443697,3.08011085295,-0.796009465823
    ));
#3952 = CARTESIAN_POINT('',(1.131427936888,3.093823443437,
    -0.653484139099));
#3953 = CARTESIAN_POINT('',(1.262046842053,3.121092769079,
    -0.338243203759));
#3954 = CARTESIAN_POINT('',(1.295399999997,3.134023042015,
    -0.169538456668));
#3955 = CARTESIAN_POINT('',(1.2954,3.146838817349,-1.989471684182E-11));
#3956 = ORIENTED_EDGE('',*,*,#3957,.T.);
#3957 = EDGE_CURVE('',#3931,#3958,#3960,.T.);
#3958 = VERTEX_POINT('',#3959);
#3959 = CARTESIAN_POINT('',(-1.2954,3.464657331668,3.597111757764E-13));
#3960 = B_SPLINE_CURVE_WITH_KNOTS('',3,(#3961,#3962,#3963,#3964,#3965,
    #3966,#3967,#3968,#3969,#3970,#3971,#3972,#3973,#3974,#3975,#3976,
    #3977,#3978,#3979,#3980,#3981,#3982),.UNSPECIFIED.,.F.,.F.,(4,2,2,2,
    2,2,2,2,2,2,4),(3.858827037147E-02,3.909616197159E-02,
    3.960405357171E-02,4.011194517183E-02,4.036589097189E-02,
    4.061983677195E-02,4.112772837208E-02,4.16356199722E-02,
    4.188956577226E-02,4.214351157232E-02,4.265140317244E-02),
  .UNSPECIFIED.);
#3961 = CARTESIAN_POINT('',(1.2954,3.146838817349,-1.989471684182E-11));
#3962 = CARTESIAN_POINT('',(1.295400000003,3.159657913236,0.169582383841
    ));
#3963 = CARTESIAN_POINT('',(1.261455596895,3.172948175148,0.33958254957)
  );
#3964 = CARTESIAN_POINT('',(1.132215857843,3.200145740385,0.651669994828
    ));
#3965 = CARTESIAN_POINT('',(1.035601637296,3.213634772147,0.796298017795
    ));
#3966 = CARTESIAN_POINT('',(0.796926909002,3.239311263271,1.035117764326
    ));
#3967 = CARTESIAN_POINT('',(0.652481505101,3.25205498036,1.131784102024)
  );
#3968 = CARTESIAN_POINT('',(0.418135173805,3.272351693086,1.2289734287)
  );
#3969 = CARTESIAN_POINT('',(0.335577350737,3.279312663301,1.254036757983
    ));
#3970 = CARTESIAN_POINT('',(0.169601572641,3.292835772488,1.287033665161
    ));
#3971 = CARTESIAN_POINT('',(8.560226822184E-02,3.299451146169,
    1.295361501202));
#3972 = CARTESIAN_POINT('',(-0.169450767133,3.319143802203,
    1.295476601874));
#3973 = CARTESIAN_POINT('',(-0.33770458364,3.331518351735,1.262245831714
    ));
#3974 = CARTESIAN_POINT('',(-0.653710201005,3.358203147874,
    1.131358430646));
#3975 = CARTESIAN_POINT('',(-0.79617793217,3.372119327812,1.035846240024
    ));
#3976 = CARTESIAN_POINT('',(-0.97618761108,3.392144846226,0.855758611488
    ));
#3977 = CARTESIAN_POINT('',(-1.029725937195,3.398617492859,
    0.790509104226));
#3978 = CARTESIAN_POINT('',(-1.123922815444,3.411504348723,0.64964425228
    ));
#3979 = CARTESIAN_POINT('',(-1.164577520926,3.417950931193,
    0.573554322146));
#3980 = CARTESIAN_POINT('',(-1.261561663188,3.437268975247,
    0.339264116539));
#3981 = CARTESIAN_POINT('',(-1.2954,3.45117119459,0.168759082734));
#3982 = CARTESIAN_POINT('',(-1.2954,3.464657331668,3.597111757764E-13));
#3983 = ORIENTED_EDGE('',*,*,#3984,.T.);
#3984 = EDGE_CURVE('',#3958,#3985,#3987,.T.);
#3985 = VERTEX_POINT('',#3986);
#3986 = CARTESIAN_POINT('',(1.2954,3.781555472317,4.736608241046E-15));
#3987 = B_SPLINE_CURVE_WITH_KNOTS('',3,(#3988,#3989,#3990,#3991,#3992,
    #3993,#3994,#3995,#3996,#3997,#3998,#3999,#4000,#4001,#4002,#4003,
    #4004,#4005,#4006,#4007,#4008,#4009),.UNSPECIFIED.,.F.,.F.,(4,2,2,2,
    2,2,2,2,2,2,4),(4.265140317244E-02,4.315928512531E-02,
    4.341322610175E-02,4.366716707819E-02,4.417504903106E-02,
    4.468293098393E-02,4.493687196037E-02,4.51908129368E-02,
    4.569869488968E-02,4.620657684255E-02,4.671445879542E-02),
  .UNSPECIFIED.);
#3988 = CARTESIAN_POINT('',(-1.2954,3.464657331668,3.597111757764E-13));
#3989 = CARTESIAN_POINT('',(-1.2954,3.47814321258,-0.168755877205));
#3990 = CARTESIAN_POINT('',(-1.261550510483,3.491229290546,
    -0.339312595579));
#3991 = CARTESIAN_POINT('',(-1.164546877549,3.510398787895,
    -0.573617574693));
#3992 = CARTESIAN_POINT('',(-1.12388530916,3.516887305949,
    -0.649706231664));
#3993 = CARTESIAN_POINT('',(-1.029707747687,3.53010640077,
    -0.790530410524));
#3994 = CARTESIAN_POINT('',(-0.976184284644,3.536887250629,
    -0.855762280385));
#3995 = CARTESIAN_POINT('',(-0.796176780989,3.557388654587,
    -1.035846709641));
#3996 = CARTESIAN_POINT('',(-0.653718701698,3.570686648122,
    -1.131362063956));
#3997 = CARTESIAN_POINT('',(-0.337603589392,3.596705248185,
    -1.262280506519));
#3998 = CARTESIAN_POINT('',(-0.169379515865,3.609266219323,
    -1.295477351977));
#3999 = CARTESIAN_POINT('',(8.557558551164E-02,3.629666075876,
    -1.295361122095));
#4000 = CARTESIAN_POINT('',(0.169557214651,3.636475110847,
    -1.287039992923));
#4001 = CARTESIAN_POINT('',(0.33554836158,3.649999803538,-1.254045010941
    ));
#4002 = CARTESIAN_POINT('',(0.418119020462,3.656761968358,
    -1.228979524098));
#4003 = CARTESIAN_POINT('',(0.652490140301,3.676349076677,
    -1.131781728298));
#4004 = CARTESIAN_POINT('',(0.796948523323,3.688910747575,
    -1.035096442356));
#4005 = CARTESIAN_POINT('',(1.03558236602,3.715250901727,-0.796316995293
    ));
#4006 = CARTESIAN_POINT('',(1.132176318836,3.729353682992,
    -0.651746158618));
#4007 = CARTESIAN_POINT('',(1.261451776309,3.755924983258,-0.33961108382
    ));
#4008 = CARTESIAN_POINT('',(1.2954,3.768635823566,-0.1695904337));
#4009 = CARTESIAN_POINT('',(1.2954,3.781555472317,4.736608241046E-15));
#4010 = ORIENTED_EDGE('',*,*,#4011,.T.);
#4011 = EDGE_CURVE('',#3985,#4012,#4014,.T.);
#4012 = VERTEX_POINT('',#4013);
#4013 = CARTESIAN_POINT('',(-1.2954,4.099822619508,-7.155734338404E-14)
  );
#4014 = B_SPLINE_CURVE_WITH_KNOTS('',3,(#4015,#4016,#4017,#4018,#4019,
    #4020,#4021,#4022,#4023,#4024,#4025,#4026,#4027,#4028,#4029,#4030,
    #4031,#4032,#4033,#4034,#4035,#4036),.UNSPECIFIED.,.F.,.F.,(4,2,2,2,
    2,2,2,2,2,2,4),(4.671445879542E-02,4.722222469259E-02,
    4.772999058975E-02,4.798387353833E-02,4.823775648691E-02,
    4.874552238408E-02,4.925328828124E-02,4.97610541784E-02,
    5.001493712698E-02,5.026882007557E-02,5.077658597273E-02),
  .UNSPECIFIED.);
#4015 = CARTESIAN_POINT('',(1.2954,3.781555472317,4.736608241046E-15));
#4016 = CARTESIAN_POINT('',(1.2954,3.79447216881,0.169551680722));
#4017 = CARTESIAN_POINT('',(1.262073440655,3.8082154312,0.338162184816)
  );
#4018 = CARTESIAN_POINT('',(1.131438758743,3.835489870192,0.653474841184
    ));
#4019 = CARTESIAN_POINT('',(1.036038583274,3.848385229157,0.796035646116
    ));
#4020 = CARTESIAN_POINT('',(0.855376891564,3.867690423332,0.976544119515
    ));
#4021 = CARTESIAN_POINT('',(0.790060488788,3.874040268446,1.030054519431
    ));
#4022 = CARTESIAN_POINT('',(0.64948602513,3.887230796533,1.12399990752)
  );
#4023 = CARTESIAN_POINT('',(0.573415091009,3.894161608268,1.164652498208
    ));
#4024 = CARTESIAN_POINT('',(0.338861540092,3.914599355708,1.261693548119
    ));
#4025 = CARTESIAN_POINT('',(0.168598316625,3.928057235506,1.295428018376
    ));
#4026 = CARTESIAN_POINT('',(-0.169028592115,3.953731355639,
    1.295371945894));
#4027 = CARTESIAN_POINT('',(-0.339651694117,3.966490969768,
    1.261423033267));
#4028 = CARTESIAN_POINT('',(-0.651549363411,3.993499678802,
    1.132269742249));
#4029 = CARTESIAN_POINT('',(-0.795857949746,4.007323574803,
    1.036025340903));
#4030 = CARTESIAN_POINT('',(-0.975540474018,4.026935815392,
    0.856476064665));
#4031 = CARTESIAN_POINT('',(-1.030262304538,4.033435017384,
    0.789788060063));
#4032 = CARTESIAN_POINT('',(-1.124156986817,4.046213840596,
    0.649212341966));
#4033 = CARTESIAN_POINT('',(-1.164029157495,4.052563202615,
    0.574763124218));
#4034 = CARTESIAN_POINT('',(-1.26188732824,4.072497448235,0.338707845597
    ));
#4035 = CARTESIAN_POINT('',(-1.2954,4.086411296448,0.170519977444));
#4036 = CARTESIAN_POINT('',(-1.2954,4.099822619508,-7.155734338404E-14)
  );
#4037 = ORIENTED_EDGE('',*,*,#4038,.T.);
#4038 = EDGE_CURVE('',#4012,#4039,#4041,.T.);
#4039 = VERTEX_POINT('',#4040);
#4040 = CARTESIAN_POINT('',(1.2954,4.416425,1.391047600562E-13));
#4041 = B_SPLINE_CURVE_WITH_KNOTS('',3,(#4042,#4043,#4044,#4045,#4046,
    #4047,#4048,#4049,#4050,#4051,#4052,#4053,#4054,#4055,#4056,#4057,
    #4058,#4059,#4060,#4061,#4062,#4063,#4064,#4065),.UNSPECIFIED.,.F.,
  .F.,(4,2,2,2,2,2,2,2,2,2,2,4),(5.077658597273E-02,5.103049806009E-02,
    5.128441014746E-02,5.179223432218E-02,5.230005849691E-02,
    5.280788267164E-02,5.3061794759E-02,5.331570684636E-02,
    5.382353102109E-02,5.433135519582E-02,5.458526728318E-02,
    5.483917937054E-02),.UNSPECIFIED.);
#4042 = CARTESIAN_POINT('',(-1.2954,4.099822619508,-7.155734338404E-14)
  );
#4043 = CARTESIAN_POINT('',(-1.2954,4.106529050664,-8.526977422447E-02)
  );
#4044 = CARTESIAN_POINT('',(-1.287061211021,4.113006785898,
    -0.169335977601));
#4045 = CARTESIAN_POINT('',(-1.254156866887,4.125858714566,
    -0.335099667961));
#4046 = CARTESIAN_POINT('',(-1.229155817789,4.132302878338,
    -0.417633992795));
#4047 = CARTESIAN_POINT('',(-1.131831532717,4.151670425533,
    -0.652489545445));
#4048 = CARTESIAN_POINT('',(-1.035402524266,4.16553609471,-0.79656324164
    ));
#4049 = CARTESIAN_POINT('',(-0.796619453977,4.192522948364,
    -1.035359276162));
#4050 = CARTESIAN_POINT('',(-0.651994593037,4.205614138221,
    -1.132017074661));
#4051 = CARTESIAN_POINT('',(-0.340099928931,4.231136268884,
    -1.261305531984));
#4052 = CARTESIAN_POINT('',(-0.169772430506,4.244448788999,
    -1.295319375371));
#4053 = CARTESIAN_POINT('',(8.39617626218E-02,4.264878672015,
    -1.295440092405));
#4054 = CARTESIAN_POINT('',(0.169823195207,4.271768836692,
    -1.287002461255));
#4055 = CARTESIAN_POINT('',(0.33573496861,4.285073377428,-1.253992537362
    ));
#4056 = CARTESIAN_POINT('',(0.416537810823,4.291548248443,
    -1.229549680547));
#4057 = CARTESIAN_POINT('',(0.652338270454,4.310954094521,
    -1.132014116527));
#4058 = CARTESIAN_POINT('',(0.795064953504,4.323513534267,
    -1.036881318916));
#4059 = CARTESIAN_POINT('',(1.036710411256,4.350851936427,
    -0.795287792564));
#4060 = CARTESIAN_POINT('',(1.131897050888,4.364529048747,
    -0.652425429386));
#4061 = CARTESIAN_POINT('',(1.229280895569,4.384177863309,
    -0.417285056607));
#4062 = CARTESIAN_POINT('',(1.253792275001,4.390535267576,
    -0.336525047887));
#4063 = CARTESIAN_POINT('',(1.286951398812,4.403348523018,
    -0.170294667575));
#4064 = CARTESIAN_POINT('',(1.2954,4.409833901455,-8.448270618647E-02));
#4065 = CARTESIAN_POINT('',(1.2954,4.416425,1.391047600562E-13));
#4066 = ORIENTED_EDGE('',*,*,#4067,.T.);
#4067 = EDGE_CURVE('',#4039,#4068,#4070,.T.);
#4068 = VERTEX_POINT('',#4069);
#4069 = CARTESIAN_POINT('',(-1.2954,4.734810499193,1.836502954919E-13));
#4070 = B_SPLINE_CURVE_WITH_KNOTS('',3,(#4071,#4072,#4073,#4074,#4075,
    #4076,#4077,#4078,#4079,#4080,#4081,#4082,#4083,#4084,#4085,#4086,
    #4087,#4088,#4089,#4090,#4091,#4092),.UNSPECIFIED.,.F.,.F.,(4,2,2,2,
    2,2,2,2,2,2,4),(5.483917937054E-02,5.534709399764E-02,
    5.585500862474E-02,5.610896593829E-02,5.636292325184E-02,
    5.687083787894E-02,5.737875250604E-02,5.763270981959E-02,
    5.788666713314E-02,5.839458176024E-02,5.890249638734E-02),
  .UNSPECIFIED.);
#4071 = CARTESIAN_POINT('',(1.2954,4.416425,1.391047600562E-13));
#4072 = CARTESIAN_POINT('',(1.2954,4.429609545071,0.16899550807));
#4073 = CARTESIAN_POINT('',(1.261462944021,4.443711175293,0.339500031477
    ));
#4074 = CARTESIAN_POINT('',(1.132353955903,4.470261819241,0.651401219727
    ));
#4075 = CARTESIAN_POINT('',(1.035841317396,4.483013835014,0.796046760814
    ));
#4076 = CARTESIAN_POINT('',(0.8565413729,4.502336763061,0.9754727913));
#4077 = CARTESIAN_POINT('',(0.789855447,4.50903633156,1.030222474422));
#4078 = CARTESIAN_POINT('',(0.649035313064,4.522585157781,1.124270046011
    ));
#4079 = CARTESIAN_POINT('',(0.574626528444,4.529393900531,1.164078046259
    ));
#4080 = CARTESIAN_POINT('',(0.339282998764,4.549754762837,1.26166435578)
  );
#4081 = CARTESIAN_POINT('',(0.171235529777,4.562644757218,1.29539732971)
  );
#4082 = CARTESIAN_POINT('',(-0.1711951258,4.588529823261,1.295402669975)
  );
#4083 = CARTESIAN_POINT('',(-0.339210406583,4.6016633884,1.261689009688)
  );
#4084 = CARTESIAN_POINT('',(-0.574609672098,4.622181328109,
    1.164087758293));
#4085 = CARTESIAN_POINT('',(-0.649025498099,4.6289208141,1.124275123204)
  );
#4086 = CARTESIAN_POINT('',(-0.78983399117,4.642238509335,1.030238281288
    ));
#4087 = CARTESIAN_POINT('',(-0.856533768364,4.648857252699,
    0.975480602932));
#4088 = CARTESIAN_POINT('',(-1.035861158924,4.668148669402,
    0.796026501829));
#4089 = CARTESIAN_POINT('',(-1.132355499631,4.680901421866,0.65139496794
    ));
#4090 = CARTESIAN_POINT('',(-1.261455735958,4.707908199878,
    0.339519967041));
#4091 = CARTESIAN_POINT('',(-1.2954,4.721764306754,0.168984033329));
#4092 = CARTESIAN_POINT('',(-1.2954,4.734810499193,1.836502954919E-13));
#4093 = ORIENTED_EDGE('',*,*,#4094,.T.);
#4094 = EDGE_CURVE('',#4068,#4095,#4097,.T.);
#4095 = VERTEX_POINT('',#4096);
#4096 = CARTESIAN_POINT('',(1.2954,5.051568873205,2.331034670844E-15));
#4097 = B_SPLINE_CURVE_WITH_KNOTS('',3,(#4098,#4099,#4100,#4101,#4102,
    #4103,#4104,#4105,#4106,#4107,#4108,#4109,#4110,#4111,#4112,#4113,
    #4114,#4115,#4116,#4117,#4118,#4119),.UNSPECIFIED.,.F.,.F.,(4,2,2,2,
    2,2,2,2,2,2,4),(5.890249638734E-02,5.941032549939E-02,
    5.991815461145E-02,6.04259837235E-02,6.067989827952E-02,
    6.093381283555E-02,6.14416419476E-02,6.194947105965E-02,
    6.24573001717E-02,6.271121472773E-02,6.296512928375E-02),
  .UNSPECIFIED.);
#4098 = CARTESIAN_POINT('',(-1.2954,4.734810499193,1.836502954919E-13));
#4099 = CARTESIAN_POINT('',(-1.2954,4.747854495109,-0.168955582331));
#4100 = CARTESIAN_POINT('',(-1.26172488543,4.760373421748,
    -0.338944075183));
#4101 = CARTESIAN_POINT('',(-1.131920177314,4.786839759285,
    -0.652372198063));
#4102 = CARTESIAN_POINT('',(-1.036701660952,4.800772017333,
    -0.795289690593));
#4103 = CARTESIAN_POINT('',(-0.795125662168,4.827639340606,
    -1.036827472218));
#4104 = CARTESIAN_POINT('',(-0.652393429598,4.840201238306,
    -1.131990641558));
#4105 = CARTESIAN_POINT('',(-0.416516658088,4.859648799478,
    -1.229558759647));
#4106 = CARTESIAN_POINT('',(-0.33571102286,4.86620508177,-1.253997521635
    ));
#4107 = CARTESIAN_POINT('',(-0.169840656767,4.87973605483,
    -1.286998767072));
#4108 = CARTESIAN_POINT('',(-8.398598758152E-02,4.88669612325,
    -1.295439759121));
#4109 = CARTESIAN_POINT('',(0.169805041142,4.906976230851,
    -1.295320049442));
#4110 = CARTESIAN_POINT('',(0.34012306399,4.920043104311,-1.261300546808
    ));
#4111 = CARTESIAN_POINT('',(0.652031768701,4.945566693249,
    -1.131997058583));
#4112 = CARTESIAN_POINT('',(0.796641230234,4.958903393639,
    -1.035339308912));
#4113 = CARTESIAN_POINT('',(1.035394636837,4.986090517583,
    -0.796569319204));
#4114 = CARTESIAN_POINT('',(1.131859422234,4.999541238977,
    -0.652431838839));
#4115 = CARTESIAN_POINT('',(1.229157998562,5.018869647351,
    -0.417623932001));
#4116 = CARTESIAN_POINT('',(1.254164802214,5.025315156694,
    -0.335072861843));
#4117 = CARTESIAN_POINT('',(1.287068583824,5.03819229048,-0.169285659137
    ));
#4118 = CARTESIAN_POINT('',(1.2954,5.044749611349,-8.523227670671E-02));
#4119 = CARTESIAN_POINT('',(1.2954,5.051568873205,2.331034670844E-15));
#4120 = ORIENTED_EDGE('',*,*,#4121,.T.);
#4121 = EDGE_CURVE('',#4095,#4122,#4124,.T.);
#4122 = VERTEX_POINT('',#4123);
#4123 = CARTESIAN_POINT('',(-1.2954,5.415395738376,1.934734382252E-11));
#4124 = B_SPLINE_CURVE_WITH_KNOTS('',3,(#4125,#4126,#4127,#4128,#4129,
    #4130,#4131,#4132,#4133,#4134,#4135,#4136,#4137,#4138,#4139,#4140,
    #4141,#4142,#4143,#4144,#4145,#4146),.UNSPECIFIED.,.F.,.F.,(4,2,2,2,
    2,2,2,2,2,2,4),(6.296512928375E-02,6.347339989313E-02,
    6.372753519781E-02,6.39816705025E-02,6.448994111188E-02,
    6.499821172125E-02,6.550648233062E-02,6.576061763531E-02,
    6.601475294E-02,6.652302354937E-02,6.703129415875E-02),
  .UNSPECIFIED.);
#4125 = CARTESIAN_POINT('',(1.2954,5.051568873205,2.331034670844E-15));
#4126 = CARTESIAN_POINT('',(1.2954,5.065219254,0.170612752172));
#4127 = CARTESIAN_POINT('',(1.261838378106,5.078899348309,0.339004905835
    ));
#4128 = CARTESIAN_POINT('',(1.163754040607,5.098651549917,0.575336864481
    ));
#4129 = CARTESIAN_POINT('',(1.123798404271,5.105018460878,0.649842609332
    ));
#4130 = CARTESIAN_POINT('',(1.029733794415,5.117808625913,0.790485030209
    ));
#4131 = CARTESIAN_POINT('',(0.974916061387,5.124305201564,0.857195791612
    ));
#4132 = CARTESIAN_POINT('',(0.794895083287,5.144145907587,1.036794161924
    ));
#4133 = CARTESIAN_POINT('',(0.650315076575,5.157295776195,1.133013835726
    ));
#4134 = CARTESIAN_POINT('',(0.337821602157,5.182784723274,1.261945567718
    ));
#4135 = CARTESIAN_POINT('',(0.166964376989,5.195558889678,1.295633427105
    ));
#4136 = CARTESIAN_POINT('',(-0.170567046972,5.226350751172,
    1.295164068025));
#4137 = CARTESIAN_POINT('',(-0.340500502692,5.244812389752,
    1.261230613031));
#4138 = CARTESIAN_POINT('',(-0.574716060247,5.270806717763,
    1.164005211753));
#4139 = CARTESIAN_POINT('',(-0.650673529407,5.279499714483,1.12330699731
    ));
#4140 = CARTESIAN_POINT('',(-0.791023925645,5.29634499103,1.029308409143
    ));
#4141 = CARTESIAN_POINT('',(-0.856225925818,5.304580928182,
    0.975791494498));
#4142 = CARTESIAN_POINT('',(-1.036541511686,5.329558320236,0.79534000381
    ));
#4143 = CARTESIAN_POINT('',(-1.131734807701,5.346440719135,
    0.652926769802));
#4144 = CARTESIAN_POINT('',(-1.262148366641,5.381585553715,
    0.337814360666));
#4145 = CARTESIAN_POINT('',(-1.295399999997,5.398710460815,
    0.169445931809));
#4146 = CARTESIAN_POINT('',(-1.2954,5.415395738376,1.934734382252E-11));
#4147 = ORIENTED_EDGE('',*,*,#4148,.T.);
#4148 = EDGE_CURVE('',#4122,#4149,#4151,.T.);
#4149 = VERTEX_POINT('',#4150);
#4150 = CARTESIAN_POINT('',(1.2954,5.824030756299,3.428789370485E-14));
#4151 = B_SPLINE_CURVE_WITH_KNOTS('',3,(#4152,#4153,#4154,#4155,#4156,
    #4157,#4158,#4159,#4160,#4161,#4162,#4163,#4164,#4165,#4166,#4167,
    #4168,#4169,#4170,#4171,#4172,#4173),.UNSPECIFIED.,.F.,.F.,(4,2,2,2,
    2,2,2,2,2,2,4),(6.703129415875E-02,6.754019587012E-02,
    6.80490975815E-02,6.855799929288E-02,6.881245014857E-02,
    6.906690100426E-02,6.957580271564E-02,7.008470442701E-02,
    7.03391552827E-02,7.059360613839E-02,7.110250784977E-02),
  .UNSPECIFIED.);
#4152 = CARTESIAN_POINT('',(-1.2954,5.415395738376,1.934734382252E-11));
#4153 = CARTESIAN_POINT('',(-1.295400000003,5.432101733468,
    -0.169656326913));
#4154 = CARTESIAN_POINT('',(-1.261449978747,5.448590108737,
    -0.339621000562));
#4155 = CARTESIAN_POINT('',(-1.132165593291,5.483211928344,
    -0.651766478326));
#4156 = CARTESIAN_POINT('',(-1.035575516664,5.500937357683,
    -0.796325955332));
#4157 = CARTESIAN_POINT('',(-0.796939215424,5.53460921009,
    -1.035103649288));
#4158 = CARTESIAN_POINT('',(-0.652406080228,5.55095543847,-1.13181937204
    ));
#4159 = CARTESIAN_POINT('',(-0.41813376364,5.576437539023,-1.22897201832
    ));
#4160 = CARTESIAN_POINT('',(-0.335600042401,5.585293743485,
    -1.254033271544));
#4161 = CARTESIAN_POINT('',(-0.169548706066,5.602740871403,
    -1.287043150353));
#4162 = CARTESIAN_POINT('',(-8.557534315883E-02,5.611380216455,
    -1.295357248644));
#4163 = CARTESIAN_POINT('',(0.169201838764,5.637178376055,
    -1.295485014058));
#4164 = CARTESIAN_POINT('',(0.337403839594,5.65350112693,-1.262348560001
    ));
#4165 = CARTESIAN_POINT('',(0.653728954736,5.687217234062,
    -1.131372481391));
#4166 = CARTESIAN_POINT('',(0.796012584668,5.704702333258,
    -1.035997909469));
#4167 = CARTESIAN_POINT('',(0.976191708944,5.730827232678,
    -0.855761382182));
#4168 = CARTESIAN_POINT('',(1.029720840093,5.739341882011,
    -0.790507433342));
#4169 = CARTESIAN_POINT('',(1.123840064073,5.756229137147,
    -0.649777285749));
#4170 = CARTESIAN_POINT('',(1.164530038476,5.764658009791,-0.57365910342
    ));
#4171 = CARTESIAN_POINT('',(1.261589938382,5.789502254592,
    -0.339215649951));
#4172 = CARTESIAN_POINT('',(1.2954,5.806640778234,-0.168745971855));
#4173 = CARTESIAN_POINT('',(1.2954,5.824030756299,3.428789370485E-14));
#4174 = ORIENTED_EDGE('',*,*,#4175,.T.);
#4175 = EDGE_CURVE('',#4149,#3676,#4176,.T.);
#4176 = B_SPLINE_CURVE_WITH_KNOTS('',3,(#4177,#4178,#4179,#4180,#4181,
    #4182,#4183,#4184,#4185,#4186),.UNSPECIFIED.,.F.,.F.,(4,2,2,2,4),(
    7.110250784977E-02,7.161162604512E-02,7.212074424047E-02,
    7.262986243582E-02,7.313898063118E-02),.UNSPECIFIED.);
#4177 = CARTESIAN_POINT('',(1.2954,5.824030756299,3.428789370485E-14));
#4178 = CARTESIAN_POINT('',(1.2954,5.841428131964,0.168817755458));
#4179 = CARTESIAN_POINT('',(1.261504084033,5.858799495252,0.339473034739
    ));
#4180 = CARTESIAN_POINT('',(1.132150381123,5.892089646007,0.651820535016
    ));
#4181 = CARTESIAN_POINT('',(1.035869778418,5.908607358292,0.796116576823
    ));
#4182 = CARTESIAN_POINT('',(0.795994702172,5.943306918588,1.035963433644
    ));
#4183 = CARTESIAN_POINT('',(0.653100546313,5.960785384673,1.13167493641)
  );
#4184 = CARTESIAN_POINT('',(0.33748449621,5.994870968071,1.262272831092)
  );
#4185 = CARTESIAN_POINT('',(0.171280670267,6.010843768798,1.2954));
#4186 = CARTESIAN_POINT('',(-1.628232316553E-13,6.028055,1.2954));
#4187 = ORIENTED_EDGE('',*,*,#3683,.F.);
#4188 = ORIENTED_EDGE('',*,*,#4189,.F.);
#4189 = EDGE_CURVE('',#4190,#3684,#4192,.T.);
#4190 = VERTEX_POINT('',#4191);
#4191 = CARTESIAN_POINT('',(0.,0.3302,1.524));
#4192 = B_SPLINE_CURVE_WITH_KNOTS('',3,(#4193,#4194,#4195,#4196,#4197,
    #4198,#4199,#4200,#4201,#4202,#4203,#4204,#4205,#4206,#4207,#4208,
    #4209,#4210,#4211,#4212,#4213,#4214,#4215,#4216,#4217,#4218,#4219,
    #4220,#4221,#4222,#4223,#4224,#4225,#4226,#4227,#4228,#4229,#4230,
    #4231,#4232,#4233,#4234,#4235,#4236,#4237,#4238,#4239,#4240,#4241,
    #4242,#4243,#4244,#4245,#4246,#4247,#4248,#4249,#4250,#4251,#4252,
    #4253,#4254,#4255,#4256,#4257,#4258,#4259,#4260,#4261,#4262,#4263,
    #4264,#4265,#4266,#4267,#4268,#4269,#4270,#4271,#4272,#4273,#4274,
    #4275,#4276,#4277,#4278,#4279,#4280,#4281,#4282,#4283,#4284,#4285,
    #4286,#4287,#4288,#4289,#4290,#4291,#4292,#4293,#4294,#4295,#4296,
    #4297,#4298,#4299,#4300,#4301,#4302,#4303,#4304,#4305,#4306,#4307,
    #4308,#4309,#4310,#4311,#4312,#4313,#4314,#4315,#4316,#4317,#4318,
    #4319,#4320,#4321,#4322),.UNSPECIFIED.,.F.,.F.,(4,2,2,2,2,2,2,2,2,2,
    2,2,2,2,2,2,2,2,2,2,2,2,2,2,2,2,2,2,2,2,2,2,2,2,2,2,2,2,2,2,2,2,2,2,
    2,2,2,2,2,2,2,2,2,2,2,2,2,2,2,2,2,2,2,2,4),(0.,1.5625E-02,3.125E-02,
    4.6875E-02,6.25E-02,7.8125E-02,9.375E-02,0.109375,0.125,0.140625,
    0.15625,0.171875,0.1875,0.203125,0.21875,0.234375,0.25,0.265625,
    0.28125,0.296875,0.3125,0.328125,0.34375,0.359375,0.375,0.390625,
    0.40625,0.421875,0.4375,0.453125,0.46875,0.484375,0.5,0.515625,
    0.53125,0.546875,0.5625,0.578125,0.59375,0.609375,0.625,0.640625,
    0.65625,0.671875,0.6875,0.703125,0.71875,0.734375,0.75,0.765625,
    0.78125,0.796875,0.8125,0.828125,0.84375,0.859375,0.875,0.890625,
    0.90625,0.921875,0.9375,0.953125,0.96875,0.984375,1.),
  .UNSPECIFIED.);
#4193 = CARTESIAN_POINT('',(0.,0.3302,1.524));
#4194 = CARTESIAN_POINT('',(-0.45058051774,0.360080044339,1.534159219397
    ));
#4195 = CARTESIAN_POINT('',(-0.903290771216,0.38973125,1.333537790559));
#4196 = CARTESIAN_POINT('',(-1.499783734756,0.4492625,0.638614489274));
#4197 = CARTESIAN_POINT('',(-1.635402315934,0.479028125,0.150581300987)
  );
#4198 = CARTESIAN_POINT('',(-1.473141461132,0.538559375,-0.768909102786)
  );
#4199 = CARTESIAN_POINT('',(-1.176087383328,0.568325,-1.191216029908));
#4200 = CARTESIAN_POINT('',(-0.346602151705,0.62785625,-1.657535722146)
  );
#4201 = CARTESIAN_POINT('',(0.178077770611,0.657621875,-1.696299107976)
  );
#4202 = CARTESIAN_POINT('',(1.081290353417,0.717153125,-1.344084497071)
  );
#4203 = CARTESIAN_POINT('',(1.450686154222,0.74691875,-0.95583509249));
#4204 = CARTESIAN_POINT('',(1.756604046334,0.80645,-1.708575321451E-02)
  );
#4205 = CARTESIAN_POINT('',(1.689388197048,0.836215625,0.524452801261));
#4206 = CARTESIAN_POINT('',(1.147861544438,0.895746875,1.371336866442));
#4207 = CARTESIAN_POINT('',(0.678203897511,0.9255125,1.667962339644));
#4208 = CARTESIAN_POINT('',(-0.337785161986,0.98504375,1.788367085278));
#4209 = CARTESIAN_POINT('',(-0.867943294835,1.014809375,1.592646882338)
  );
#4210 = CARTESIAN_POINT('',(-1.592646882338,1.074340625,0.867943294835)
  );
#4211 = CARTESIAN_POINT('',(-1.781750085841,1.10410625,0.339435246366));
#4212 = CARTESIAN_POINT('',(-1.681293726033,1.1636375,-0.680515291285));
#4213 = CARTESIAN_POINT('',(-1.392717282196,1.193403125,-1.161976000932)
  );
#4214 = CARTESIAN_POINT('',(-0.540556014666,1.252934375,-1.731371955958)
  );
#4215 = CARTESIAN_POINT('',(1.468910471285E-02,1.2827,-1.813734789067));
#4216 = CARTESIAN_POINT('',(0.995443515197,1.34223125,-1.516226191214));
#4217 = CARTESIAN_POINT('',(1.411354620957,1.371996875,-1.139266337945)
  );
#4218 = CARTESIAN_POINT('',(1.803561376276,1.431528125,-0.192395469999)
  );
#4219 = CARTESIAN_POINT('',(1.776018681504,1.46129375,0.368248961736));
#4220 = CARTESIAN_POINT('',(1.292890934175,1.520825,1.272117403072));
#4221 = CARTESIAN_POINT('',(0.842034027233,1.550590625,1.606495674396));
#4222 = CARTESIAN_POINT('',(-0.163158724681,1.610121875,1.806440944352)
  );
#4223 = CARTESIAN_POINT('',(-0.707657217676,1.6398875,1.670051172013));
#4224 = CARTESIAN_POINT('',(-1.499904532557,1.69941875,1.019870603599));
#4225 = CARTESIAN_POINT('',(-1.7399,1.729184375,0.512442821062));
#4226 = CARTESIAN_POINT('',(-1.7399,1.788715625,-0.512442821062));
#4227 = CARTESIAN_POINT('',(-1.499904532557,1.81848125,-1.019870603599)
  );
#4228 = CARTESIAN_POINT('',(-0.707657217676,1.8780125,-1.670051172013));
#4229 = CARTESIAN_POINT('',(-0.163158724682,1.907778125,-1.806440944352)
  );
#4230 = CARTESIAN_POINT('',(0.842034027234,1.967309375,-1.606495674395)
  );
#4231 = CARTESIAN_POINT('',(1.292890934176,1.997075,-1.272117403071));
#4232 = CARTESIAN_POINT('',(1.776018681504,2.05660625,-0.368248961736));
#4233 = CARTESIAN_POINT('',(1.803561376276,2.086371875,0.19239547));
#4234 = CARTESIAN_POINT('',(1.411354620957,2.145903125,1.139266337944));
#4235 = CARTESIAN_POINT('',(0.995443515196,2.17566875,1.516226191214));
#4236 = CARTESIAN_POINT('',(1.468910471349E-02,2.2352,1.813734789067));
#4237 = CARTESIAN_POINT('',(-0.540556014664,2.264965625,1.731371955959)
  );
#4238 = CARTESIAN_POINT('',(-1.392717282197,2.324496875,1.161976000931)
  );
#4239 = CARTESIAN_POINT('',(-1.681293726033,2.3542625,0.680515291284));
#4240 = CARTESIAN_POINT('',(-1.781750085841,2.41379375,-0.339435246366)
  );
#4241 = CARTESIAN_POINT('',(-1.592646882338,2.443559375,-0.867943294835)
  );
#4242 = CARTESIAN_POINT('',(-0.867943294835,2.503090625,-1.592646882338)
  );
#4243 = CARTESIAN_POINT('',(-0.339435246366,2.53285625,-1.781750085841)
  );
#4244 = CARTESIAN_POINT('',(0.680515291284,2.5923875,-1.681293726033));
#4245 = CARTESIAN_POINT('',(1.161976000932,2.622153125,-1.392717282196)
  );
#4246 = CARTESIAN_POINT('',(1.731371955958,2.681684375,-0.540556014666)
  );
#4247 = CARTESIAN_POINT('',(1.813734789067,2.71145,1.468910471363E-02));
#4248 = CARTESIAN_POINT('',(1.516226191214,2.77098125,0.995443515197));
#4249 = CARTESIAN_POINT('',(1.139266337944,2.800746875,1.411354620957));
#4250 = CARTESIAN_POINT('',(0.19239547,2.860278125,1.803561376276));
#4251 = CARTESIAN_POINT('',(-0.368248961736,2.89004375,1.776018681504));
#4252 = CARTESIAN_POINT('',(-1.272117403071,2.949575,1.292890934176));
#4253 = CARTESIAN_POINT('',(-1.606495674395,2.979340625,0.842034027234)
  );
#4254 = CARTESIAN_POINT('',(-1.806440944352,3.038871875,-0.163158724683)
  );
#4255 = CARTESIAN_POINT('',(-1.670051172013,3.0686375,-0.707657217676));
#4256 = CARTESIAN_POINT('',(-1.019870603599,3.12816875,-1.499904532557)
  );
#4257 = CARTESIAN_POINT('',(-0.512442821073,3.157934375,-1.7399));
#4258 = CARTESIAN_POINT('',(0.512442821073,3.217465625,-1.7399));
#4259 = CARTESIAN_POINT('',(1.019870603599,3.24723125,-1.499904532557));
#4260 = CARTESIAN_POINT('',(1.670051172013,3.3067625,-0.707657217676));
#4261 = CARTESIAN_POINT('',(1.806440944352,3.336528125,-0.163158724681)
  );
#4262 = CARTESIAN_POINT('',(1.606495674395,3.396059375,0.842034027233));
#4263 = CARTESIAN_POINT('',(1.272117403071,3.425825,1.292890934176));
#4264 = CARTESIAN_POINT('',(0.368248961736,3.48535625,1.776018681504));
#4265 = CARTESIAN_POINT('',(-0.19239547,3.515121875,1.803561376276));
#4266 = CARTESIAN_POINT('',(-1.139266337944,3.574653125,1.411354620957)
  );
#4267 = CARTESIAN_POINT('',(-1.516226191214,3.60441875,0.995443515196));
#4268 = CARTESIAN_POINT('',(-1.813734789067,3.66395,1.468910471343E-02)
  );
#4269 = CARTESIAN_POINT('',(-1.731371955958,3.693715625,-0.540556014666)
  );
#4270 = CARTESIAN_POINT('',(-1.161976000932,3.753246875,-1.392717282196)
  );
#4271 = CARTESIAN_POINT('',(-0.680515291284,3.7830125,-1.681293726033));
#4272 = CARTESIAN_POINT('',(0.339435246366,3.84254375,-1.781750085841));
#4273 = CARTESIAN_POINT('',(0.867943294835,3.872309375,-1.592646882338)
  );
#4274 = CARTESIAN_POINT('',(1.592646882338,3.931840625,-0.867943294835)
  );
#4275 = CARTESIAN_POINT('',(1.781750085841,3.96160625,-0.339435246365));
#4276 = CARTESIAN_POINT('',(1.681293726033,4.0211375,0.680515291285));
#4277 = CARTESIAN_POINT('',(1.392717282196,4.050903125,1.161976000932));
#4278 = CARTESIAN_POINT('',(0.540556014666,4.110434375,1.731371955958));
#4279 = CARTESIAN_POINT('',(-1.468910471366E-02,4.1402,1.813734789067));
#4280 = CARTESIAN_POINT('',(-0.995443515197,4.19973125,1.516226191214));
#4281 = CARTESIAN_POINT('',(-1.411354620957,4.229496875,1.139266337944)
  );
#4282 = CARTESIAN_POINT('',(-1.803561376276,4.289028125,0.19239547));
#4283 = CARTESIAN_POINT('',(-1.776018681504,4.31879375,-0.368248961736)
  );
#4284 = CARTESIAN_POINT('',(-1.292890934176,4.378325,-1.272117403071));
#4285 = CARTESIAN_POINT('',(-0.842034027233,4.408090625,-1.606495674396)
  );
#4286 = CARTESIAN_POINT('',(0.163158724681,4.467621875,-1.806440944352)
  );
#4287 = CARTESIAN_POINT('',(0.707657217676,4.4973875,-1.670051172013));
#4288 = CARTESIAN_POINT('',(1.499904532557,4.55691875,-1.019870603599));
#4289 = CARTESIAN_POINT('',(1.7399,4.586684375,-0.512442821095));
#4290 = CARTESIAN_POINT('',(1.7399,4.646215625,0.512442821096));
#4291 = CARTESIAN_POINT('',(1.499904532557,4.67598125,1.019870603599));
#4292 = CARTESIAN_POINT('',(0.707657217676,4.7355125,1.670051172013));
#4293 = CARTESIAN_POINT('',(0.163158724681,4.765278125,1.806440944352));
#4294 = CARTESIAN_POINT('',(-0.842034027233,4.824809375,1.606495674395)
  );
#4295 = CARTESIAN_POINT('',(-1.292890934174,4.854575,1.272117403073));
#4296 = CARTESIAN_POINT('',(-1.776018681505,4.91410625,0.368248961733));
#4297 = CARTESIAN_POINT('',(-1.803561376276,4.943871875,-0.19239547));
#4298 = CARTESIAN_POINT('',(-1.411354620957,5.003403125,-1.139266337944)
  );
#4299 = CARTESIAN_POINT('',(-0.995443515199,5.03316875,-1.516226191213)
  );
#4300 = CARTESIAN_POINT('',(-1.468910471031E-02,5.0927,-1.813734789068)
  );
#4301 = CARTESIAN_POINT('',(0.540556014666,5.122465625,-1.731371955958)
  );
#4302 = CARTESIAN_POINT('',(1.392717282196,5.181996875,-1.161976000932)
  );
#4303 = CARTESIAN_POINT('',(1.681293726033,5.2117625,-0.680515291284));
#4304 = CARTESIAN_POINT('',(1.781750085841,5.27129375,0.339435246366));
#4305 = CARTESIAN_POINT('',(1.592646882338,5.301059375,0.867943294835));
#4306 = CARTESIAN_POINT('',(0.867943294835,5.360590625,1.592646882338));
#4307 = CARTESIAN_POINT('',(0.336329205182,5.39035625,1.794205614182));
#4308 = CARTESIAN_POINT('',(-0.676164432419,5.4498875,1.656199351663));
#4309 = CARTESIAN_POINT('',(-1.135407612151,5.479653125,1.352471793637)
  );
#4310 = CARTESIAN_POINT('',(-1.652343703977,5.539184375,0.510244083631)
  );
#4311 = CARTESIAN_POINT('',(-1.706194567203,5.56895,-1.920044306576E-02)
  );
#4312 = CARTESIAN_POINT('',(-1.392856710066,5.62848125,-0.920886484223)
  );
#4313 = CARTESIAN_POINT('',(-1.030135072658,5.658246875,-1.284728505115)
  );
#4314 = CARTESIAN_POINT('',(-0.165444506737,5.717778125,-1.601655930357)
  );
#4315 = CARTESIAN_POINT('',(0.327502025207,5.74754375,-1.552991933855));
#4316 = CARTESIAN_POINT('',(1.091355012966,5.807075,-1.101502879707));
#4317 = CARTESIAN_POINT('',(1.355475978204,5.836840625,-0.704387110012)
  );
#4318 = CARTESIAN_POINT('',(1.484485879731,5.896371875,0.139483573583));
#4319 = CARTESIAN_POINT('',(1.349547759493,5.9261375,0.577694434747));
#4320 = CARTESIAN_POINT('',(0.800426214445,5.98566875,1.186743606498));
#4321 = CARTESIAN_POINT('',(0.393997701933,6.015339680884,1.352610614875
    ));
#4322 = CARTESIAN_POINT('',(-1.676121502334E-13,6.0452,1.3335));
#4323 = ORIENTED_EDGE('',*,*,#4324,.T.);
#4324 = EDGE_CURVE('',#4190,#4325,#4327,.T.);
#4325 = VERTEX_POINT('',#4326);
#4326 = CARTESIAN_POINT('',(0.,0.225726122436,1.291835827636));
#4327 = LINE('',#4328,#4329);
#4328 = CARTESIAN_POINT('',(0.,0.3302,1.524));
#4329 = VECTOR('',#4330,1.);
#4330 = DIRECTION('',(0.,-0.410364677329,-0.911921505175));
#4331 = ORIENTED_EDGE('',*,*,#4332,.F.);
#4332 = EDGE_CURVE('',#4333,#4325,#4335,.T.);
#4333 = VERTEX_POINT('',#4334);
#4334 = CARTESIAN_POINT('',(-0.387459134817,0.254,1.236097317709));
#4335 = B_SPLINE_CURVE_WITH_KNOTS('',3,(#4336,#4337,#4338,#4339),
  .UNSPECIFIED.,.F.,.F.,(4,4),(0.,3.894709152351E-04),
  .PIECEWISE_BEZIER_KNOTS.);
#4336 = CARTESIAN_POINT('',(-0.387459134817,0.254,1.236097317709));
#4337 = CARTESIAN_POINT('',(-0.260776957007,0.242060155363,
    1.268582108461));
#4338 = CARTESIAN_POINT('',(-0.132151269501,0.229963139693,
    1.281360609032));
#4339 = CARTESIAN_POINT('',(0.,0.225726122436,1.291835827636));
#4340 = ORIENTED_EDGE('',*,*,#4341,.T.);
#4341 = EDGE_CURVE('',#4333,#3707,#4342,.T.);
#4342 = B_SPLINE_CURVE_WITH_KNOTS('',3,(#4343,#4344,#4345,#4346,#4347,
    #4348),.UNSPECIFIED.,.F.,.F.,(4,2,4),(3.928197194378E-04,
    1.211358991984E-03,2.029898264531E-03),.UNSPECIFIED.);
#4343 = CARTESIAN_POINT('',(-0.387459134817,0.254,1.236097317709));
#4344 = CARTESIAN_POINT('',(-0.649584596982,0.27258206628,1.153933152049
    ));
#4345 = CARTESIAN_POINT('',(-0.882129824891,0.289182195847,
    0.987240233692));
#4346 = CARTESIAN_POINT('',(-1.205827672363,0.326027323475,
    0.546603998837));
#4347 = CARTESIAN_POINT('',(-1.2954,0.344819691037,0.272622152875));
#4348 = CARTESIAN_POINT('',(-1.2954,0.362189796448,2.030304093251E-13));
#4349 = B_SPLINE_SURFACE_WITH_KNOTS('',3,3,(
    (#4350,#4351,#4352,#4353,#4354,#4355,#4356,#4357,#4358,#4359,#4360
      ,#4361,#4362,#4363,#4364,#4365,#4366,#4367,#4368,#4369,#4370,#4371
      ,#4372,#4373,#4374,#4375,#4376,#4377,#4378,#4379,#4380,#4381,#4382
      ,#4383,#4384,#4385,#4386,#4387,#4388,#4389,#4390,#4391,#4392,#4393
      ,#4394,#4395,#4396,#4397,#4398,#4399,#4400,#4401,#4402,#4403,#4404
      ,#4405,#4406,#4407,#4408,#4409,#4410,#4411,#4412,#4413,#4414,#4415
      ,#4416,#4417,#4418,#4419,#4420,#4421,#4422,#4423,#4424,#4425,#4426
      ,#4427,#4428,#4429,#4430,#4431,#4432,#4433,#4434,#4435,#4436,#4437
      ,#4438,#4439,#4440,#4441,#4442,#4443,#4444,#4445,#4446,#4447,#4448
      ,#4449,#4450,#4451,#4452,#4453,#4454,#4455,#4456,#4457,#4458,#4459
      ,#4460,#4461,#4462,#4463,#4464,#4465,#4466,#4467,#4468,#4469,#4470
      ,#4471,#4472,#4473,#4474,#4475,#4476,#4477,#4478,#4479)
    ,(#4480,#4481,#4482,#4483,#4484,#4485,#4486,#4487,#4488,#4489,#4490
      ,#4491,#4492,#4493,#4494,#4495,#4496,#4497,#4498,#4499,#4500,#4501
      ,#4502,#4503,#4504,#4505,#4506,#4507,#4508,#4509,#4510,#4511,#4512
      ,#4513,#4514,#4515,#4516,#4517,#4518,#4519,#4520,#4521,#4522,#4523
      ,#4524,#4525,#4526,#4527,#4528,#4529,#4530,#4531,#4532,#4533,#4534
      ,#4535,#4536,#4537,#4538,#4539,#4540,#4541,#4542,#4543,#4544,#4545
      ,#4546,#4547,#4548,#4549,#4550,#4551,#4552,#4553,#4554,#4555,#4556
      ,#4557,#4558,#4559,#4560,#4561,#4562,#4563,#4564,#4565,#4566,#4567
      ,#4568,#4569,#4570,#4571,#4572,#4573,#4574,#4575,#4576,#4577,#4578
      ,#4579,#4580,#4581,#4582,#4583,#4584,#4585,#4586,#4587,#4588,#4589
      ,#4590,#4591,#4592,#4593,#4594,#4595,#4596,#4597,#4598,#4599,#4600
      ,#4601,#4602,#4603,#4604,#4605,#4606,#4607,#4608,#4609)
    ,(#4610,#4611,#4612,#4613,#4614,#4615,#4616,#4617,#4618,#4619,#4620
      ,#4621,#4622,#4623,#4624,#4625,#4626,#4627,#4628,#4629,#4630,#4631
      ,#4632,#4633,#4634,#4635,#4636,#4637,#4638,#4639,#4640,#4641,#4642
      ,#4643,#4644,#4645,#4646,#4647,#4648,#4649,#4650,#4651,#4652,#4653
      ,#4654,#4655,#4656,#4657,#4658,#4659,#4660,#4661,#4662,#4663,#4664
      ,#4665,#4666,#4667,#4668,#4669,#4670,#4671,#4672,#4673,#4674,#4675
      ,#4676,#4677,#4678,#4679,#4680,#4681,#4682,#4683,#4684,#4685,#4686
      ,#4687,#4688,#4689,#4690,#4691,#4692,#4693,#4694,#4695,#4696,#4697
      ,#4698,#4699,#4700,#4701,#4702,#4703,#4704,#4705,#4706,#4707,#4708
      ,#4709,#4710,#4711,#4712,#4713,#4714,#4715,#4716,#4717,#4718,#4719
      ,#4720,#4721,#4722,#4723,#4724,#4725,#4726,#4727,#4728,#4729,#4730
      ,#4731,#4732,#4733,#4734,#4735,#4736,#4737,#4738,#4739)
    ,(#4740,#4741,#4742,#4743,#4744,#4745,#4746,#4747,#4748,#4749,#4750
      ,#4751,#4752,#4753,#4754,#4755,#4756,#4757,#4758,#4759,#4760,#4761
      ,#4762,#4763,#4764,#4765,#4766,#4767,#4768,#4769,#4770,#4771,#4772
      ,#4773,#4774,#4775,#4776,#4777,#4778,#4779,#4780,#4781,#4782,#4783
      ,#4784,#4785,#4786,#4787,#4788,#4789,#4790,#4791,#4792,#4793,#4794
      ,#4795,#4796,#4797,#4798,#4799,#4800,#4801,#4802,#4803,#4804,#4805
      ,#4806,#4807,#4808,#4809,#4810,#4811,#4812,#4813,#4814,#4815,#4816
      ,#4817,#4818,#4819,#4820,#4821,#4822,#4823,#4824,#4825,#4826,#4827
      ,#4828,#4829,#4830,#4831,#4832,#4833,#4834,#4835,#4836,#4837,#4838
      ,#4839,#4840,#4841,#4842,#4843,#4844,#4845,#4846,#4847,#4848,#4849
      ,#4850,#4851,#4852,#4853,#4854,#4855,#4856,#4857,#4858,#4859,#4860
      ,#4861,#4862,#4863,#4864,#4865,#4866,#4867,#4868,#4869
  )),.UNSPECIFIED.,.F.,.F.,.F.,(4,4),(4,2,2,2,2,2,2,2,2,2,2,2,2,2,2,2,2,
    2,2,2,2,2,2,2,2,2,2,2,2,2,2,2,2,2,2,2,2,2,2,2,2,2,2,2,2,2,2,2,2,2,2,
    2,2,2,2,2,2,2,2,2,2,2,2,2,4),(0.,1.),(0.,1.5625E-02,3.125E-02,
    4.6875E-02,6.25E-02,7.8125E-02,9.375E-02,0.109375,0.125,0.140625,
    0.15625,0.171875,0.1875,0.203125,0.21875,0.234375,0.25,0.265625,
    0.28125,0.296875,0.3125,0.328125,0.34375,0.359375,0.375,0.390625,
    0.40625,0.421875,0.4375,0.453125,0.46875,0.484375,0.5,0.515625,
    0.53125,0.546875,0.5625,0.578125,0.59375,0.609375,0.625,0.640625,
    0.65625,0.671875,0.6875,0.703125,0.71875,0.734375,0.75,0.765625,
    0.78125,0.796875,0.8125,0.828125,0.84375,0.859375,0.875,0.890625,
    0.90625,0.921875,0.9375,0.953125,0.96875,0.984375,1.),
  .UNSPECIFIED.);
#4350 = CARTESIAN_POINT('',(0.,0.3302,1.524));
#4351 = CARTESIAN_POINT('',(-0.45058051774,0.360080044339,1.534159219397
    ));
#4352 = CARTESIAN_POINT('',(-0.903290771216,0.38973125,1.333537790559));
#4353 = CARTESIAN_POINT('',(-1.499783734756,0.4492625,0.638614489274));
#4354 = CARTESIAN_POINT('',(-1.635402315934,0.479028125,0.150581300987)
  );
#4355 = CARTESIAN_POINT('',(-1.473141461132,0.538559375,-0.768909102786)
  );
#4356 = CARTESIAN_POINT('',(-1.176087383328,0.568325,-1.191216029908));
#4357 = CARTESIAN_POINT('',(-0.346602151705,0.62785625,-1.657535722146)
  );
#4358 = CARTESIAN_POINT('',(0.178077770611,0.657621875,-1.696299107976)
  );
#4359 = CARTESIAN_POINT('',(1.081290353417,0.717153125,-1.344084497071)
  );
#4360 = CARTESIAN_POINT('',(1.450686154222,0.74691875,-0.95583509249));
#4361 = CARTESIAN_POINT('',(1.756604046334,0.80645,-1.708575321451E-02)
  );
#4362 = CARTESIAN_POINT('',(1.689388197048,0.836215625,0.524452801261));
#4363 = CARTESIAN_POINT('',(1.147861544438,0.895746875,1.371336866442));
#4364 = CARTESIAN_POINT('',(0.678203897511,0.9255125,1.667962339644));
#4365 = CARTESIAN_POINT('',(-0.337785161986,0.98504375,1.788367085278));
#4366 = CARTESIAN_POINT('',(-0.867943294835,1.014809375,1.592646882338)
  );
#4367 = CARTESIAN_POINT('',(-1.592646882338,1.074340625,0.867943294835)
  );
#4368 = CARTESIAN_POINT('',(-1.781750085841,1.10410625,0.339435246366));
#4369 = CARTESIAN_POINT('',(-1.681293726033,1.1636375,-0.680515291285));
#4370 = CARTESIAN_POINT('',(-1.392717282196,1.193403125,-1.161976000932)
  );
#4371 = CARTESIAN_POINT('',(-0.540556014666,1.252934375,-1.731371955958)
  );
#4372 = CARTESIAN_POINT('',(1.468910471285E-02,1.2827,-1.813734789067));
#4373 = CARTESIAN_POINT('',(0.995443515197,1.34223125,-1.516226191214));
#4374 = CARTESIAN_POINT('',(1.411354620957,1.371996875,-1.139266337945)
  );
#4375 = CARTESIAN_POINT('',(1.803561376276,1.431528125,-0.192395469999)
  );
#4376 = CARTESIAN_POINT('',(1.776018681504,1.46129375,0.368248961736));
#4377 = CARTESIAN_POINT('',(1.292890934175,1.520825,1.272117403072));
#4378 = CARTESIAN_POINT('',(0.842034027233,1.550590625,1.606495674396));
#4379 = CARTESIAN_POINT('',(-0.163158724681,1.610121875,1.806440944352)
  );
#4380 = CARTESIAN_POINT('',(-0.707657217676,1.6398875,1.670051172013));
#4381 = CARTESIAN_POINT('',(-1.499904532557,1.69941875,1.019870603599));
#4382 = CARTESIAN_POINT('',(-1.7399,1.729184375,0.512442821062));
#4383 = CARTESIAN_POINT('',(-1.7399,1.788715625,-0.512442821062));
#4384 = CARTESIAN_POINT('',(-1.499904532557,1.81848125,-1.019870603599)
  );
#4385 = CARTESIAN_POINT('',(-0.707657217676,1.8780125,-1.670051172013));
#4386 = CARTESIAN_POINT('',(-0.163158724682,1.907778125,-1.806440944352)
  );
#4387 = CARTESIAN_POINT('',(0.842034027234,1.967309375,-1.606495674395)
  );
#4388 = CARTESIAN_POINT('',(1.292890934176,1.997075,-1.272117403071));
#4389 = CARTESIAN_POINT('',(1.776018681504,2.05660625,-0.368248961736));
#4390 = CARTESIAN_POINT('',(1.803561376276,2.086371875,0.19239547));
#4391 = CARTESIAN_POINT('',(1.411354620957,2.145903125,1.139266337944));
#4392 = CARTESIAN_POINT('',(0.995443515196,2.17566875,1.516226191214));
#4393 = CARTESIAN_POINT('',(1.468910471349E-02,2.2352,1.813734789067));
#4394 = CARTESIAN_POINT('',(-0.540556014664,2.264965625,1.731371955959)
  );
#4395 = CARTESIAN_POINT('',(-1.392717282197,2.324496875,1.161976000931)
  );
#4396 = CARTESIAN_POINT('',(-1.681293726033,2.3542625,0.680515291284));
#4397 = CARTESIAN_POINT('',(-1.781750085841,2.41379375,-0.339435246366)
  );
#4398 = CARTESIAN_POINT('',(-1.592646882338,2.443559375,-0.867943294835)
  );
#4399 = CARTESIAN_POINT('',(-0.867943294835,2.503090625,-1.592646882338)
  );
#4400 = CARTESIAN_POINT('',(-0.339435246366,2.53285625,-1.781750085841)
  );
#4401 = CARTESIAN_POINT('',(0.680515291284,2.5923875,-1.681293726033));
#4402 = CARTESIAN_POINT('',(1.161976000932,2.622153125,-1.392717282196)
  );
#4403 = CARTESIAN_POINT('',(1.731371955958,2.681684375,-0.540556014666)
  );
#4404 = CARTESIAN_POINT('',(1.813734789067,2.71145,1.468910471363E-02));
#4405 = CARTESIAN_POINT('',(1.516226191214,2.77098125,0.995443515197));
#4406 = CARTESIAN_POINT('',(1.139266337944,2.800746875,1.411354620957));
#4407 = CARTESIAN_POINT('',(0.19239547,2.860278125,1.803561376276));
#4408 = CARTESIAN_POINT('',(-0.368248961736,2.89004375,1.776018681504));
#4409 = CARTESIAN_POINT('',(-1.272117403071,2.949575,1.292890934176));
#4410 = CARTESIAN_POINT('',(-1.606495674395,2.979340625,0.842034027234)
  );
#4411 = CARTESIAN_POINT('',(-1.806440944352,3.038871875,-0.163158724683)
  );
#4412 = CARTESIAN_POINT('',(-1.670051172013,3.0686375,-0.707657217676));
#4413 = CARTESIAN_POINT('',(-1.019870603599,3.12816875,-1.499904532557)
  );
#4414 = CARTESIAN_POINT('',(-0.512442821073,3.157934375,-1.7399));
#4415 = CARTESIAN_POINT('',(0.512442821073,3.217465625,-1.7399));
#4416 = CARTESIAN_POINT('',(1.019870603599,3.24723125,-1.499904532557));
#4417 = CARTESIAN_POINT('',(1.670051172013,3.3067625,-0.707657217676));
#4418 = CARTESIAN_POINT('',(1.806440944352,3.336528125,-0.163158724681)
  );
#4419 = CARTESIAN_POINT('',(1.606495674395,3.396059375,0.842034027233));
#4420 = CARTESIAN_POINT('',(1.272117403071,3.425825,1.292890934176));
#4421 = CARTESIAN_POINT('',(0.368248961736,3.48535625,1.776018681504));
#4422 = CARTESIAN_POINT('',(-0.19239547,3.515121875,1.803561376276));
#4423 = CARTESIAN_POINT('',(-1.139266337944,3.574653125,1.411354620957)
  );
#4424 = CARTESIAN_POINT('',(-1.516226191214,3.60441875,0.995443515196));
#4425 = CARTESIAN_POINT('',(-1.813734789067,3.66395,1.468910471343E-02)
  );
#4426 = CARTESIAN_POINT('',(-1.731371955958,3.693715625,-0.540556014666)
  );
#4427 = CARTESIAN_POINT('',(-1.161976000932,3.753246875,-1.392717282196)
  );
#4428 = CARTESIAN_POINT('',(-0.680515291284,3.7830125,-1.681293726033));
#4429 = CARTESIAN_POINT('',(0.339435246366,3.84254375,-1.781750085841));
#4430 = CARTESIAN_POINT('',(0.867943294835,3.872309375,-1.592646882338)
  );
#4431 = CARTESIAN_POINT('',(1.592646882338,3.931840625,-0.867943294835)
  );
#4432 = CARTESIAN_POINT('',(1.781750085841,3.96160625,-0.339435246365));
#4433 = CARTESIAN_POINT('',(1.681293726033,4.0211375,0.680515291285));
#4434 = CARTESIAN_POINT('',(1.392717282196,4.050903125,1.161976000932));
#4435 = CARTESIAN_POINT('',(0.540556014666,4.110434375,1.731371955958));
#4436 = CARTESIAN_POINT('',(-1.468910471366E-02,4.1402,1.813734789067));
#4437 = CARTESIAN_POINT('',(-0.995443515197,4.19973125,1.516226191214));
#4438 = CARTESIAN_POINT('',(-1.411354620957,4.229496875,1.139266337944)
  );
#4439 = CARTESIAN_POINT('',(-1.803561376276,4.289028125,0.19239547));
#4440 = CARTESIAN_POINT('',(-1.776018681504,4.31879375,-0.368248961736)
  );
#4441 = CARTESIAN_POINT('',(-1.292890934176,4.378325,-1.272117403071));
#4442 = CARTESIAN_POINT('',(-0.842034027233,4.408090625,-1.606495674396)
  );
#4443 = CARTESIAN_POINT('',(0.163158724681,4.467621875,-1.806440944352)
  );
#4444 = CARTESIAN_POINT('',(0.707657217676,4.4973875,-1.670051172013));
#4445 = CARTESIAN_POINT('',(1.499904532557,4.55691875,-1.019870603599));
#4446 = CARTESIAN_POINT('',(1.7399,4.586684375,-0.512442821095));
#4447 = CARTESIAN_POINT('',(1.7399,4.646215625,0.512442821096));
#4448 = CARTESIAN_POINT('',(1.499904532557,4.67598125,1.019870603599));
#4449 = CARTESIAN_POINT('',(0.707657217676,4.7355125,1.670051172013));
#4450 = CARTESIAN_POINT('',(0.163158724681,4.765278125,1.806440944352));
#4451 = CARTESIAN_POINT('',(-0.842034027233,4.824809375,1.606495674395)
  );
#4452 = CARTESIAN_POINT('',(-1.292890934174,4.854575,1.272117403073));
#4453 = CARTESIAN_POINT('',(-1.776018681505,4.91410625,0.368248961733));
#4454 = CARTESIAN_POINT('',(-1.803561376276,4.943871875,-0.19239547));
#4455 = CARTESIAN_POINT('',(-1.411354620957,5.003403125,-1.139266337944)
  );
#4456 = CARTESIAN_POINT('',(-0.995443515199,5.03316875,-1.516226191213)
  );
#4457 = CARTESIAN_POINT('',(-1.468910471031E-02,5.0927,-1.813734789068)
  );
#4458 = CARTESIAN_POINT('',(0.540556014666,5.122465625,-1.731371955958)
  );
#4459 = CARTESIAN_POINT('',(1.392717282196,5.181996875,-1.161976000932)
  );
#4460 = CARTESIAN_POINT('',(1.681293726033,5.2117625,-0.680515291284));
#4461 = CARTESIAN_POINT('',(1.781750085841,5.27129375,0.339435246366));
#4462 = CARTESIAN_POINT('',(1.592646882338,5.301059375,0.867943294835));
#4463 = CARTESIAN_POINT('',(0.867943294835,5.360590625,1.592646882338));
#4464 = CARTESIAN_POINT('',(0.336329205182,5.39035625,1.794205614182));
#4465 = CARTESIAN_POINT('',(-0.676164432419,5.4498875,1.656199351663));
#4466 = CARTESIAN_POINT('',(-1.135407612151,5.479653125,1.352471793637)
  );
#4467 = CARTESIAN_POINT('',(-1.652343703977,5.539184375,0.510244083631)
  );
#4468 = CARTESIAN_POINT('',(-1.706194567203,5.56895,-1.920044306576E-02)
  );
#4469 = CARTESIAN_POINT('',(-1.392856710066,5.62848125,-0.920886484223)
  );
#4470 = CARTESIAN_POINT('',(-1.030135072658,5.658246875,-1.284728505115)
  );
#4471 = CARTESIAN_POINT('',(-0.165444506737,5.717778125,-1.601655930357)
  );
#4472 = CARTESIAN_POINT('',(0.327502025207,5.74754375,-1.552991933855));
#4473 = CARTESIAN_POINT('',(1.091355012966,5.807075,-1.101502879707));
#4474 = CARTESIAN_POINT('',(1.355475978204,5.836840625,-0.704387110012)
  );
#4475 = CARTESIAN_POINT('',(1.484485879731,5.896371875,0.139483573583));
#4476 = CARTESIAN_POINT('',(1.349547759493,5.9261375,0.577694434747));
#4477 = CARTESIAN_POINT('',(0.800426214445,5.98566875,1.186743606498));
#4478 = CARTESIAN_POINT('',(0.393997701933,6.015339680884,1.352610614875
    ));
#4479 = CARTESIAN_POINT('',(-1.676121502334E-13,6.0452,1.3335));
#4480 = CARTESIAN_POINT('',(0.,0.254,1.354666666667));
#4481 = CARTESIAN_POINT('',(-0.400485232571,0.283877747794,
    1.364825105242));
#4482 = CARTESIAN_POINT('',(-0.80403329111,0.31353125,1.187561680867));
#4483 = CARTESIAN_POINT('',(-1.337248341323,0.3730625,0.569742740063));
#4484 = CARTESIAN_POINT('',(-1.459592978393,0.402828125,0.134702106919)
  );
#4485 = CARTESIAN_POINT('',(-1.316791517043,0.462359375,-0.686959319663)
  );
#4486 = CARTESIAN_POINT('',(-1.052280337186,0.492125,-1.065387228323));
#4487 = CARTESIAN_POINT('',(-0.310762836308,0.55165625,-1.484687188873)
  );
#4488 = CARTESIAN_POINT('',(0.159353150362,0.581421875,-1.520770020384)
  );
#4489 = CARTESIAN_POINT('',(0.970412851238,0.640953125,-1.206726382986)
  );
#4490 = CARTESIAN_POINT('',(1.303121561341,0.67071875,-0.858954945229));
#4491 = CARTESIAN_POINT('',(1.580084845513,0.73025,-1.565615644541E-02)
  );
#4492 = CARTESIAN_POINT('',(1.52088484373,0.760015625,0.471843943295));
#4493 = CARTESIAN_POINT('',(1.034773855722,0.819546875,1.235792605491));
#4494 = CARTESIAN_POINT('',(0.611973698856,0.8493125,1.504332779931));
#4495 = CARTESIAN_POINT('',(-0.304750101523,0.90884375,1.61496075089));
#4496 = CARTESIAN_POINT('',(-0.783471927941,0.938609375,1.43764475267));
#4497 = CARTESIAN_POINT('',(-1.43764475267,0.998140625,0.783471927941));
#4498 = CARTESIAN_POINT('',(-1.608343751453,1.02790625,0.306400185892));
#4499 = CARTESIAN_POINT('',(-1.517664166322,1.0874375,-0.61428509262));
#4500 = CARTESIAN_POINT('',(-1.257173021155,1.117203125,-1.048888312277)
  );
#4501 = CARTESIAN_POINT('',(-0.487947156791,1.176734375,-1.56286860258)
  );
#4502 = CARTESIAN_POINT('',(1.325950814713E-02,1.2065,-1.637215588185));
#4503 = CARTESIAN_POINT('',(0.898563367733,1.26603125,-1.368661598395));
#4504 = CARTESIAN_POINT('',(1.273996506995,1.295796875,-1.028388835468)
  );
#4505 = CARTESIAN_POINT('',(1.628032288561,1.355328125,-0.173670850048)
  );
#4506 = CARTESIAN_POINT('',(1.603170148024,1.38509375,0.332409646725));
#4507 = CARTESIAN_POINT('',(1.167062132796,1.444625,1.148310356544));
#4508 = CARTESIAN_POINT('',(0.760084243561,1.474390625,1.450145730415));
#4509 = CARTESIAN_POINT('',(-0.147279530065,1.533921875,1.630631606702)
  );
#4510 = CARTESIAN_POINT('',(-0.638785468997,1.5636875,1.507515778143));
#4511 = CARTESIAN_POINT('',(-1.353928422332,1.62321875,0.92061312393));
#4512 = CARTESIAN_POINT('',(-1.570566666667,1.652984375,0.462570040424)
  );
#4513 = CARTESIAN_POINT('',(-1.570566666667,1.712515625,-0.462570040424)
  );
#4514 = CARTESIAN_POINT('',(-1.353928422332,1.74228125,-0.92061312393));
#4515 = CARTESIAN_POINT('',(-0.638785468997,1.8018125,-1.507515778143));
#4516 = CARTESIAN_POINT('',(-0.147279530066,1.831578125,-1.630631606702)
  );
#4517 = CARTESIAN_POINT('',(0.760084243561,1.891109375,-1.450145730415)
  );
#4518 = CARTESIAN_POINT('',(1.167062132796,1.920875,-1.148310356543));
#4519 = CARTESIAN_POINT('',(1.603170148024,1.98040625,-0.332409646725));
#4520 = CARTESIAN_POINT('',(1.62803228856,2.010171875,0.173670850049));
#4521 = CARTESIAN_POINT('',(1.273996506995,2.069703125,1.028388835468));
#4522 = CARTESIAN_POINT('',(0.898563367732,2.09946875,1.368661598395));
#4523 = CARTESIAN_POINT('',(1.325950814771E-02,2.159,1.637215588185));
#4524 = CARTESIAN_POINT('',(-0.48794715679,2.188765625,1.562868602581));
#4525 = CARTESIAN_POINT('',(-1.257173021156,2.248296875,1.048888312276)
  );
#4526 = CARTESIAN_POINT('',(-1.517664166322,2.2780625,0.614285092619));
#4527 = CARTESIAN_POINT('',(-1.608343751453,2.33759375,-0.306400185892)
  );
#4528 = CARTESIAN_POINT('',(-1.43764475267,2.367359375,-0.783471927941)
  );
#4529 = CARTESIAN_POINT('',(-0.783471927941,2.426890625,-1.43764475267)
  );
#4530 = CARTESIAN_POINT('',(-0.306400185892,2.45665625,-1.608343751453)
  );
#4531 = CARTESIAN_POINT('',(0.614285092619,2.5161875,-1.517664166322));
#4532 = CARTESIAN_POINT('',(1.048888312277,2.545953125,-1.257173021155)
  );
#4533 = CARTESIAN_POINT('',(1.56286860258,2.605484375,-0.487947156791));
#4534 = CARTESIAN_POINT('',(1.637215588185,2.63525,1.325950814783E-02));
#4535 = CARTESIAN_POINT('',(1.368661598395,2.69478125,0.898563367732));
#4536 = CARTESIAN_POINT('',(1.028388835468,2.724546875,1.273996506995));
#4537 = CARTESIAN_POINT('',(0.173670850049,2.784078125,1.62803228856));
#4538 = CARTESIAN_POINT('',(-0.332409646726,2.81384375,1.603170148024));
#4539 = CARTESIAN_POINT('',(-1.148310356543,2.873375,1.167062132796));
#4540 = CARTESIAN_POINT('',(-1.450145730415,2.903140625,0.760084243562)
  );
#4541 = CARTESIAN_POINT('',(-1.630631606702,2.962671875,-0.147279530067)
  );
#4542 = CARTESIAN_POINT('',(-1.507515778143,2.9924375,-0.638785468997));
#4543 = CARTESIAN_POINT('',(-0.92061312393,3.05196875,-1.353928422332));
#4544 = CARTESIAN_POINT('',(-0.462570040434,3.081734375,-1.570566666667)
  );
#4545 = CARTESIAN_POINT('',(0.462570040434,3.141265625,-1.570566666667)
  );
#4546 = CARTESIAN_POINT('',(0.92061312393,3.17103125,-1.353928422332));
#4547 = CARTESIAN_POINT('',(1.507515778143,3.2305625,-0.638785468997));
#4548 = CARTESIAN_POINT('',(1.630631606702,3.260328125,-0.147279530065)
  );
#4549 = CARTESIAN_POINT('',(1.450145730415,3.319859375,0.760084243561));
#4550 = CARTESIAN_POINT('',(1.148310356543,3.349625,1.167062132796));
#4551 = CARTESIAN_POINT('',(0.332409646725,3.40915625,1.603170148024));
#4552 = CARTESIAN_POINT('',(-0.173670850049,3.438921875,1.62803228856));
#4553 = CARTESIAN_POINT('',(-1.028388835468,3.498453125,1.273996506995)
  );
#4554 = CARTESIAN_POINT('',(-1.368661598395,3.52821875,0.898563367732));
#4555 = CARTESIAN_POINT('',(-1.637215588185,3.58775,1.325950814764E-02)
  );
#4556 = CARTESIAN_POINT('',(-1.56286860258,3.617515625,-0.487947156791)
  );
#4557 = CARTESIAN_POINT('',(-1.048888312277,3.677046875,-1.257173021155)
  );
#4558 = CARTESIAN_POINT('',(-0.614285092619,3.7068125,-1.517664166322));
#4559 = CARTESIAN_POINT('',(0.306400185892,3.76634375,-1.608343751453));
#4560 = CARTESIAN_POINT('',(0.783471927941,3.796109375,-1.43764475267));
#4561 = CARTESIAN_POINT('',(1.43764475267,3.855640625,-0.783471927941));
#4562 = CARTESIAN_POINT('',(1.608343751453,3.88540625,-0.306400185892));
#4563 = CARTESIAN_POINT('',(1.517664166322,3.9449375,0.614285092619));
#4564 = CARTESIAN_POINT('',(1.257173021155,3.974703125,1.048888312277));
#4565 = CARTESIAN_POINT('',(0.487947156791,4.034234375,1.56286860258));
#4566 = CARTESIAN_POINT('',(-1.325950814784E-02,4.064,1.637215588185));
#4567 = CARTESIAN_POINT('',(-0.898563367732,4.12353125,1.368661598395));
#4568 = CARTESIAN_POINT('',(-1.273996506995,4.153296875,1.028388835468)
  );
#4569 = CARTESIAN_POINT('',(-1.62803228856,4.212828125,0.173670850049));
#4570 = CARTESIAN_POINT('',(-1.603170148024,4.24259375,-0.332409646726)
  );
#4571 = CARTESIAN_POINT('',(-1.167062132796,4.302125,-1.148310356543));
#4572 = CARTESIAN_POINT('',(-0.760084243561,4.331890625,-1.450145730415)
  );
#4573 = CARTESIAN_POINT('',(0.147279530065,4.391421875,-1.630631606702)
  );
#4574 = CARTESIAN_POINT('',(0.638785468997,4.4211875,-1.507515778143));
#4575 = CARTESIAN_POINT('',(1.353928422332,4.48071875,-0.92061312393));
#4576 = CARTESIAN_POINT('',(1.570566666667,4.510484375,-0.462570040454)
  );
#4577 = CARTESIAN_POINT('',(1.570566666667,4.570015625,0.462570040454));
#4578 = CARTESIAN_POINT('',(1.353928422332,4.59978125,0.92061312393));
#4579 = CARTESIAN_POINT('',(0.638785468997,4.6593125,1.507515778143));
#4580 = CARTESIAN_POINT('',(0.147279530065,4.689078125,1.630631606702));
#4581 = CARTESIAN_POINT('',(-0.760084243561,4.748609375,1.450145730415)
  );
#4582 = CARTESIAN_POINT('',(-1.167062132795,4.778375,1.148310356546));
#4583 = CARTESIAN_POINT('',(-1.603170148025,4.83790625,0.332409646723));
#4584 = CARTESIAN_POINT('',(-1.62803228856,4.867671875,-0.173670850049)
  );
#4585 = CARTESIAN_POINT('',(-1.273996506995,4.927203125,-1.028388835468)
  );
#4586 = CARTESIAN_POINT('',(-0.898563367735,4.95696875,-1.368661598394)
  );
#4587 = CARTESIAN_POINT('',(-1.325950814484E-02,5.0165,-1.637215588186)
  );
#4588 = CARTESIAN_POINT('',(0.487947156791,5.046265625,-1.56286860258));
#4589 = CARTESIAN_POINT('',(1.257173021155,5.105796875,-1.048888312277)
  );
#4590 = CARTESIAN_POINT('',(1.517664166322,5.1355625,-0.614285092619));
#4591 = CARTESIAN_POINT('',(1.608343751453,5.19509375,0.306400185892));
#4592 = CARTESIAN_POINT('',(1.43764475267,5.224859375,0.783471927941));
#4593 = CARTESIAN_POINT('',(0.783471927941,5.284390625,1.43764475267));
#4594 = CARTESIAN_POINT('',(0.303294144728,5.31415625,1.620799279795));
#4595 = CARTESIAN_POINT('',(-0.609934233773,5.3736875,1.49256979195));
#4596 = CARTESIAN_POINT('',(-1.022319923379,5.403453125,1.216927532771)
  );
#4597 = CARTESIAN_POINT('',(-1.483840350716,5.462984375,0.457635225581)
  );
#4598 = CARTESIAN_POINT('',(-1.529675366443,5.49275,-1.777084609696E-02)
  );
#4599 = CARTESIAN_POINT('',(-1.245292117125,5.55228125,-0.824006337162)
  );
#4600 = CARTESIAN_POINT('',(-0.919257570787,5.582046875,-1.147370390902)
  );
#4601 = CARTESIAN_POINT('',(-0.14671988618,5.641578125,-1.426126842892)
  );
#4602 = CARTESIAN_POINT('',(0.291662709387,5.67134375,-1.380143400808));
#4603 = CARTESIAN_POINT('',(0.967547967247,5.730875,-0.975674077895));
#4604 = CARTESIAN_POINT('',(1.199126033988,5.760640625,-0.622437327526)
  );
#4605 = CARTESIAN_POINT('',(1.308676542317,5.820171875,0.123604380152));
#4606 = CARTESIAN_POINT('',(1.187012366599,5.8499375,0.508822684879));
#4607 = CARTESIAN_POINT('',(0.7011687338,5.90946875,1.040767497462));
#4608 = CARTESIAN_POINT('',(0.343904782095,5.939145016824,1.183273866544
    ));
#4609 = CARTESIAN_POINT('',(-1.463280676641E-13,5.969,1.164166666667));
#4610 = CARTESIAN_POINT('',(0.,0.1778,1.185333333333));
#4611 = CARTESIAN_POINT('',(-0.350389940465,0.207674794501,
    1.195490767792));
#4612 = CARTESIAN_POINT('',(-0.704775811004,0.23733125,1.041585571175));
#4613 = CARTESIAN_POINT('',(-1.174712947891,0.2968625,0.500870990851));
#4614 = CARTESIAN_POINT('',(-1.283783640853,0.326628125,0.118822912852)
  );
#4615 = CARTESIAN_POINT('',(-1.160441572954,0.386159375,-0.605009536539)
  );
#4616 = CARTESIAN_POINT('',(-0.928473291044,0.415925,-0.939558426737));
#4617 = CARTESIAN_POINT('',(-0.274923520912,0.47545625,-1.311838655599)
  );
#4618 = CARTESIAN_POINT('',(0.140628530113,0.505221875,-1.345240932792)
  );
#4619 = CARTESIAN_POINT('',(0.859535349059,0.564753125,-1.069368268901)
  );
#4620 = CARTESIAN_POINT('',(1.155556968461,0.59451875,-0.762074797968));
#4621 = CARTESIAN_POINT('',(1.403565644693,0.65405,-1.422655967636E-02)
  );
#4622 = CARTESIAN_POINT('',(1.352381490413,0.683815625,0.41923508533));
#4623 = CARTESIAN_POINT('',(0.921686167006,0.743346875,1.100248344541));
#4624 = CARTESIAN_POINT('',(0.545743500202,0.7731125,1.340703220219));
#4625 = CARTESIAN_POINT('',(-0.27171504106,0.83264375,1.441554416503));
#4626 = CARTESIAN_POINT('',(-0.699000561047,0.862409375,1.282642623002)
  );
#4627 = CARTESIAN_POINT('',(-1.282642623002,0.921940625,0.699000561047)
  );
#4628 = CARTESIAN_POINT('',(-1.434937417064,0.95170625,0.273365125419));
#4629 = CARTESIAN_POINT('',(-1.35403460661,1.0112375,-0.548054893954));
#4630 = CARTESIAN_POINT('',(-1.121628760114,1.041003125,-0.935800623622)
  );
#4631 = CARTESIAN_POINT('',(-0.435338298916,1.100534375,-1.394365249202)
  );
#4632 = CARTESIAN_POINT('',(1.182991158139E-02,1.1303,-1.460696387302));
#4633 = CARTESIAN_POINT('',(0.801683220268,1.18983125,-1.221097005576));
#4634 = CARTESIAN_POINT('',(1.136638393033,1.219596875,-0.917511332992)
  );
#4635 = CARTESIAN_POINT('',(1.452503200845,1.279128125,-0.154946230097)
  );
#4636 = CARTESIAN_POINT('',(1.430321614545,1.30889375,0.296570331714));
#4637 = CARTESIAN_POINT('',(1.041233331416,1.368425,1.024503310016));
#4638 = CARTESIAN_POINT('',(0.678134459888,1.398190625,1.293795786435));
#4639 = CARTESIAN_POINT('',(-0.131400335449,1.457721875,1.454822269052)
  );
#4640 = CARTESIAN_POINT('',(-0.569913720318,1.4874875,1.344980384273));
#4641 = CARTESIAN_POINT('',(-1.207952312108,1.54701875,0.821355644261));
#4642 = CARTESIAN_POINT('',(-1.401233333333,1.576784375,0.412697259785)
  );
#4643 = CARTESIAN_POINT('',(-1.401233333333,1.636315625,-0.412697259785)
  );
#4644 = CARTESIAN_POINT('',(-1.207952312108,1.66608125,-0.821355644261)
  );
#4645 = CARTESIAN_POINT('',(-0.569913720318,1.7256125,-1.344980384273));
#4646 = CARTESIAN_POINT('',(-0.131400335449,1.755378125,-1.454822269052)
  );
#4647 = CARTESIAN_POINT('',(0.678134459889,1.814909375,-1.293795786435)
  );
#4648 = CARTESIAN_POINT('',(1.041233331417,1.844675,-1.024503310016));
#4649 = CARTESIAN_POINT('',(1.430321614544,1.90420625,-0.296570331715));
#4650 = CARTESIAN_POINT('',(1.452503200845,1.933971875,0.154946230097));
#4651 = CARTESIAN_POINT('',(1.136638393034,1.993503125,0.917511332991));
#4652 = CARTESIAN_POINT('',(0.801683220268,2.02326875,1.221097005576));
#4653 = CARTESIAN_POINT('',(1.182991158193E-02,2.0828,1.460696387302));
#4654 = CARTESIAN_POINT('',(-0.435338298915,2.112565625,1.394365249203)
  );
#4655 = CARTESIAN_POINT('',(-1.121628760115,2.172096875,0.935800623621)
  );
#4656 = CARTESIAN_POINT('',(-1.354034606611,2.2018625,0.548054893954));
#4657 = CARTESIAN_POINT('',(-1.434937417064,2.26139375,-0.273365125419)
  );
#4658 = CARTESIAN_POINT('',(-1.282642623002,2.291159375,-0.699000561047)
  );
#4659 = CARTESIAN_POINT('',(-0.699000561047,2.350690625,-1.282642623002)
  );
#4660 = CARTESIAN_POINT('',(-0.273365125418,2.38045625,-1.434937417064)
  );
#4661 = CARTESIAN_POINT('',(0.548054893954,2.4399875,-1.35403460661));
#4662 = CARTESIAN_POINT('',(0.935800623622,2.469753125,-1.121628760114)
  );
#4663 = CARTESIAN_POINT('',(1.394365249202,2.529284375,-0.435338298916)
  );
#4664 = CARTESIAN_POINT('',(1.460696387302,2.55905,1.182991158203E-02));
#4665 = CARTESIAN_POINT('',(1.221097005576,2.61858125,0.801683220268));
#4666 = CARTESIAN_POINT('',(0.917511332991,2.648346875,1.136638393034));
#4667 = CARTESIAN_POINT('',(0.154946230097,2.707878125,1.452503200845));
#4668 = CARTESIAN_POINT('',(-0.296570331715,2.73764375,1.430321614544));
#4669 = CARTESIAN_POINT('',(-1.024503310016,2.797175,1.041233331417));
#4670 = CARTESIAN_POINT('',(-1.293795786435,2.826940625,0.678134459889)
  );
#4671 = CARTESIAN_POINT('',(-1.454822269052,2.886471875,-0.13140033545)
  );
#4672 = CARTESIAN_POINT('',(-1.344980384273,2.9162375,-0.569913720318));
#4673 = CARTESIAN_POINT('',(-0.821355644261,2.97576875,-1.207952312108)
  );
#4674 = CARTESIAN_POINT('',(-0.412697259794,3.005534375,-1.401233333333)
  );
#4675 = CARTESIAN_POINT('',(0.412697259794,3.065065625,-1.401233333333)
  );
#4676 = CARTESIAN_POINT('',(0.821355644261,3.09483125,-1.207952312108));
#4677 = CARTESIAN_POINT('',(1.344980384273,3.1543625,-0.569913720318));
#4678 = CARTESIAN_POINT('',(1.454822269052,3.184128125,-0.131400335449)
  );
#4679 = CARTESIAN_POINT('',(1.293795786435,3.243659375,0.678134459888));
#4680 = CARTESIAN_POINT('',(1.024503310016,3.273425,1.041233331417));
#4681 = CARTESIAN_POINT('',(0.296570331715,3.33295625,1.430321614544));
#4682 = CARTESIAN_POINT('',(-0.154946230097,3.362721875,1.452503200845)
  );
#4683 = CARTESIAN_POINT('',(-0.917511332992,3.422253125,1.136638393034)
  );
#4684 = CARTESIAN_POINT('',(-1.221097005576,3.45201875,0.801683220268));
#4685 = CARTESIAN_POINT('',(-1.460696387302,3.51155,1.182991158185E-02)
  );
#4686 = CARTESIAN_POINT('',(-1.394365249202,3.541315625,-0.435338298916)
  );
#4687 = CARTESIAN_POINT('',(-0.935800623622,3.600846875,-1.121628760114)
  );
#4688 = CARTESIAN_POINT('',(-0.548054893954,3.6306125,-1.35403460661));
#4689 = CARTESIAN_POINT('',(0.273365125419,3.69014375,-1.434937417064));
#4690 = CARTESIAN_POINT('',(0.699000561047,3.719909375,-1.282642623002)
  );
#4691 = CARTESIAN_POINT('',(1.282642623002,3.779440625,-0.699000561047)
  );
#4692 = CARTESIAN_POINT('',(1.434937417064,3.80920625,-0.273365125418));
#4693 = CARTESIAN_POINT('',(1.35403460661,3.8687375,0.548054893954));
#4694 = CARTESIAN_POINT('',(1.121628760114,3.898503125,0.935800623622));
#4695 = CARTESIAN_POINT('',(0.435338298916,3.958034375,1.394365249202));
#4696 = CARTESIAN_POINT('',(-1.182991158206E-02,3.9878,1.460696387302));
#4697 = CARTESIAN_POINT('',(-0.801683220268,4.04733125,1.221097005576));
#4698 = CARTESIAN_POINT('',(-1.136638393034,4.077096875,0.917511332991)
  );
#4699 = CARTESIAN_POINT('',(-1.452503200845,4.136628125,0.154946230097)
  );
#4700 = CARTESIAN_POINT('',(-1.430321614544,4.16639375,-0.296570331715)
  );
#4701 = CARTESIAN_POINT('',(-1.041233331417,4.225925,-1.024503310016));
#4702 = CARTESIAN_POINT('',(-0.678134459888,4.255690625,-1.293795786435)
  );
#4703 = CARTESIAN_POINT('',(0.131400335449,4.315221875,-1.454822269052)
  );
#4704 = CARTESIAN_POINT('',(0.569913720318,4.3449875,-1.344980384273));
#4705 = CARTESIAN_POINT('',(1.207952312108,4.40451875,-0.821355644261));
#4706 = CARTESIAN_POINT('',(1.401233333333,4.434284375,-0.412697259812)
  );
#4707 = CARTESIAN_POINT('',(1.401233333333,4.493815625,0.412697259812));
#4708 = CARTESIAN_POINT('',(1.207952312108,4.52358125,0.821355644261));
#4709 = CARTESIAN_POINT('',(0.569913720318,4.5831125,1.344980384273));
#4710 = CARTESIAN_POINT('',(0.131400335449,4.612878125,1.454822269052));
#4711 = CARTESIAN_POINT('',(-0.678134459888,4.672409375,1.293795786435)
  );
#4712 = CARTESIAN_POINT('',(-1.041233331415,4.702175,1.024503310018));
#4713 = CARTESIAN_POINT('',(-1.430321614546,4.76170625,0.296570331712));
#4714 = CARTESIAN_POINT('',(-1.452503200845,4.791471875,-0.154946230097)
  );
#4715 = CARTESIAN_POINT('',(-1.136638393034,4.851003125,-0.917511332992)
  );
#4716 = CARTESIAN_POINT('',(-0.80168322027,4.88076875,-1.221097005575));
#4717 = CARTESIAN_POINT('',(-1.182991157935E-02,4.9403,-1.460696387303)
  );
#4718 = CARTESIAN_POINT('',(0.435338298916,4.970065625,-1.394365249202)
  );
#4719 = CARTESIAN_POINT('',(1.121628760114,5.029596875,-0.935800623622)
  );
#4720 = CARTESIAN_POINT('',(1.35403460661,5.0593625,-0.548054893954));
#4721 = CARTESIAN_POINT('',(1.434937417064,5.11889375,0.273365125419));
#4722 = CARTESIAN_POINT('',(1.282642623002,5.148659375,0.699000561047));
#4723 = CARTESIAN_POINT('',(0.699000561047,5.208190625,1.282642623002));
#4724 = CARTESIAN_POINT('',(0.270259084274,5.23795625,1.447392945409));
#4725 = CARTESIAN_POINT('',(-0.543704035128,5.2974875,1.328940232237));
#4726 = CARTESIAN_POINT('',(-0.909232234607,5.327253125,1.081383271905)
  );
#4727 = CARTESIAN_POINT('',(-1.315336997455,5.386784375,0.405026367531)
  );
#4728 = CARTESIAN_POINT('',(-1.353156165683,5.41655,-1.634124912813E-02)
  );
#4729 = CARTESIAN_POINT('',(-1.097727524183,5.47608125,-0.7271261901));
#4730 = CARTESIAN_POINT('',(-0.808380068916,5.505846875,-1.01001227669)
  );
#4731 = CARTESIAN_POINT('',(-0.127995265623,5.565378125,-1.250597755428)
  );
#4732 = CARTESIAN_POINT('',(0.255823393568,5.59514375,-1.20729486776));
#4733 = CARTESIAN_POINT('',(0.843740921528,5.654675,-0.849845276083));
#4734 = CARTESIAN_POINT('',(1.042776089772,5.684440625,-0.540487545039)
  );
#4735 = CARTESIAN_POINT('',(1.132867204903,5.743971875,0.107725186722));
#4736 = CARTESIAN_POINT('',(1.024476973705,5.7737375,0.439950935011));
#4737 = CARTESIAN_POINT('',(0.601911253155,5.83326875,0.894791388427));
#4738 = CARTESIAN_POINT('',(0.293812830673,5.862952070874,1.013936018621
    ));
#4739 = CARTESIAN_POINT('',(-1.250439850948E-13,5.8928,0.994833333333));
#4740 = CARTESIAN_POINT('',(0.,0.1016,1.016));
#4741 = CARTESIAN_POINT('',(-0.300294674031,0.13147085933,1.026156096504
    ));
#4742 = CARTESIAN_POINT('',(-0.605518330898,0.16113125,0.895609461483));
#4743 = CARTESIAN_POINT('',(-1.012177554458,0.2206625,0.43199924164));
#4744 = CARTESIAN_POINT('',(-1.107974303312,0.250428125,0.102943718785)
  );
#4745 = CARTESIAN_POINT('',(-1.004091628864,0.309959375,-0.523059753416)
  );
#4746 = CARTESIAN_POINT('',(-0.804666244902,0.339725,-0.813729625151));
#4747 = CARTESIAN_POINT('',(-0.239084205515,0.39925625,-1.138990122326)
  );
#4748 = CARTESIAN_POINT('',(0.121903909865,0.429021875,-1.169711845199)
  );
#4749 = CARTESIAN_POINT('',(0.74865784688,0.488553125,-0.932010154816));
#4750 = CARTESIAN_POINT('',(1.00799237558,0.51831875,-0.665194650707));
#4751 = CARTESIAN_POINT('',(1.227046443872,0.57785,-1.279696290728E-02)
  );
#4752 = CARTESIAN_POINT('',(1.183878137095,0.607615625,0.366626227364));
#4753 = CARTESIAN_POINT('',(0.808598478291,0.667146875,0.96470408359));
#4754 = CARTESIAN_POINT('',(0.479513301547,0.6969125,1.177073660507));
#4755 = CARTESIAN_POINT('',(-0.238679980597,0.75644375,1.268148082115));
#4756 = CARTESIAN_POINT('',(-0.614529194153,0.786209375,1.127640493334)
  );
#4757 = CARTESIAN_POINT('',(-1.127640493334,0.845740625,0.614529194153)
  );
#4758 = CARTESIAN_POINT('',(-1.261531082676,0.87550625,0.240330064945));
#4759 = CARTESIAN_POINT('',(-1.190405046899,0.9350375,-0.481824695289));
#4760 = CARTESIAN_POINT('',(-0.986084499073,0.964803125,-0.822712934967)
  );
#4761 = CARTESIAN_POINT('',(-0.382729441041,1.024334375,-1.225861895824)
  );
#4762 = CARTESIAN_POINT('',(1.040031501566E-02,1.0541,-1.28417718642));
#4763 = CARTESIAN_POINT('',(0.704803072804,1.11363125,-1.073532412757));
#4764 = CARTESIAN_POINT('',(0.999280279072,1.143396875,-0.806633830516)
  );
#4765 = CARTESIAN_POINT('',(1.27697411313,1.202928125,-0.136221610145));
#4766 = CARTESIAN_POINT('',(1.257473081065,1.23269375,0.260731016703));
#4767 = CARTESIAN_POINT('',(0.915404530037,1.292225,0.900696263489));
#4768 = CARTESIAN_POINT('',(0.596184676216,1.321990625,1.137445842455));
#4769 = CARTESIAN_POINT('',(-0.115521140833,1.381521875,1.279012931402)
  );
#4770 = CARTESIAN_POINT('',(-0.501041971639,1.4112875,1.182444990403));
#4771 = CARTESIAN_POINT('',(-1.061976201883,1.47081875,0.722098164592));
#4772 = CARTESIAN_POINT('',(-1.2319,1.500584375,0.362824479146));
#4773 = CARTESIAN_POINT('',(-1.2319,1.560115625,-0.362824479146));
#4774 = CARTESIAN_POINT('',(-1.061976201883,1.58988125,-0.722098164592)
  );
#4775 = CARTESIAN_POINT('',(-0.501041971639,1.6494125,-1.182444990403));
#4776 = CARTESIAN_POINT('',(-0.115521140833,1.679178125,-1.279012931402)
  );
#4777 = CARTESIAN_POINT('',(0.596184676217,1.738709375,-1.137445842455)
  );
#4778 = CARTESIAN_POINT('',(0.915404530037,1.768475,-0.900696263488));
#4779 = CARTESIAN_POINT('',(1.257473081065,1.82800625,-0.260731016704));
#4780 = CARTESIAN_POINT('',(1.276974113129,1.857771875,0.136221610146));
#4781 = CARTESIAN_POINT('',(0.999280279072,1.917303125,0.806633830515));
#4782 = CARTESIAN_POINT('',(0.704803072803,1.94706875,1.073532412757));
#4783 = CARTESIAN_POINT('',(1.040031501614E-02,2.0066,1.28417718642));
#4784 = CARTESIAN_POINT('',(-0.38272944104,2.036365625,1.225861895825));
#4785 = CARTESIAN_POINT('',(-0.986084499074,2.095896875,0.822712934966)
  );
#4786 = CARTESIAN_POINT('',(-1.190405046899,2.1256625,0.481824695289));
#4787 = CARTESIAN_POINT('',(-1.261531082676,2.18519375,-0.240330064945)
  );
#4788 = CARTESIAN_POINT('',(-1.127640493334,2.214959375,-0.614529194153)
  );
#4789 = CARTESIAN_POINT('',(-0.614529194153,2.274490625,-1.127640493334)
  );
#4790 = CARTESIAN_POINT('',(-0.240330064945,2.30425625,-1.261531082676)
  );
#4791 = CARTESIAN_POINT('',(0.481824695289,2.3637875,-1.190405046899));
#4792 = CARTESIAN_POINT('',(0.822712934967,2.393553125,-0.986084499073)
  );
#4793 = CARTESIAN_POINT('',(1.225861895824,2.453084375,-0.382729441041)
  );
#4794 = CARTESIAN_POINT('',(1.28417718642,2.48285,1.040031501622E-02));
#4795 = CARTESIAN_POINT('',(1.073532412757,2.54238125,0.704803072803));
#4796 = CARTESIAN_POINT('',(0.806633830515,2.572146875,0.999280279072));
#4797 = CARTESIAN_POINT('',(0.136221610146,2.631678125,1.276974113129));
#4798 = CARTESIAN_POINT('',(-0.260731016704,2.66144375,1.257473081065));
#4799 = CARTESIAN_POINT('',(-0.900696263488,2.720975,0.915404530037));
#4800 = CARTESIAN_POINT('',(-1.137445842455,2.750740625,0.596184676217)
  );
#4801 = CARTESIAN_POINT('',(-1.279012931402,2.810271875,-0.115521140834)
  );
#4802 = CARTESIAN_POINT('',(-1.182444990403,2.8400375,-0.501041971639));
#4803 = CARTESIAN_POINT('',(-0.722098164592,2.89956875,-1.061976201883)
  );
#4804 = CARTESIAN_POINT('',(-0.362824479154,2.929334375,-1.2319));
#4805 = CARTESIAN_POINT('',(0.362824479154,2.988865625,-1.2319));
#4806 = CARTESIAN_POINT('',(0.722098164592,3.01863125,-1.061976201883));
#4807 = CARTESIAN_POINT('',(1.182444990403,3.0781625,-0.501041971639));
#4808 = CARTESIAN_POINT('',(1.279012931402,3.107928125,-0.115521140833)
  );
#4809 = CARTESIAN_POINT('',(1.137445842455,3.167459375,0.596184676216));
#4810 = CARTESIAN_POINT('',(0.900696263488,3.197225,0.915404530037));
#4811 = CARTESIAN_POINT('',(0.260731016704,3.25675625,1.257473081065));
#4812 = CARTESIAN_POINT('',(-0.136221610146,3.286521875,1.276974113129)
  );
#4813 = CARTESIAN_POINT('',(-0.806633830515,3.346053125,0.999280279072)
  );
#4814 = CARTESIAN_POINT('',(-1.073532412757,3.37581875,0.704803072803));
#4815 = CARTESIAN_POINT('',(-1.28417718642,3.43535,1.040031501607E-02));
#4816 = CARTESIAN_POINT('',(-1.225861895824,3.465115625,-0.382729441041)
  );
#4817 = CARTESIAN_POINT('',(-0.822712934967,3.524646875,-0.986084499073)
  );
#4818 = CARTESIAN_POINT('',(-0.481824695289,3.5544125,-1.190405046899));
#4819 = CARTESIAN_POINT('',(0.240330064945,3.61394375,-1.261531082676));
#4820 = CARTESIAN_POINT('',(0.614529194153,3.643709375,-1.127640493334)
  );
#4821 = CARTESIAN_POINT('',(1.127640493334,3.703240625,-0.614529194153)
  );
#4822 = CARTESIAN_POINT('',(1.261531082676,3.73300625,-0.240330064945));
#4823 = CARTESIAN_POINT('',(1.190405046899,3.7925375,0.481824695289));
#4824 = CARTESIAN_POINT('',(0.986084499073,3.822303125,0.822712934967));
#4825 = CARTESIAN_POINT('',(0.382729441041,3.881834375,1.225861895824));
#4826 = CARTESIAN_POINT('',(-1.040031501622E-02,3.9116,1.28417718642));
#4827 = CARTESIAN_POINT('',(-0.704803072803,3.97113125,1.073532412757));
#4828 = CARTESIAN_POINT('',(-0.999280279072,4.000896875,0.806633830515)
  );
#4829 = CARTESIAN_POINT('',(-1.276974113129,4.060428125,0.136221610146)
  );
#4830 = CARTESIAN_POINT('',(-1.257473081065,4.09019375,-0.260731016704)
  );
#4831 = CARTESIAN_POINT('',(-0.915404530037,4.149725,-0.900696263488));
#4832 = CARTESIAN_POINT('',(-0.596184676216,4.179490625,-1.137445842455)
  );
#4833 = CARTESIAN_POINT('',(0.115521140833,4.239021875,-1.279012931402)
  );
#4834 = CARTESIAN_POINT('',(0.501041971639,4.2687875,-1.182444990403));
#4835 = CARTESIAN_POINT('',(1.061976201883,4.32831875,-0.722098164592));
#4836 = CARTESIAN_POINT('',(1.2319,4.358084375,-0.36282447917));
#4837 = CARTESIAN_POINT('',(1.2319,4.417615625,0.36282447917));
#4838 = CARTESIAN_POINT('',(1.061976201883,4.44738125,0.722098164592));
#4839 = CARTESIAN_POINT('',(0.501041971639,4.5069125,1.182444990403));
#4840 = CARTESIAN_POINT('',(0.115521140833,4.536678125,1.279012931402));
#4841 = CARTESIAN_POINT('',(-0.596184676216,4.596209375,1.137445842455)
  );
#4842 = CARTESIAN_POINT('',(-0.915404530036,4.625975,0.90069626349));
#4843 = CARTESIAN_POINT('',(-1.257473081066,4.68550625,0.260731016702));
#4844 = CARTESIAN_POINT('',(-1.276974113129,4.715271875,-0.136221610146)
  );
#4845 = CARTESIAN_POINT('',(-0.999280279072,4.774803125,-0.806633830515)
  );
#4846 = CARTESIAN_POINT('',(-0.704803072805,4.80456875,-1.073532412757)
  );
#4847 = CARTESIAN_POINT('',(-1.040031501386E-02,4.8641,-1.28417718642));
#4848 = CARTESIAN_POINT('',(0.382729441041,4.893865625,-1.225861895824)
  );
#4849 = CARTESIAN_POINT('',(0.986084499073,4.953396875,-0.822712934967)
  );
#4850 = CARTESIAN_POINT('',(1.190405046899,4.9831625,-0.481824695289));
#4851 = CARTESIAN_POINT('',(1.261531082676,5.04269375,0.240330064945));
#4852 = CARTESIAN_POINT('',(1.127640493334,5.072459375,0.614529194153));
#4853 = CARTESIAN_POINT('',(0.614529194153,5.131990625,1.127640493334));
#4854 = CARTESIAN_POINT('',(0.23722402382,5.16175625,1.273986611022));
#4855 = CARTESIAN_POINT('',(-0.477473836482,5.2212875,1.165310672524));
#4856 = CARTESIAN_POINT('',(-0.796144545835,5.251053125,0.945839011039)
  );
#4857 = CARTESIAN_POINT('',(-1.146833644194,5.310584375,0.352417509481)
  );
#4858 = CARTESIAN_POINT('',(-1.176636964922,5.34035,-1.491165215933E-02)
  );
#4859 = CARTESIAN_POINT('',(-0.950162931242,5.39988125,-0.630246043039)
  );
#4860 = CARTESIAN_POINT('',(-0.697502567046,5.429646875,-0.872654162477)
  );
#4861 = CARTESIAN_POINT('',(-0.109270645066,5.489178125,-1.075068667963)
  );
#4862 = CARTESIAN_POINT('',(0.219984077749,5.51894375,-1.034446334712));
#4863 = CARTESIAN_POINT('',(0.719933875809,5.578475,-0.724016474272));
#4864 = CARTESIAN_POINT('',(0.886426145556,5.608240625,-0.458537762553)
  );
#4865 = CARTESIAN_POINT('',(0.957057867489,5.667771875,
    9.184599329153E-02));
#4866 = CARTESIAN_POINT('',(0.861941580811,5.6975375,0.371079185143));
#4867 = CARTESIAN_POINT('',(0.50265377251,5.75706875,0.748815279391));
#4868 = CARTESIAN_POINT('',(0.243722609969,5.786761807007,0.844596454164
    ));
#4869 = CARTESIAN_POINT('',(-1.037599025254E-13,5.8166,0.8255));
#4870 = ADVANCED_FACE('',(#4871),#4889,.T.);
#4871 = FACE_BOUND('',#4872,.T.);
#4872 = EDGE_LOOP('',(#4873,#4874,#4882));
#4873 = ORIENTED_EDGE('',*,*,#4341,.T.);
#4874 = ORIENTED_EDGE('',*,*,#4875,.T.);
#4875 = EDGE_CURVE('',#3707,#4876,#4878,.T.);
#4876 = VERTEX_POINT('',#4877);
#4877 = CARTESIAN_POINT('',(-1.2954,0.254,1.586355070742E-16));
#4878 = LINE('',#4879,#4880);
#4879 = CARTESIAN_POINT('',(-1.2954,-3.172710141483E-16,
    1.586355070742E-16));
#4880 = VECTOR('',#4881,1.);
#4881 = DIRECTION('',(2.449212707645E-16,-1.,-0.));
#4882 = ORIENTED_EDGE('',*,*,#4883,.T.);
#4883 = EDGE_CURVE('',#4876,#4333,#4884,.T.);
#4884 = CIRCLE('',#4885,1.2954);
#4885 = AXIS2_PLACEMENT_3D('',#4886,#4887,#4888);
#4886 = CARTESIAN_POINT('',(-6.221000277418E-17,0.254,0.));
#4887 = DIRECTION('',(-2.449212707645E-16,1.,0.));
#4888 = DIRECTION('',(1.,2.449212707645E-16,0.));
#4889 = CYLINDRICAL_SURFACE('',#4890,1.2954);
#4890 = AXIS2_PLACEMENT_3D('',#4891,#4892,#4893);
#4891 = CARTESIAN_POINT('',(0.,0.,0.));
#4892 = DIRECTION('',(2.449212707645E-16,-1.,-0.));
#4893 = DIRECTION('',(1.,2.449212707645E-16,0.));
#4894 = ADVANCED_FACE('',(#4895),#4960,.T.);
#4895 = FACE_BOUND('',#4896,.T.);
#4896 = EDGE_LOOP('',(#4897,#4908,#4916,#4925,#4937,#4946,#4952,#4953,
    #4954));
#4897 = ORIENTED_EDGE('',*,*,#4898,.F.);
#4898 = EDGE_CURVE('',#4899,#4901,#4903,.T.);
#4899 = VERTEX_POINT('',#4900);
#4900 = CARTESIAN_POINT('',(1.148753031626,1.227185452262E-16,
    1.496562666122E-16));
#4901 = VERTEX_POINT('',#4902);
#4902 = CARTESIAN_POINT('',(-1.148753031626,-4.399895593745E-16,0.));
#4903 = CIRCLE('',#4904,1.148753031626);
#4904 = AXIS2_PLACEMENT_3D('',#4905,#4906,#4907);
#4905 = CARTESIAN_POINT('',(3.885320998097E-32,-1.586355070742E-16,0.));
#4906 = DIRECTION('',(2.449212707645E-16,-1.,-0.));
#4907 = DIRECTION('',(1.,2.449212707645E-16,0.));
#4908 = ORIENTED_EDGE('',*,*,#4909,.T.);
#4909 = EDGE_CURVE('',#4899,#4910,#4912,.T.);
#4910 = VERTEX_POINT('',#4911);
#4911 = CARTESIAN_POINT('',(1.2954,0.254,0.));
#4912 = LINE('',#4913,#4914);
#4913 = CARTESIAN_POINT('',(1.148753031626,1.227185452262E-16,
    1.406770261502E-16));
#4914 = VECTOR('',#4915,1.);
#4915 = DIRECTION('',(0.5,0.866025403784,6.123031769112E-17));
#4916 = ORIENTED_EDGE('',*,*,#4917,.F.);
#4917 = EDGE_CURVE('',#4918,#4910,#4920,.T.);
#4918 = VERTEX_POINT('',#4919);
#4919 = CARTESIAN_POINT('',(0.267160058861,0.254,1.267551443907));
#4920 = CIRCLE('',#4921,1.2954);
#4921 = AXIS2_PLACEMENT_3D('',#4922,#4923,#4924);
#4922 = CARTESIAN_POINT('',(-6.221000277418E-17,0.254,0.));
#4923 = DIRECTION('',(-2.449212707645E-16,1.,0.));
#4924 = DIRECTION('',(1.,2.449212707645E-16,0.));
#4925 = ORIENTED_EDGE('',*,*,#4926,.T.);
#4926 = EDGE_CURVE('',#4918,#4927,#4929,.T.);
#4927 = VERTEX_POINT('',#4928);
#4928 = CARTESIAN_POINT('',(7.368352297777E-02,0.22733,1.277879506584));
#4929 = B_SPLINE_CURVE_WITH_KNOTS('',3,(#4930,#4931,#4932,#4933,#4934,
    #4935,#4936),.UNSPECIFIED.,.F.,.F.,(4,3,4),(0.,9.760542590685E-05,
    1.957019538917E-04),.UNSPECIFIED.);
#4930 = CARTESIAN_POINT('',(0.267160058861,0.254,1.267551443907));
#4931 = CARTESIAN_POINT('',(0.235206090816,0.249365987461,1.271552108469
    ));
#4932 = CARTESIAN_POINT('',(0.203077480498,0.244814537761,1.274418083677
    ));
#4933 = CARTESIAN_POINT('',(0.170892967208,0.240373366299,1.276141035579
    ));
#4934 = CARTESIAN_POINT('',(0.138546687282,0.235909872506,1.277872647428
    ));
#4935 = CARTESIAN_POINT('',(0.106103403249,0.23155218362,1.278451878997)
  );
#4936 = CARTESIAN_POINT('',(7.368352297777E-02,0.22733,1.277879506584));
#4937 = ORIENTED_EDGE('',*,*,#4938,.T.);
#4938 = EDGE_CURVE('',#4927,#4939,#4941,.T.);
#4939 = VERTEX_POINT('',#4940);
#4940 = CARTESIAN_POINT('',(-6.221000277418E-17,0.254,1.2954));
#4941 = B_SPLINE_CURVE_WITH_KNOTS('',3,(#4942,#4943,#4944,#4945),
  .UNSPECIFIED.,.F.,.F.,(4,4),(5.824076081609E-07,8.087884570283E-05),
  .PIECEWISE_BEZIER_KNOTS.);
#4942 = CARTESIAN_POINT('',(7.368352297777E-02,0.22733,1.277879506584));
#4943 = CARTESIAN_POINT('',(4.943814642127E-02,0.236519141468,
    1.2845916793));
#4944 = CARTESIAN_POINT('',(2.487838924889E-02,0.245408061687,
    1.290439442102));
#4945 = CARTESIAN_POINT('',(-6.221000277418E-17,0.254,1.2954));
#4946 = ORIENTED_EDGE('',*,*,#4947,.F.);
#4947 = EDGE_CURVE('',#4325,#4939,#4948,.T.);
#4948 = LINE('',#4949,#4950);
#4949 = CARTESIAN_POINT('',(0.,-1.989698616125,0.));
#4950 = VECTOR('',#4951,1.);
#4951 = DIRECTION('',(-0.,0.866025403784,0.5));
#4952 = ORIENTED_EDGE('',*,*,#4332,.F.);
#4953 = ORIENTED_EDGE('',*,*,#4883,.F.);
#4954 = ORIENTED_EDGE('',*,*,#4955,.F.);
#4955 = EDGE_CURVE('',#4901,#4876,#4956,.T.);
#4956 = LINE('',#4957,#4958);
#4957 = CARTESIAN_POINT('',(-1.148753031626,-4.399895593745E-16,0.));
#4958 = VECTOR('',#4959,1.);
#4959 = DIRECTION('',(-0.5,0.866025403784,0.));
#4960 = CONICAL_SURFACE('',#4961,1.148753031626,0.523598775598);
#4961 = AXIS2_PLACEMENT_3D('',#4962,#4963,#4964);
#4962 = CARTESIAN_POINT('',(3.885320998097E-32,-1.586355070742E-16,0.));
#4963 = DIRECTION('',(-2.449212707645E-16,1.,0.));
#4964 = DIRECTION('',(-1.,-2.449212707645E-16,0.));
#4965 = ADVANCED_FACE('',(#4966),#4975,.T.);
#4966 = FACE_BOUND('',#4967,.T.);
#4967 = EDGE_LOOP('',(#4968,#4974));
#4968 = ORIENTED_EDGE('',*,*,#4969,.F.);
#4969 = EDGE_CURVE('',#4325,#4939,#4970,.T.);
#4970 = LINE('',#4971,#4972);
#4971 = CARTESIAN_POINT('',(0.,0.22733,1.2954));
#4972 = VECTOR('',#4973,1.);
#4973 = DIRECTION('',(0.,1.,8.452499980397E-16));
#4974 = ORIENTED_EDGE('',*,*,#4947,.T.);
#4975 = PLANE('',#4976);
#4976 = AXIS2_PLACEMENT_3D('',#4977,#4978,#4979);
#4977 = CARTESIAN_POINT('',(0.,0.1016,1.016));
#4978 = DIRECTION('',(1.,-0.,0.));
#4979 = DIRECTION('',(0.,0.,-1.));
#4980 = ADVANCED_FACE('',(#4981),#4992,.F.);
#4981 = FACE_BOUND('',#4982,.F.);
#4982 = EDGE_LOOP('',(#4983,#4984,#4991));
#4983 = ORIENTED_EDGE('',*,*,#4969,.F.);
#4984 = ORIENTED_EDGE('',*,*,#4985,.F.);
#4985 = EDGE_CURVE('',#4927,#4325,#4986,.T.);
#4986 = CIRCLE('',#4987,1.033940405893);
#4987 = AXIS2_PLACEMENT_3D('',#4988,#4989,#4990);
#4988 = CARTESIAN_POINT('',(-0.202179812641,0.22733,0.281419681504));
#4989 = DIRECTION('',(0.,-1.,-0.));
#4990 = DIRECTION('',(0.,0.,-1.));
#4991 = ORIENTED_EDGE('',*,*,#4938,.T.);
#4992 = CYLINDRICAL_SURFACE('',#4993,1.033940405893);
#4993 = AXIS2_PLACEMENT_3D('',#4994,#4995,#4996);
#4994 = CARTESIAN_POINT('',(-0.202179812641,0.3556,0.281419681504));
#4995 = DIRECTION('',(-0.,-1.,-0.));
#4996 = DIRECTION('',(0.,0.,-1.));
#4997 = ADVANCED_FACE('',(#4998),#5016,.T.);
#4998 = FACE_BOUND('',#4999,.T.);
#4999 = EDGE_LOOP('',(#5000,#5001,#5008,#5009));
#5000 = ORIENTED_EDGE('',*,*,#4909,.F.);
#5001 = ORIENTED_EDGE('',*,*,#5002,.F.);
#5002 = EDGE_CURVE('',#4901,#4899,#5003,.T.);
#5003 = CIRCLE('',#5004,1.148753031626);
#5004 = AXIS2_PLACEMENT_3D('',#5005,#5006,#5007);
#5005 = CARTESIAN_POINT('',(3.885320998097E-32,-1.586355070742E-16,0.));
#5006 = DIRECTION('',(2.449212707645E-16,-1.,-0.));
#5007 = DIRECTION('',(1.,2.449212707645E-16,0.));
#5008 = ORIENTED_EDGE('',*,*,#4955,.T.);
#5009 = ORIENTED_EDGE('',*,*,#5010,.F.);
#5010 = EDGE_CURVE('',#4910,#4876,#5011,.T.);
#5011 = CIRCLE('',#5012,1.2954);
#5012 = AXIS2_PLACEMENT_3D('',#5013,#5014,#5015);
#5013 = CARTESIAN_POINT('',(-6.221000277418E-17,0.254,0.));
#5014 = DIRECTION('',(-2.449212707645E-16,1.,0.));
#5015 = DIRECTION('',(1.,2.449212707645E-16,0.));
#5016 = CONICAL_SURFACE('',#5017,1.148753031626,0.523598775598);
#5017 = AXIS2_PLACEMENT_3D('',#5018,#5019,#5020);
#5018 = CARTESIAN_POINT('',(3.885320998097E-32,-1.586355070742E-16,0.));
#5019 = DIRECTION('',(-2.449212707645E-16,1.,0.));
#5020 = DIRECTION('',(-1.,-2.449212707645E-16,0.));
#5021 = ADVANCED_FACE('',(#5022),#5026,.T.);
#5022 = FACE_BOUND('',#5023,.T.);
#5023 = EDGE_LOOP('',(#5024,#5025));
#5024 = ORIENTED_EDGE('',*,*,#5002,.T.);
#5025 = ORIENTED_EDGE('',*,*,#4898,.T.);
#5026 = PLANE('',#5027);
#5027 = AXIS2_PLACEMENT_3D('',#5028,#5029,#5030);
#5028 = CARTESIAN_POINT('',(3.885320998097E-32,-1.586355070742E-16,0.));
#5029 = DIRECTION('',(2.449212707645E-16,-1.,-0.));
#5030 = DIRECTION('',(1.,2.449212707645E-16,0.));
#5031 = ADVANCED_FACE('',(#5032),#5053,.F.);
#5032 = FACE_BOUND('',#5033,.F.);
#5033 = EDGE_LOOP('',(#5034,#5035,#5036,#5037,#5046));
#5034 = ORIENTED_EDGE('',*,*,#4926,.T.);
#5035 = ORIENTED_EDGE('',*,*,#4985,.T.);
#5036 = ORIENTED_EDGE('',*,*,#4324,.F.);
#5037 = ORIENTED_EDGE('',*,*,#5038,.F.);
#5038 = EDGE_CURVE('',#5039,#4190,#5041,.T.);
#5039 = VERTEX_POINT('',#5040);
#5040 = CARTESIAN_POINT('',(0.842396512188,0.3302,0.984088042938));
#5041 = CIRCLE('',#5042,1.258921174877);
#5042 = AXIS2_PLACEMENT_3D('',#5043,#5044,#5045);
#5043 = CARTESIAN_POINT('',(-0.202179812641,0.3302,0.281419681504));
#5044 = DIRECTION('',(0.,-1.,-0.));
#5045 = DIRECTION('',(0.,0.,-1.));
#5046 = ORIENTED_EDGE('',*,*,#5047,.T.);
#5047 = EDGE_CURVE('',#5039,#4918,#5048,.T.);
#5048 = B_SPLINE_CURVE_WITH_KNOTS('',3,(#5049,#5050,#5051,#5052),
  .UNSPECIFIED.,.F.,.F.,(4,4),(1.39794826737E-18,6.521959591528E-04),
  .PIECEWISE_BEZIER_KNOTS.);
#5049 = CARTESIAN_POINT('',(0.842396512188,0.3302,0.984088042938));
#5050 = CARTESIAN_POINT('',(0.678169601779,0.303847945661,1.124669139852
    ));
#5051 = CARTESIAN_POINT('',(0.479043549153,0.277231224185,1.222893054687
    ));
#5052 = CARTESIAN_POINT('',(0.267160058861,0.254,1.267551443907));
#5053 = ( BOUNDED_SURFACE() B_SPLINE_SURFACE(1,3,(
    (#5054,#5055,#5056,#5057)
    ,(#5058,#5059,#5060,#5061
)),.UNSPECIFIED.,.F.,.F.,.F.) B_SPLINE_SURFACE_WITH_KNOTS((2,2),(4,4),(
    0.,1.),(0.,1.),.PIECEWISE_BEZIER_KNOTS.) 
GEOMETRIC_REPRESENTATION_ITEM() RATIONAL_B_SPLINE_SURFACE((
    (1.,0.944448100247,0.944448100247,1.)
,(1.,0.944448100247,0.944448100247,1.
))) REPRESENTATION_ITEM('') SURFACE() );
#5054 = CARTESIAN_POINT('',(0.845829868974,0.3302,0.978956943444));
#5055 = CARTESIAN_POINT('',(0.649056165585,0.3302,1.274598133514));
#5056 = CARTESIAN_POINT('',(0.350529132089,0.3302,1.466965526497));
#5057 = CARTESIAN_POINT('',(-8.131516293641E-17,0.3302,1.524));
#5058 = CARTESIAN_POINT('',(0.674707723289,0.225099279171,0.820003626309
    ));
#5059 = CARTESIAN_POINT('',(0.522774395584,0.225099279171,1.067371641345
    ));
#5060 = CARTESIAN_POINT('',(0.284643179723,0.225099279171,1.233408369098
    ));
#5061 = CARTESIAN_POINT('',(-2.710505431214E-17,0.225099279171,
    1.290442842601));
#5062 = ADVANCED_FACE('',(#5063),#5087,.T.);
#5063 = FACE_BOUND('',#5064,.T.);
#5064 = EDGE_LOOP('',(#5065,#5073,#5080,#5086));
#5065 = ORIENTED_EDGE('',*,*,#5066,.F.);
#5066 = EDGE_CURVE('',#5067,#5039,#5069,.T.);
#5067 = VERTEX_POINT('',#5068);
#5068 = CARTESIAN_POINT('',(0.842396512188,0.381,0.984088042938));
#5069 = LINE('',#5070,#5071);
#5070 = CARTESIAN_POINT('',(0.842396512188,0.3556,0.984088042938));
#5071 = VECTOR('',#5072,1.);
#5072 = DIRECTION('',(-0.,-1.,-0.));
#5073 = ORIENTED_EDGE('',*,*,#5074,.T.);
#5074 = EDGE_CURVE('',#5067,#2986,#5075,.T.);
#5075 = CIRCLE('',#5076,1.258921174877);
#5076 = AXIS2_PLACEMENT_3D('',#5077,#5078,#5079);
#5077 = CARTESIAN_POINT('',(-0.202179812641,0.381,0.281419681504));
#5078 = DIRECTION('',(0.,-1.,-0.));
#5079 = DIRECTION('',(0.,0.,-1.));
#5080 = ORIENTED_EDGE('',*,*,#5081,.T.);
#5081 = EDGE_CURVE('',#2986,#4190,#5082,.T.);
#5082 = LINE('',#5083,#5084);
#5083 = CARTESIAN_POINT('',(0.,0.3302,1.524));
#5084 = VECTOR('',#5085,1.);
#5085 = DIRECTION('',(-0.,-1.,-0.));
#5086 = ORIENTED_EDGE('',*,*,#5038,.F.);
#5087 = CYLINDRICAL_SURFACE('',#5088,1.258921174877);
#5088 = AXIS2_PLACEMENT_3D('',#5089,#5090,#5091);
#5089 = CARTESIAN_POINT('',(-0.202179812641,0.3556,0.281419681504));
#5090 = DIRECTION('',(-0.,-1.,-0.));
#5091 = DIRECTION('',(0.,0.,-1.));
#5092 = ADVANCED_FACE('',(#5093),#5104,.T.);
#5093 = FACE_BOUND('',#5094,.T.);
#5094 = EDGE_LOOP('',(#5095,#5096,#5097,#5103));
#5095 = ORIENTED_EDGE('',*,*,#4875,.F.);
#5096 = ORIENTED_EDGE('',*,*,#3706,.T.);
#5097 = ORIENTED_EDGE('',*,*,#5098,.T.);
#5098 = EDGE_CURVE('',#3709,#4910,#5099,.T.);
#5099 = LINE('',#5100,#5101);
#5100 = CARTESIAN_POINT('',(1.2954,3.172710141483E-16,0.));
#5101 = VECTOR('',#5102,1.);
#5102 = DIRECTION('',(2.449212707645E-16,-1.,-0.));
#5103 = ORIENTED_EDGE('',*,*,#5010,.T.);
#5104 = CYLINDRICAL_SURFACE('',#5105,1.2954);
#5105 = AXIS2_PLACEMENT_3D('',#5106,#5107,#5108);
#5106 = CARTESIAN_POINT('',(0.,0.,0.));
#5107 = DIRECTION('',(2.449212707645E-16,-1.,-0.));
#5108 = DIRECTION('',(1.,2.449212707645E-16,0.));
#5109 = ADVANCED_FACE('',(#5110),#5116,.F.);
#5110 = FACE_BOUND('',#5111,.F.);
#5111 = EDGE_LOOP('',(#5112,#5113,#5114,#5115));
#5112 = ORIENTED_EDGE('',*,*,#2993,.F.);
#5113 = ORIENTED_EDGE('',*,*,#5081,.T.);
#5114 = ORIENTED_EDGE('',*,*,#4189,.T.);
#5115 = ORIENTED_EDGE('',*,*,#3691,.F.);
#5116 = B_SPLINE_SURFACE_WITH_KNOTS('',3,3,(
    (#5117,#5118,#5119,#5120,#5121,#5122,#5123,#5124,#5125,#5126,#5127
      ,#5128,#5129,#5130,#5131,#5132,#5133,#5134,#5135,#5136,#5137,#5138
      ,#5139,#5140,#5141,#5142,#5143,#5144,#5145,#5146,#5147,#5148,#5149
      ,#5150,#5151,#5152,#5153,#5154,#5155,#5156,#5157,#5158,#5159,#5160
      ,#5161,#5162,#5163,#5164,#5165,#5166,#5167,#5168,#5169,#5170,#5171
      ,#5172,#5173,#5174,#5175,#5176,#5177,#5178,#5179,#5180,#5181,#5182
      ,#5183,#5184,#5185,#5186,#5187,#5188,#5189,#5190,#5191,#5192,#5193
      ,#5194,#5195,#5196,#5197,#5198,#5199,#5200,#5201,#5202,#5203,#5204
      ,#5205,#5206,#5207,#5208,#5209,#5210,#5211,#5212,#5213,#5214,#5215
      ,#5216,#5217,#5218,#5219,#5220,#5221,#5222,#5223,#5224,#5225,#5226
      ,#5227,#5228,#5229,#5230,#5231,#5232,#5233,#5234,#5235,#5236,#5237
      ,#5238,#5239,#5240,#5241,#5242,#5243,#5244,#5245,#5246)
    ,(#5247,#5248,#5249,#5250,#5251,#5252,#5253,#5254,#5255,#5256,#5257
      ,#5258,#5259,#5260,#5261,#5262,#5263,#5264,#5265,#5266,#5267,#5268
      ,#5269,#5270,#5271,#5272,#5273,#5274,#5275,#5276,#5277,#5278,#5279
      ,#5280,#5281,#5282,#5283,#5284,#5285,#5286,#5287,#5288,#5289,#5290
      ,#5291,#5292,#5293,#5294,#5295,#5296,#5297,#5298,#5299,#5300,#5301
      ,#5302,#5303,#5304,#5305,#5306,#5307,#5308,#5309,#5310,#5311,#5312
      ,#5313,#5314,#5315,#5316,#5317,#5318,#5319,#5320,#5321,#5322,#5323
      ,#5324,#5325,#5326,#5327,#5328,#5329,#5330,#5331,#5332,#5333,#5334
      ,#5335,#5336,#5337,#5338,#5339,#5340,#5341,#5342,#5343,#5344,#5345
      ,#5346,#5347,#5348,#5349,#5350,#5351,#5352,#5353,#5354,#5355,#5356
      ,#5357,#5358,#5359,#5360,#5361,#5362,#5363,#5364,#5365,#5366,#5367
      ,#5368,#5369,#5370,#5371,#5372,#5373,#5374,#5375,#5376)
    ,(#5377,#5378,#5379,#5380,#5381,#5382,#5383,#5384,#5385,#5386,#5387
      ,#5388,#5389,#5390,#5391,#5392,#5393,#5394,#5395,#5396,#5397,#5398
      ,#5399,#5400,#5401,#5402,#5403,#5404,#5405,#5406,#5407,#5408,#5409
      ,#5410,#5411,#5412,#5413,#5414,#5415,#5416,#5417,#5418,#5419,#5420
      ,#5421,#5422,#5423,#5424,#5425,#5426,#5427,#5428,#5429,#5430,#5431
      ,#5432,#5433,#5434,#5435,#5436,#5437,#5438,#5439,#5440,#5441,#5442
      ,#5443,#5444,#5445,#5446,#5447,#5448,#5449,#5450,#5451,#5452,#5453
      ,#5454,#5455,#5456,#5457,#5458,#5459,#5460,#5461,#5462,#5463,#5464
      ,#5465,#5466,#5467,#5468,#5469,#5470,#5471,#5472,#5473,#5474,#5475
      ,#5476,#5477,#5478,#5479,#5480,#5481,#5482,#5483,#5484,#5485,#5486
      ,#5487,#5488,#5489,#5490,#5491,#5492,#5493,#5494,#5495,#5496,#5497
      ,#5498,#5499,#5500,#5501,#5502,#5503,#5504,#5505,#5506)
    ,(#5507,#5508,#5509,#5510,#5511,#5512,#5513,#5514,#5515,#5516,#5517
      ,#5518,#5519,#5520,#5521,#5522,#5523,#5524,#5525,#5526,#5527,#5528
      ,#5529,#5530,#5531,#5532,#5533,#5534,#5535,#5536,#5537,#5538,#5539
      ,#5540,#5541,#5542,#5543,#5544,#5545,#5546,#5547,#5548,#5549,#5550
      ,#5551,#5552,#5553,#5554,#5555,#5556,#5557,#5558,#5559,#5560,#5561
      ,#5562,#5563,#5564,#5565,#5566,#5567,#5568,#5569,#5570,#5571,#5572
      ,#5573,#5574,#5575,#5576,#5577,#5578,#5579,#5580,#5581,#5582,#5583
      ,#5584,#5585,#5586,#5587,#5588,#5589,#5590,#5591,#5592,#5593,#5594
      ,#5595,#5596,#5597,#5598,#5599,#5600,#5601,#5602,#5603,#5604,#5605
      ,#5606,#5607,#5608,#5609,#5610,#5611,#5612,#5613,#5614,#5615,#5616
      ,#5617,#5618,#5619,#5620,#5621,#5622,#5623,#5624,#5625,#5626,#5627
      ,#5628,#5629,#5630,#5631,#5632,#5633,#5634,#5635,#5636
  )),.UNSPECIFIED.,.F.,.F.,.F.,(4,4),(4,2,2,2,2,2,2,2,2,2,2,2,2,2,2,2,2,
    2,2,2,2,2,2,2,2,2,2,2,2,2,2,2,2,2,2,2,2,2,2,2,2,2,2,2,2,2,2,2,2,2,2,
    2,2,2,2,2,2,2,2,2,2,2,2,2,4),(0.,1.),(0.,1.5625E-02,3.125E-02,
    4.6875E-02,6.25E-02,7.8125E-02,9.375E-02,0.109375,0.125,0.140625,
    0.15625,0.171875,0.1875,0.203125,0.21875,0.234375,0.25,0.265625,
    0.28125,0.296875,0.3125,0.328125,0.34375,0.359375,0.375,0.390625,
    0.40625,0.421875,0.4375,0.453125,0.46875,0.484375,0.5,0.515625,
    0.53125,0.546875,0.5625,0.578125,0.59375,0.609375,0.625,0.640625,
    0.65625,0.671875,0.6875,0.703125,0.71875,0.734375,0.75,0.765625,
    0.78125,0.796875,0.8125,0.828125,0.84375,0.859375,0.875,0.890625,
    0.90625,0.921875,0.9375,0.953125,0.96875,0.984375,1.),
  .UNSPECIFIED.);
#5117 = CARTESIAN_POINT('',(0.,0.381,1.524));
#5118 = CARTESIAN_POINT('',(-0.45058051774,0.410880044339,1.534159219397
    ));
#5119 = CARTESIAN_POINT('',(-0.903290771216,0.44053125,1.333537790559));
#5120 = CARTESIAN_POINT('',(-1.499783734756,0.5000625,0.638614489274));
#5121 = CARTESIAN_POINT('',(-1.635402315934,0.529828125,0.150581300987)
  );
#5122 = CARTESIAN_POINT('',(-1.473141461132,0.589359375,-0.768909102786)
  );
#5123 = CARTESIAN_POINT('',(-1.176087383328,0.619125,-1.191216029908));
#5124 = CARTESIAN_POINT('',(-0.346602151705,0.67865625,-1.657535722146)
  );
#5125 = CARTESIAN_POINT('',(0.178077770611,0.708421875,-1.696299107976)
  );
#5126 = CARTESIAN_POINT('',(1.081290353417,0.767953125,-1.344084497071)
  );
#5127 = CARTESIAN_POINT('',(1.450686154222,0.79771875,-0.95583509249));
#5128 = CARTESIAN_POINT('',(1.756604046334,0.85725,-1.708575321451E-02)
  );
#5129 = CARTESIAN_POINT('',(1.689388197048,0.887015625,0.524452801261));
#5130 = CARTESIAN_POINT('',(1.147861544438,0.946546875,1.371336866442));
#5131 = CARTESIAN_POINT('',(0.678203897511,0.9763125,1.667962339644));
#5132 = CARTESIAN_POINT('',(-0.337785161986,1.03584375,1.788367085278));
#5133 = CARTESIAN_POINT('',(-0.867943294835,1.065609375,1.592646882338)
  );
#5134 = CARTESIAN_POINT('',(-1.592646882338,1.125140625,0.867943294835)
  );
#5135 = CARTESIAN_POINT('',(-1.781750085841,1.15490625,0.339435246366));
#5136 = CARTESIAN_POINT('',(-1.681293726033,1.2144375,-0.680515291285));
#5137 = CARTESIAN_POINT('',(-1.392717282196,1.244203125,-1.161976000932)
  );
#5138 = CARTESIAN_POINT('',(-0.540556014666,1.303734375,-1.731371955958)
  );
#5139 = CARTESIAN_POINT('',(1.468910471285E-02,1.3335,-1.813734789067));
#5140 = CARTESIAN_POINT('',(0.995443515197,1.39303125,-1.516226191214));
#5141 = CARTESIAN_POINT('',(1.411354620957,1.422796875,-1.139266337945)
  );
#5142 = CARTESIAN_POINT('',(1.803561376276,1.482328125,-0.192395469999)
  );
#5143 = CARTESIAN_POINT('',(1.776018681504,1.51209375,0.368248961736));
#5144 = CARTESIAN_POINT('',(1.292890934175,1.571625,1.272117403072));
#5145 = CARTESIAN_POINT('',(0.842034027233,1.601390625,1.606495674396));
#5146 = CARTESIAN_POINT('',(-0.163158724681,1.660921875,1.806440944352)
  );
#5147 = CARTESIAN_POINT('',(-0.707657217676,1.6906875,1.670051172013));
#5148 = CARTESIAN_POINT('',(-1.499904532557,1.75021875,1.019870603599));
#5149 = CARTESIAN_POINT('',(-1.7399,1.779984375,0.512442821062));
#5150 = CARTESIAN_POINT('',(-1.7399,1.839515625,-0.512442821062));
#5151 = CARTESIAN_POINT('',(-1.499904532557,1.86928125,-1.019870603599)
  );
#5152 = CARTESIAN_POINT('',(-0.707657217676,1.9288125,-1.670051172013));
#5153 = CARTESIAN_POINT('',(-0.163158724682,1.958578125,-1.806440944352)
  );
#5154 = CARTESIAN_POINT('',(0.842034027234,2.018109375,-1.606495674395)
  );
#5155 = CARTESIAN_POINT('',(1.292890934176,2.047875,-1.272117403071));
#5156 = CARTESIAN_POINT('',(1.776018681504,2.10740625,-0.368248961736));
#5157 = CARTESIAN_POINT('',(1.803561376276,2.137171875,0.19239547));
#5158 = CARTESIAN_POINT('',(1.411354620957,2.196703125,1.139266337944));
#5159 = CARTESIAN_POINT('',(0.995443515196,2.22646875,1.516226191214));
#5160 = CARTESIAN_POINT('',(1.468910471349E-02,2.286,1.813734789067));
#5161 = CARTESIAN_POINT('',(-0.540556014664,2.315765625,1.731371955959)
  );
#5162 = CARTESIAN_POINT('',(-1.392717282197,2.375296875,1.161976000931)
  );
#5163 = CARTESIAN_POINT('',(-1.681293726033,2.4050625,0.680515291284));
#5164 = CARTESIAN_POINT('',(-1.781750085841,2.46459375,-0.339435246366)
  );
#5165 = CARTESIAN_POINT('',(-1.592646882338,2.494359375,-0.867943294835)
  );
#5166 = CARTESIAN_POINT('',(-0.867943294835,2.553890625,-1.592646882338)
  );
#5167 = CARTESIAN_POINT('',(-0.339435246366,2.58365625,-1.781750085841)
  );
#5168 = CARTESIAN_POINT('',(0.680515291284,2.6431875,-1.681293726033));
#5169 = CARTESIAN_POINT('',(1.161976000932,2.672953125,-1.392717282196)
  );
#5170 = CARTESIAN_POINT('',(1.731371955958,2.732484375,-0.540556014666)
  );
#5171 = CARTESIAN_POINT('',(1.813734789067,2.76225,1.468910471363E-02));
#5172 = CARTESIAN_POINT('',(1.516226191214,2.82178125,0.995443515197));
#5173 = CARTESIAN_POINT('',(1.139266337944,2.851546875,1.411354620957));
#5174 = CARTESIAN_POINT('',(0.19239547,2.911078125,1.803561376276));
#5175 = CARTESIAN_POINT('',(-0.368248961736,2.94084375,1.776018681504));
#5176 = CARTESIAN_POINT('',(-1.272117403071,3.000375,1.292890934176));
#5177 = CARTESIAN_POINT('',(-1.606495674395,3.030140625,0.842034027234)
  );
#5178 = CARTESIAN_POINT('',(-1.806440944352,3.089671875,-0.163158724683)
  );
#5179 = CARTESIAN_POINT('',(-1.670051172013,3.1194375,-0.707657217676));
#5180 = CARTESIAN_POINT('',(-1.019870603599,3.17896875,-1.499904532557)
  );
#5181 = CARTESIAN_POINT('',(-0.512442821073,3.208734375,-1.7399));
#5182 = CARTESIAN_POINT('',(0.512442821073,3.268265625,-1.7399));
#5183 = CARTESIAN_POINT('',(1.019870603599,3.29803125,-1.499904532557));
#5184 = CARTESIAN_POINT('',(1.670051172013,3.3575625,-0.707657217676));
#5185 = CARTESIAN_POINT('',(1.806440944352,3.387328125,-0.163158724681)
  );
#5186 = CARTESIAN_POINT('',(1.606495674395,3.446859375,0.842034027233));
#5187 = CARTESIAN_POINT('',(1.272117403071,3.476625,1.292890934176));
#5188 = CARTESIAN_POINT('',(0.368248961736,3.53615625,1.776018681504));
#5189 = CARTESIAN_POINT('',(-0.19239547,3.565921875,1.803561376276));
#5190 = CARTESIAN_POINT('',(-1.139266337944,3.625453125,1.411354620957)
  );
#5191 = CARTESIAN_POINT('',(-1.516226191214,3.65521875,0.995443515196));
#5192 = CARTESIAN_POINT('',(-1.813734789067,3.71475,1.468910471343E-02)
  );
#5193 = CARTESIAN_POINT('',(-1.731371955958,3.744515625,-0.540556014666)
  );
#5194 = CARTESIAN_POINT('',(-1.161976000932,3.804046875,-1.392717282196)
  );
#5195 = CARTESIAN_POINT('',(-0.680515291284,3.8338125,-1.681293726033));
#5196 = CARTESIAN_POINT('',(0.339435246366,3.89334375,-1.781750085841));
#5197 = CARTESIAN_POINT('',(0.867943294835,3.923109375,-1.592646882338)
  );
#5198 = CARTESIAN_POINT('',(1.592646882338,3.982640625,-0.867943294835)
  );
#5199 = CARTESIAN_POINT('',(1.781750085841,4.01240625,-0.339435246365));
#5200 = CARTESIAN_POINT('',(1.681293726033,4.0719375,0.680515291285));
#5201 = CARTESIAN_POINT('',(1.392717282196,4.101703125,1.161976000932));
#5202 = CARTESIAN_POINT('',(0.540556014666,4.161234375,1.731371955958));
#5203 = CARTESIAN_POINT('',(-1.468910471366E-02,4.191,1.813734789067));
#5204 = CARTESIAN_POINT('',(-0.995443515197,4.25053125,1.516226191214));
#5205 = CARTESIAN_POINT('',(-1.411354620957,4.280296875,1.139266337944)
  );
#5206 = CARTESIAN_POINT('',(-1.803561376276,4.339828125,0.19239547));
#5207 = CARTESIAN_POINT('',(-1.776018681504,4.36959375,-0.368248961736)
  );
#5208 = CARTESIAN_POINT('',(-1.292890934176,4.429125,-1.272117403071));
#5209 = CARTESIAN_POINT('',(-0.842034027233,4.458890625,-1.606495674396)
  );
#5210 = CARTESIAN_POINT('',(0.163158724681,4.518421875,-1.806440944352)
  );
#5211 = CARTESIAN_POINT('',(0.707657217676,4.5481875,-1.670051172013));
#5212 = CARTESIAN_POINT('',(1.499904532557,4.60771875,-1.019870603599));
#5213 = CARTESIAN_POINT('',(1.7399,4.637484375,-0.512442821095));
#5214 = CARTESIAN_POINT('',(1.7399,4.697015625,0.512442821096));
#5215 = CARTESIAN_POINT('',(1.499904532557,4.72678125,1.019870603599));
#5216 = CARTESIAN_POINT('',(0.707657217676,4.7863125,1.670051172013));
#5217 = CARTESIAN_POINT('',(0.163158724681,4.816078125,1.806440944352));
#5218 = CARTESIAN_POINT('',(-0.842034027233,4.875609375,1.606495674395)
  );
#5219 = CARTESIAN_POINT('',(-1.292890934174,4.905375,1.272117403073));
#5220 = CARTESIAN_POINT('',(-1.776018681505,4.96490625,0.368248961733));
#5221 = CARTESIAN_POINT('',(-1.803561376276,4.994671875,-0.19239547));
#5222 = CARTESIAN_POINT('',(-1.411354620957,5.054203125,-1.139266337944)
  );
#5223 = CARTESIAN_POINT('',(-0.995443515199,5.08396875,-1.516226191213)
  );
#5224 = CARTESIAN_POINT('',(-1.468910471031E-02,5.1435,-1.813734789068)
  );
#5225 = CARTESIAN_POINT('',(0.540556014666,5.173265625,-1.731371955958)
  );
#5226 = CARTESIAN_POINT('',(1.392717282196,5.232796875,-1.161976000932)
  );
#5227 = CARTESIAN_POINT('',(1.681293726033,5.2625625,-0.680515291284));
#5228 = CARTESIAN_POINT('',(1.781750085841,5.32209375,0.339435246366));
#5229 = CARTESIAN_POINT('',(1.592646882338,5.351859375,0.867943294835));
#5230 = CARTESIAN_POINT('',(0.867943294835,5.411390625,1.592646882338));
#5231 = CARTESIAN_POINT('',(0.336329205182,5.44115625,1.794205614182));
#5232 = CARTESIAN_POINT('',(-0.676164432419,5.5006875,1.656199351663));
#5233 = CARTESIAN_POINT('',(-1.135407612151,5.530453125,1.352471793637)
  );
#5234 = CARTESIAN_POINT('',(-1.652343703977,5.589984375,0.510244083631)
  );
#5235 = CARTESIAN_POINT('',(-1.706194567203,5.61975,-1.920044306576E-02)
  );
#5236 = CARTESIAN_POINT('',(-1.392856710066,5.67928125,-0.920886484223)
  );
#5237 = CARTESIAN_POINT('',(-1.030135072658,5.709046875,-1.284728505115)
  );
#5238 = CARTESIAN_POINT('',(-0.165444506737,5.768578125,-1.601655930357)
  );
#5239 = CARTESIAN_POINT('',(0.327502025207,5.79834375,-1.552991933855));
#5240 = CARTESIAN_POINT('',(1.091355012966,5.857875,-1.101502879707));
#5241 = CARTESIAN_POINT('',(1.355475978204,5.887640625,-0.704387110012)
  );
#5242 = CARTESIAN_POINT('',(1.484485879731,5.947171875,0.139483573583));
#5243 = CARTESIAN_POINT('',(1.349547759493,5.9769375,0.577694434747));
#5244 = CARTESIAN_POINT('',(0.800426214445,6.03646875,1.186743606498));
#5245 = CARTESIAN_POINT('',(0.393997701933,6.066139680884,1.352610614875
    ));
#5246 = CARTESIAN_POINT('',(-1.676121502334E-13,6.096,1.3335));
#5247 = CARTESIAN_POINT('',(0.,0.364066666667,1.524));
#5248 = CARTESIAN_POINT('',(-0.45058051774,0.393946711006,1.534159219397
    ));
#5249 = CARTESIAN_POINT('',(-0.903290771216,0.423597916667,
    1.333537790559));
#5250 = CARTESIAN_POINT('',(-1.499783734756,0.483129166667,
    0.638614489274));
#5251 = CARTESIAN_POINT('',(-1.635402315934,0.512894791667,
    0.150581300987));
#5252 = CARTESIAN_POINT('',(-1.473141461132,0.572426041667,
    -0.768909102786));
#5253 = CARTESIAN_POINT('',(-1.176087383328,0.602191666667,
    -1.191216029908));
#5254 = CARTESIAN_POINT('',(-0.346602151705,0.661722916667,
    -1.657535722146));
#5255 = CARTESIAN_POINT('',(0.178077770611,0.691488541667,
    -1.696299107976));
#5256 = CARTESIAN_POINT('',(1.081290353417,0.751019791667,
    -1.344084497071));
#5257 = CARTESIAN_POINT('',(1.450686154222,0.780785416667,-0.95583509249
    ));
#5258 = CARTESIAN_POINT('',(1.756604046334,0.840316666667,
    -1.708575321451E-02));
#5259 = CARTESIAN_POINT('',(1.689388197048,0.870082291667,0.524452801261
    ));
#5260 = CARTESIAN_POINT('',(1.147861544438,0.929613541667,1.371336866442
    ));
#5261 = CARTESIAN_POINT('',(0.678203897511,0.959379166667,1.667962339644
    ));
#5262 = CARTESIAN_POINT('',(-0.337785161986,1.018910416667,
    1.788367085278));
#5263 = CARTESIAN_POINT('',(-0.867943294835,1.048676041667,
    1.592646882338));
#5264 = CARTESIAN_POINT('',(-1.592646882338,1.108207291667,
    0.867943294835));
#5265 = CARTESIAN_POINT('',(-1.781750085841,1.137972916667,
    0.339435246366));
#5266 = CARTESIAN_POINT('',(-1.681293726033,1.197504166667,
    -0.680515291285));
#5267 = CARTESIAN_POINT('',(-1.392717282196,1.227269791667,
    -1.161976000932));
#5268 = CARTESIAN_POINT('',(-0.540556014666,1.286801041667,
    -1.731371955958));
#5269 = CARTESIAN_POINT('',(1.468910471285E-02,1.316566666667,
    -1.813734789067));
#5270 = CARTESIAN_POINT('',(0.995443515197,1.376097916667,
    -1.516226191214));
#5271 = CARTESIAN_POINT('',(1.411354620957,1.405863541667,
    -1.139266337945));
#5272 = CARTESIAN_POINT('',(1.803561376276,1.465394791667,
    -0.192395469999));
#5273 = CARTESIAN_POINT('',(1.776018681504,1.495160416667,0.368248961736
    ));
#5274 = CARTESIAN_POINT('',(1.292890934175,1.554691666667,1.272117403072
    ));
#5275 = CARTESIAN_POINT('',(0.842034027233,1.584457291667,1.606495674396
    ));
#5276 = CARTESIAN_POINT('',(-0.163158724681,1.643988541667,
    1.806440944352));
#5277 = CARTESIAN_POINT('',(-0.707657217676,1.673754166667,
    1.670051172013));
#5278 = CARTESIAN_POINT('',(-1.499904532557,1.733285416667,
    1.019870603599));
#5279 = CARTESIAN_POINT('',(-1.7399,1.763051041667,0.512442821062));
#5280 = CARTESIAN_POINT('',(-1.7399,1.822582291667,-0.512442821062));
#5281 = CARTESIAN_POINT('',(-1.499904532557,1.852347916667,
    -1.019870603599));
#5282 = CARTESIAN_POINT('',(-0.707657217676,1.911879166667,
    -1.670051172013));
#5283 = CARTESIAN_POINT('',(-0.163158724682,1.941644791667,
    -1.806440944352));
#5284 = CARTESIAN_POINT('',(0.842034027234,2.001176041667,
    -1.606495674395));
#5285 = CARTESIAN_POINT('',(1.292890934176,2.030941666667,
    -1.272117403071));
#5286 = CARTESIAN_POINT('',(1.776018681504,2.090472916667,
    -0.368248961736));
#5287 = CARTESIAN_POINT('',(1.803561376276,2.120238541667,0.19239547));
#5288 = CARTESIAN_POINT('',(1.411354620957,2.179769791667,1.139266337944
    ));
#5289 = CARTESIAN_POINT('',(0.995443515196,2.209535416667,1.516226191214
    ));
#5290 = CARTESIAN_POINT('',(1.468910471349E-02,2.269066666667,
    1.813734789067));
#5291 = CARTESIAN_POINT('',(-0.540556014664,2.298832291667,
    1.731371955959));
#5292 = CARTESIAN_POINT('',(-1.392717282197,2.358363541667,
    1.161976000931));
#5293 = CARTESIAN_POINT('',(-1.681293726033,2.388129166667,
    0.680515291284));
#5294 = CARTESIAN_POINT('',(-1.781750085841,2.447660416667,
    -0.339435246366));
#5295 = CARTESIAN_POINT('',(-1.592646882338,2.477426041667,
    -0.867943294835));
#5296 = CARTESIAN_POINT('',(-0.867943294835,2.536957291667,
    -1.592646882338));
#5297 = CARTESIAN_POINT('',(-0.339435246366,2.566722916667,
    -1.781750085841));
#5298 = CARTESIAN_POINT('',(0.680515291284,2.626254166667,
    -1.681293726033));
#5299 = CARTESIAN_POINT('',(1.161976000932,2.656019791667,
    -1.392717282196));
#5300 = CARTESIAN_POINT('',(1.731371955958,2.715551041667,
    -0.540556014666));
#5301 = CARTESIAN_POINT('',(1.813734789067,2.745316666667,
    1.468910471363E-02));
#5302 = CARTESIAN_POINT('',(1.516226191214,2.804847916667,0.995443515197
    ));
#5303 = CARTESIAN_POINT('',(1.139266337944,2.834613541667,1.411354620957
    ));
#5304 = CARTESIAN_POINT('',(0.19239547,2.894144791667,1.803561376276));
#5305 = CARTESIAN_POINT('',(-0.368248961736,2.923910416667,
    1.776018681504));
#5306 = CARTESIAN_POINT('',(-1.272117403071,2.983441666667,
    1.292890934176));
#5307 = CARTESIAN_POINT('',(-1.606495674395,3.013207291667,
    0.842034027234));
#5308 = CARTESIAN_POINT('',(-1.806440944352,3.072738541667,
    -0.163158724683));
#5309 = CARTESIAN_POINT('',(-1.670051172013,3.102504166667,
    -0.707657217676));
#5310 = CARTESIAN_POINT('',(-1.019870603599,3.162035416667,
    -1.499904532557));
#5311 = CARTESIAN_POINT('',(-0.512442821073,3.191801041667,-1.7399));
#5312 = CARTESIAN_POINT('',(0.512442821073,3.251332291667,-1.7399));
#5313 = CARTESIAN_POINT('',(1.019870603599,3.281097916667,
    -1.499904532557));
#5314 = CARTESIAN_POINT('',(1.670051172013,3.340629166667,
    -0.707657217676));
#5315 = CARTESIAN_POINT('',(1.806440944352,3.370394791667,
    -0.163158724681));
#5316 = CARTESIAN_POINT('',(1.606495674395,3.429926041667,0.842034027233
    ));
#5317 = CARTESIAN_POINT('',(1.272117403071,3.459691666667,1.292890934176
    ));
#5318 = CARTESIAN_POINT('',(0.368248961736,3.519222916667,1.776018681504
    ));
#5319 = CARTESIAN_POINT('',(-0.19239547,3.548988541667,1.803561376276));
#5320 = CARTESIAN_POINT('',(-1.139266337944,3.608519791667,
    1.411354620957));
#5321 = CARTESIAN_POINT('',(-1.516226191214,3.638285416667,
    0.995443515196));
#5322 = CARTESIAN_POINT('',(-1.813734789067,3.697816666667,
    1.468910471343E-02));
#5323 = CARTESIAN_POINT('',(-1.731371955958,3.727582291667,
    -0.540556014666));
#5324 = CARTESIAN_POINT('',(-1.161976000932,3.787113541667,
    -1.392717282196));
#5325 = CARTESIAN_POINT('',(-0.680515291284,3.816879166667,
    -1.681293726033));
#5326 = CARTESIAN_POINT('',(0.339435246366,3.876410416667,
    -1.781750085841));
#5327 = CARTESIAN_POINT('',(0.867943294835,3.906176041667,
    -1.592646882338));
#5328 = CARTESIAN_POINT('',(1.592646882338,3.965707291667,
    -0.867943294835));
#5329 = CARTESIAN_POINT('',(1.781750085841,3.995472916667,
    -0.339435246365));
#5330 = CARTESIAN_POINT('',(1.681293726033,4.055004166667,0.680515291285
    ));
#5331 = CARTESIAN_POINT('',(1.392717282196,4.084769791667,1.161976000932
    ));
#5332 = CARTESIAN_POINT('',(0.540556014666,4.144301041667,1.731371955958
    ));
#5333 = CARTESIAN_POINT('',(-1.468910471366E-02,4.174066666667,
    1.813734789067));
#5334 = CARTESIAN_POINT('',(-0.995443515197,4.233597916667,
    1.516226191214));
#5335 = CARTESIAN_POINT('',(-1.411354620957,4.263363541667,
    1.139266337944));
#5336 = CARTESIAN_POINT('',(-1.803561376276,4.322894791667,0.19239547));
#5337 = CARTESIAN_POINT('',(-1.776018681504,4.352660416667,
    -0.368248961736));
#5338 = CARTESIAN_POINT('',(-1.292890934176,4.412191666667,
    -1.272117403071));
#5339 = CARTESIAN_POINT('',(-0.842034027233,4.441957291667,
    -1.606495674396));
#5340 = CARTESIAN_POINT('',(0.163158724681,4.501488541667,
    -1.806440944352));
#5341 = CARTESIAN_POINT('',(0.707657217676,4.531254166667,
    -1.670051172013));
#5342 = CARTESIAN_POINT('',(1.499904532557,4.590785416667,
    -1.019870603599));
#5343 = CARTESIAN_POINT('',(1.7399,4.620551041667,-0.512442821095));
#5344 = CARTESIAN_POINT('',(1.7399,4.680082291667,0.512442821096));
#5345 = CARTESIAN_POINT('',(1.499904532557,4.709847916667,1.019870603599
    ));
#5346 = CARTESIAN_POINT('',(0.707657217676,4.769379166667,1.670051172013
    ));
#5347 = CARTESIAN_POINT('',(0.163158724681,4.799144791667,1.806440944352
    ));
#5348 = CARTESIAN_POINT('',(-0.842034027233,4.858676041667,
    1.606495674395));
#5349 = CARTESIAN_POINT('',(-1.292890934174,4.888441666667,
    1.272117403073));
#5350 = CARTESIAN_POINT('',(-1.776018681505,4.947972916667,
    0.368248961733));
#5351 = CARTESIAN_POINT('',(-1.803561376276,4.977738541667,-0.19239547)
  );
#5352 = CARTESIAN_POINT('',(-1.411354620957,5.037269791667,
    -1.139266337944));
#5353 = CARTESIAN_POINT('',(-0.995443515199,5.067035416667,
    -1.516226191213));
#5354 = CARTESIAN_POINT('',(-1.468910471031E-02,5.126566666667,
    -1.813734789068));
#5355 = CARTESIAN_POINT('',(0.540556014666,5.156332291667,
    -1.731371955958));
#5356 = CARTESIAN_POINT('',(1.392717282196,5.215863541667,
    -1.161976000932));
#5357 = CARTESIAN_POINT('',(1.681293726033,5.245629166667,
    -0.680515291284));
#5358 = CARTESIAN_POINT('',(1.781750085841,5.305160416667,0.339435246366
    ));
#5359 = CARTESIAN_POINT('',(1.592646882338,5.334926041667,0.867943294835
    ));
#5360 = CARTESIAN_POINT('',(0.867943294835,5.394457291667,1.592646882338
    ));
#5361 = CARTESIAN_POINT('',(0.336329205182,5.424222916667,1.794205614182
    ));
#5362 = CARTESIAN_POINT('',(-0.676164432419,5.483754166667,
    1.656199351663));
#5363 = CARTESIAN_POINT('',(-1.135407612151,5.513519791667,
    1.352471793637));
#5364 = CARTESIAN_POINT('',(-1.652343703977,5.573051041666,
    0.510244083631));
#5365 = CARTESIAN_POINT('',(-1.706194567203,5.602816666667,
    -1.920044306576E-02));
#5366 = CARTESIAN_POINT('',(-1.392856710066,5.662347916667,
    -0.920886484223));
#5367 = CARTESIAN_POINT('',(-1.030135072658,5.692113541667,
    -1.284728505115));
#5368 = CARTESIAN_POINT('',(-0.165444506737,5.751644791667,
    -1.601655930357));
#5369 = CARTESIAN_POINT('',(0.327502025207,5.781410416667,
    -1.552991933855));
#5370 = CARTESIAN_POINT('',(1.091355012966,5.840941666667,
    -1.101502879707));
#5371 = CARTESIAN_POINT('',(1.355475978204,5.870707291666,
    -0.704387110012));
#5372 = CARTESIAN_POINT('',(1.484485879731,5.930238541667,0.139483573583
    ));
#5373 = CARTESIAN_POINT('',(1.349547759493,5.960004166667,0.577694434747
    ));
#5374 = CARTESIAN_POINT('',(0.800426214445,6.019535416667,1.186743606498
    ));
#5375 = CARTESIAN_POINT('',(0.393997701933,6.049206347551,1.352610614875
    ));
#5376 = CARTESIAN_POINT('',(-1.676121502334E-13,6.079066666667,1.3335));
#5377 = CARTESIAN_POINT('',(0.,0.347133333333,1.524));
#5378 = CARTESIAN_POINT('',(-0.45058051774,0.377013377673,1.534159219397
    ));
#5379 = CARTESIAN_POINT('',(-0.903290771216,0.406664583333,
    1.333537790559));
#5380 = CARTESIAN_POINT('',(-1.499783734756,0.466195833333,
    0.638614489274));
#5381 = CARTESIAN_POINT('',(-1.635402315934,0.495961458333,
    0.150581300987));
#5382 = CARTESIAN_POINT('',(-1.473141461132,0.555492708333,
    -0.768909102786));
#5383 = CARTESIAN_POINT('',(-1.176087383328,0.585258333333,
    -1.191216029908));
#5384 = CARTESIAN_POINT('',(-0.346602151705,0.644789583333,
    -1.657535722146));
#5385 = CARTESIAN_POINT('',(0.178077770611,0.674555208333,
    -1.696299107976));
#5386 = CARTESIAN_POINT('',(1.081290353417,0.734086458333,
    -1.344084497071));
#5387 = CARTESIAN_POINT('',(1.450686154222,0.763852083333,-0.95583509249
    ));
#5388 = CARTESIAN_POINT('',(1.756604046334,0.823383333333,
    -1.708575321451E-02));
#5389 = CARTESIAN_POINT('',(1.689388197048,0.853148958333,0.524452801261
    ));
#5390 = CARTESIAN_POINT('',(1.147861544438,0.912680208333,1.371336866442
    ));
#5391 = CARTESIAN_POINT('',(0.678203897511,0.942445833333,1.667962339644
    ));
#5392 = CARTESIAN_POINT('',(-0.337785161986,1.001977083333,
    1.788367085278));
#5393 = CARTESIAN_POINT('',(-0.867943294835,1.031742708333,
    1.592646882338));
#5394 = CARTESIAN_POINT('',(-1.592646882338,1.091273958333,
    0.867943294835));
#5395 = CARTESIAN_POINT('',(-1.781750085841,1.121039583333,
    0.339435246366));
#5396 = CARTESIAN_POINT('',(-1.681293726033,1.180570833333,
    -0.680515291285));
#5397 = CARTESIAN_POINT('',(-1.392717282196,1.210336458333,
    -1.161976000932));
#5398 = CARTESIAN_POINT('',(-0.540556014666,1.269867708333,
    -1.731371955958));
#5399 = CARTESIAN_POINT('',(1.468910471285E-02,1.299633333333,
    -1.813734789067));
#5400 = CARTESIAN_POINT('',(0.995443515197,1.359164583333,
    -1.516226191214));
#5401 = CARTESIAN_POINT('',(1.411354620957,1.388930208333,
    -1.139266337945));
#5402 = CARTESIAN_POINT('',(1.803561376276,1.448461458333,
    -0.192395469999));
#5403 = CARTESIAN_POINT('',(1.776018681504,1.478227083333,0.368248961736
    ));
#5404 = CARTESIAN_POINT('',(1.292890934175,1.537758333333,1.272117403072
    ));
#5405 = CARTESIAN_POINT('',(0.842034027233,1.567523958333,1.606495674396
    ));
#5406 = CARTESIAN_POINT('',(-0.163158724681,1.627055208333,
    1.806440944352));
#5407 = CARTESIAN_POINT('',(-0.707657217676,1.656820833333,
    1.670051172013));
#5408 = CARTESIAN_POINT('',(-1.499904532557,1.716352083333,
    1.019870603599));
#5409 = CARTESIAN_POINT('',(-1.7399,1.746117708333,0.512442821062));
#5410 = CARTESIAN_POINT('',(-1.7399,1.805648958333,-0.512442821062));
#5411 = CARTESIAN_POINT('',(-1.499904532557,1.835414583333,
    -1.019870603599));
#5412 = CARTESIAN_POINT('',(-0.707657217676,1.894945833333,
    -1.670051172013));
#5413 = CARTESIAN_POINT('',(-0.163158724682,1.924711458333,
    -1.806440944352));
#5414 = CARTESIAN_POINT('',(0.842034027234,1.984242708333,
    -1.606495674395));
#5415 = CARTESIAN_POINT('',(1.292890934176,2.014008333333,
    -1.272117403071));
#5416 = CARTESIAN_POINT('',(1.776018681504,2.073539583333,
    -0.368248961736));
#5417 = CARTESIAN_POINT('',(1.803561376276,2.103305208333,0.19239547));
#5418 = CARTESIAN_POINT('',(1.411354620957,2.162836458333,1.139266337944
    ));
#5419 = CARTESIAN_POINT('',(0.995443515196,2.192602083333,1.516226191214
    ));
#5420 = CARTESIAN_POINT('',(1.468910471349E-02,2.252133333333,
    1.813734789067));
#5421 = CARTESIAN_POINT('',(-0.540556014664,2.281898958333,
    1.731371955959));
#5422 = CARTESIAN_POINT('',(-1.392717282197,2.341430208333,
    1.161976000931));
#5423 = CARTESIAN_POINT('',(-1.681293726033,2.371195833333,
    0.680515291284));
#5424 = CARTESIAN_POINT('',(-1.781750085841,2.430727083333,
    -0.339435246366));
#5425 = CARTESIAN_POINT('',(-1.592646882338,2.460492708333,
    -0.867943294835));
#5426 = CARTESIAN_POINT('',(-0.867943294835,2.520023958333,
    -1.592646882338));
#5427 = CARTESIAN_POINT('',(-0.339435246366,2.549789583333,
    -1.781750085841));
#5428 = CARTESIAN_POINT('',(0.680515291284,2.609320833333,
    -1.681293726033));
#5429 = CARTESIAN_POINT('',(1.161976000932,2.639086458333,
    -1.392717282196));
#5430 = CARTESIAN_POINT('',(1.731371955958,2.698617708333,
    -0.540556014666));
#5431 = CARTESIAN_POINT('',(1.813734789067,2.728383333333,
    1.468910471363E-02));
#5432 = CARTESIAN_POINT('',(1.516226191214,2.787914583333,0.995443515197
    ));
#5433 = CARTESIAN_POINT('',(1.139266337944,2.817680208333,1.411354620957
    ));
#5434 = CARTESIAN_POINT('',(0.19239547,2.877211458333,1.803561376276));
#5435 = CARTESIAN_POINT('',(-0.368248961736,2.906977083333,
    1.776018681504));
#5436 = CARTESIAN_POINT('',(-1.272117403071,2.966508333333,
    1.292890934176));
#5437 = CARTESIAN_POINT('',(-1.606495674395,2.996273958333,
    0.842034027234));
#5438 = CARTESIAN_POINT('',(-1.806440944352,3.055805208333,
    -0.163158724683));
#5439 = CARTESIAN_POINT('',(-1.670051172013,3.085570833333,
    -0.707657217676));
#5440 = CARTESIAN_POINT('',(-1.019870603599,3.145102083333,
    -1.499904532557));
#5441 = CARTESIAN_POINT('',(-0.512442821073,3.174867708333,-1.7399));
#5442 = CARTESIAN_POINT('',(0.512442821073,3.234398958333,-1.7399));
#5443 = CARTESIAN_POINT('',(1.019870603599,3.264164583333,
    -1.499904532557));
#5444 = CARTESIAN_POINT('',(1.670051172013,3.323695833333,
    -0.707657217676));
#5445 = CARTESIAN_POINT('',(1.806440944352,3.353461458333,
    -0.163158724681));
#5446 = CARTESIAN_POINT('',(1.606495674395,3.412992708333,0.842034027233
    ));
#5447 = CARTESIAN_POINT('',(1.272117403071,3.442758333333,1.292890934176
    ));
#5448 = CARTESIAN_POINT('',(0.368248961736,3.502289583333,1.776018681504
    ));
#5449 = CARTESIAN_POINT('',(-0.19239547,3.532055208333,1.803561376276));
#5450 = CARTESIAN_POINT('',(-1.139266337944,3.591586458333,
    1.411354620957));
#5451 = CARTESIAN_POINT('',(-1.516226191214,3.621352083333,
    0.995443515196));
#5452 = CARTESIAN_POINT('',(-1.813734789067,3.680883333333,
    1.468910471343E-02));
#5453 = CARTESIAN_POINT('',(-1.731371955958,3.710648958333,
    -0.540556014666));
#5454 = CARTESIAN_POINT('',(-1.161976000932,3.770180208333,
    -1.392717282196));
#5455 = CARTESIAN_POINT('',(-0.680515291284,3.799945833333,
    -1.681293726033));
#5456 = CARTESIAN_POINT('',(0.339435246366,3.859477083333,
    -1.781750085841));
#5457 = CARTESIAN_POINT('',(0.867943294835,3.889242708333,
    -1.592646882338));
#5458 = CARTESIAN_POINT('',(1.592646882338,3.948773958333,
    -0.867943294835));
#5459 = CARTESIAN_POINT('',(1.781750085841,3.978539583333,
    -0.339435246365));
#5460 = CARTESIAN_POINT('',(1.681293726033,4.038070833333,0.680515291285
    ));
#5461 = CARTESIAN_POINT('',(1.392717282196,4.067836458333,1.161976000932
    ));
#5462 = CARTESIAN_POINT('',(0.540556014666,4.127367708333,1.731371955958
    ));
#5463 = CARTESIAN_POINT('',(-1.468910471366E-02,4.157133333333,
    1.813734789067));
#5464 = CARTESIAN_POINT('',(-0.995443515197,4.216664583333,
    1.516226191214));
#5465 = CARTESIAN_POINT('',(-1.411354620957,4.246430208333,
    1.139266337944));
#5466 = CARTESIAN_POINT('',(-1.803561376276,4.305961458333,0.19239547));
#5467 = CARTESIAN_POINT('',(-1.776018681504,4.335727083333,
    -0.368248961736));
#5468 = CARTESIAN_POINT('',(-1.292890934176,4.395258333333,
    -1.272117403071));
#5469 = CARTESIAN_POINT('',(-0.842034027233,4.425023958333,
    -1.606495674396));
#5470 = CARTESIAN_POINT('',(0.163158724681,4.484555208333,
    -1.806440944352));
#5471 = CARTESIAN_POINT('',(0.707657217676,4.514320833333,
    -1.670051172013));
#5472 = CARTESIAN_POINT('',(1.499904532557,4.573852083333,
    -1.019870603599));
#5473 = CARTESIAN_POINT('',(1.7399,4.603617708333,-0.512442821095));
#5474 = CARTESIAN_POINT('',(1.7399,4.663148958333,0.512442821096));
#5475 = CARTESIAN_POINT('',(1.499904532557,4.692914583333,1.019870603599
    ));
#5476 = CARTESIAN_POINT('',(0.707657217676,4.752445833333,1.670051172013
    ));
#5477 = CARTESIAN_POINT('',(0.163158724681,4.782211458333,1.806440944352
    ));
#5478 = CARTESIAN_POINT('',(-0.842034027233,4.841742708333,
    1.606495674395));
#5479 = CARTESIAN_POINT('',(-1.292890934174,4.871508333333,
    1.272117403073));
#5480 = CARTESIAN_POINT('',(-1.776018681505,4.931039583333,
    0.368248961733));
#5481 = CARTESIAN_POINT('',(-1.803561376276,4.960805208333,-0.19239547)
  );
#5482 = CARTESIAN_POINT('',(-1.411354620957,5.020336458333,
    -1.139266337944));
#5483 = CARTESIAN_POINT('',(-0.995443515199,5.050102083333,
    -1.516226191213));
#5484 = CARTESIAN_POINT('',(-1.468910471031E-02,5.109633333333,
    -1.813734789068));
#5485 = CARTESIAN_POINT('',(0.540556014666,5.139398958333,
    -1.731371955958));
#5486 = CARTESIAN_POINT('',(1.392717282196,5.198930208333,
    -1.161976000932));
#5487 = CARTESIAN_POINT('',(1.681293726033,5.228695833333,
    -0.680515291284));
#5488 = CARTESIAN_POINT('',(1.781750085841,5.288227083333,0.339435246366
    ));
#5489 = CARTESIAN_POINT('',(1.592646882338,5.317992708333,0.867943294835
    ));
#5490 = CARTESIAN_POINT('',(0.867943294835,5.377523958333,1.592646882338
    ));
#5491 = CARTESIAN_POINT('',(0.336329205182,5.407289583333,1.794205614182
    ));
#5492 = CARTESIAN_POINT('',(-0.676164432419,5.466820833333,
    1.656199351663));
#5493 = CARTESIAN_POINT('',(-1.135407612151,5.496586458334,
    1.352471793637));
#5494 = CARTESIAN_POINT('',(-1.652343703977,5.556117708333,
    0.510244083631));
#5495 = CARTESIAN_POINT('',(-1.706194567203,5.585883333333,
    -1.920044306576E-02));
#5496 = CARTESIAN_POINT('',(-1.392856710066,5.645414583333,
    -0.920886484223));
#5497 = CARTESIAN_POINT('',(-1.030135072658,5.675180208333,
    -1.284728505115));
#5498 = CARTESIAN_POINT('',(-0.165444506737,5.734711458333,
    -1.601655930357));
#5499 = CARTESIAN_POINT('',(0.327502025207,5.764477083333,
    -1.552991933855));
#5500 = CARTESIAN_POINT('',(1.091355012966,5.824008333333,
    -1.101502879707));
#5501 = CARTESIAN_POINT('',(1.355475978204,5.853773958333,
    -0.704387110012));
#5502 = CARTESIAN_POINT('',(1.484485879731,5.913305208334,0.139483573583
    ));
#5503 = CARTESIAN_POINT('',(1.349547759493,5.943070833333,0.577694434747
    ));
#5504 = CARTESIAN_POINT('',(0.800426214445,6.002602083333,1.186743606498
    ));
#5505 = CARTESIAN_POINT('',(0.393997701933,6.032273014217,1.352610614875
    ));
#5506 = CARTESIAN_POINT('',(-1.676121502334E-13,6.062133333333,1.3335));
#5507 = CARTESIAN_POINT('',(0.,0.3302,1.524));
#5508 = CARTESIAN_POINT('',(-0.45058051774,0.360080044339,1.534159219397
    ));
#5509 = CARTESIAN_POINT('',(-0.903290771216,0.38973125,1.333537790559));
#5510 = CARTESIAN_POINT('',(-1.499783734756,0.4492625,0.638614489274));
#5511 = CARTESIAN_POINT('',(-1.635402315934,0.479028125,0.150581300987)
  );
#5512 = CARTESIAN_POINT('',(-1.473141461132,0.538559375,-0.768909102786)
  );
#5513 = CARTESIAN_POINT('',(-1.176087383328,0.568325,-1.191216029908));
#5514 = CARTESIAN_POINT('',(-0.346602151705,0.62785625,-1.657535722146)
  );
#5515 = CARTESIAN_POINT('',(0.178077770611,0.657621875,-1.696299107976)
  );
#5516 = CARTESIAN_POINT('',(1.081290353417,0.717153125,-1.344084497071)
  );
#5517 = CARTESIAN_POINT('',(1.450686154222,0.74691875,-0.95583509249));
#5518 = CARTESIAN_POINT('',(1.756604046334,0.80645,-1.708575321451E-02)
  );
#5519 = CARTESIAN_POINT('',(1.689388197048,0.836215625,0.524452801261));
#5520 = CARTESIAN_POINT('',(1.147861544438,0.895746875,1.371336866442));
#5521 = CARTESIAN_POINT('',(0.678203897511,0.9255125,1.667962339644));
#5522 = CARTESIAN_POINT('',(-0.337785161986,0.98504375,1.788367085278));
#5523 = CARTESIAN_POINT('',(-0.867943294835,1.014809375,1.592646882338)
  );
#5524 = CARTESIAN_POINT('',(-1.592646882338,1.074340625,0.867943294835)
  );
#5525 = CARTESIAN_POINT('',(-1.781750085841,1.10410625,0.339435246366));
#5526 = CARTESIAN_POINT('',(-1.681293726033,1.1636375,-0.680515291285));
#5527 = CARTESIAN_POINT('',(-1.392717282196,1.193403125,-1.161976000932)
  );
#5528 = CARTESIAN_POINT('',(-0.540556014666,1.252934375,-1.731371955958)
  );
#5529 = CARTESIAN_POINT('',(1.468910471285E-02,1.2827,-1.813734789067));
#5530 = CARTESIAN_POINT('',(0.995443515197,1.34223125,-1.516226191214));
#5531 = CARTESIAN_POINT('',(1.411354620957,1.371996875,-1.139266337945)
  );
#5532 = CARTESIAN_POINT('',(1.803561376276,1.431528125,-0.192395469999)
  );
#5533 = CARTESIAN_POINT('',(1.776018681504,1.46129375,0.368248961736));
#5534 = CARTESIAN_POINT('',(1.292890934175,1.520825,1.272117403072));
#5535 = CARTESIAN_POINT('',(0.842034027233,1.550590625,1.606495674396));
#5536 = CARTESIAN_POINT('',(-0.163158724681,1.610121875,1.806440944352)
  );
#5537 = CARTESIAN_POINT('',(-0.707657217676,1.6398875,1.670051172013));
#5538 = CARTESIAN_POINT('',(-1.499904532557,1.69941875,1.019870603599));
#5539 = CARTESIAN_POINT('',(-1.7399,1.729184375,0.512442821062));
#5540 = CARTESIAN_POINT('',(-1.7399,1.788715625,-0.512442821062));
#5541 = CARTESIAN_POINT('',(-1.499904532557,1.81848125,-1.019870603599)
  );
#5542 = CARTESIAN_POINT('',(-0.707657217676,1.8780125,-1.670051172013));
#5543 = CARTESIAN_POINT('',(-0.163158724682,1.907778125,-1.806440944352)
  );
#5544 = CARTESIAN_POINT('',(0.842034027234,1.967309375,-1.606495674395)
  );
#5545 = CARTESIAN_POINT('',(1.292890934176,1.997075,-1.272117403071));
#5546 = CARTESIAN_POINT('',(1.776018681504,2.05660625,-0.368248961736));
#5547 = CARTESIAN_POINT('',(1.803561376276,2.086371875,0.19239547));
#5548 = CARTESIAN_POINT('',(1.411354620957,2.145903125,1.139266337944));
#5549 = CARTESIAN_POINT('',(0.995443515196,2.17566875,1.516226191214));
#5550 = CARTESIAN_POINT('',(1.468910471349E-02,2.2352,1.813734789067));
#5551 = CARTESIAN_POINT('',(-0.540556014664,2.264965625,1.731371955959)
  );
#5552 = CARTESIAN_POINT('',(-1.392717282197,2.324496875,1.161976000931)
  );
#5553 = CARTESIAN_POINT('',(-1.681293726033,2.3542625,0.680515291284));
#5554 = CARTESIAN_POINT('',(-1.781750085841,2.41379375,-0.339435246366)
  );
#5555 = CARTESIAN_POINT('',(-1.592646882338,2.443559375,-0.867943294835)
  );
#5556 = CARTESIAN_POINT('',(-0.867943294835,2.503090625,-1.592646882338)
  );
#5557 = CARTESIAN_POINT('',(-0.339435246366,2.53285625,-1.781750085841)
  );
#5558 = CARTESIAN_POINT('',(0.680515291284,2.5923875,-1.681293726033));
#5559 = CARTESIAN_POINT('',(1.161976000932,2.622153125,-1.392717282196)
  );
#5560 = CARTESIAN_POINT('',(1.731371955958,2.681684375,-0.540556014666)
  );
#5561 = CARTESIAN_POINT('',(1.813734789067,2.71145,1.468910471363E-02));
#5562 = CARTESIAN_POINT('',(1.516226191214,2.77098125,0.995443515197));
#5563 = CARTESIAN_POINT('',(1.139266337944,2.800746875,1.411354620957));
#5564 = CARTESIAN_POINT('',(0.19239547,2.860278125,1.803561376276));
#5565 = CARTESIAN_POINT('',(-0.368248961736,2.89004375,1.776018681504));
#5566 = CARTESIAN_POINT('',(-1.272117403071,2.949575,1.292890934176));
#5567 = CARTESIAN_POINT('',(-1.606495674395,2.979340625,0.842034027234)
  );
#5568 = CARTESIAN_POINT('',(-1.806440944352,3.038871875,-0.163158724683)
  );
#5569 = CARTESIAN_POINT('',(-1.670051172013,3.0686375,-0.707657217676));
#5570 = CARTESIAN_POINT('',(-1.019870603599,3.12816875,-1.499904532557)
  );
#5571 = CARTESIAN_POINT('',(-0.512442821073,3.157934375,-1.7399));
#5572 = CARTESIAN_POINT('',(0.512442821073,3.217465625,-1.7399));
#5573 = CARTESIAN_POINT('',(1.019870603599,3.24723125,-1.499904532557));
#5574 = CARTESIAN_POINT('',(1.670051172013,3.3067625,-0.707657217676));
#5575 = CARTESIAN_POINT('',(1.806440944352,3.336528125,-0.163158724681)
  );
#5576 = CARTESIAN_POINT('',(1.606495674395,3.396059375,0.842034027233));
#5577 = CARTESIAN_POINT('',(1.272117403071,3.425825,1.292890934176));
#5578 = CARTESIAN_POINT('',(0.368248961736,3.48535625,1.776018681504));
#5579 = CARTESIAN_POINT('',(-0.19239547,3.515121875,1.803561376276));
#5580 = CARTESIAN_POINT('',(-1.139266337944,3.574653125,1.411354620957)
  );
#5581 = CARTESIAN_POINT('',(-1.516226191214,3.60441875,0.995443515196));
#5582 = CARTESIAN_POINT('',(-1.813734789067,3.66395,1.468910471343E-02)
  );
#5583 = CARTESIAN_POINT('',(-1.731371955958,3.693715625,-0.540556014666)
  );
#5584 = CARTESIAN_POINT('',(-1.161976000932,3.753246875,-1.392717282196)
  );
#5585 = CARTESIAN_POINT('',(-0.680515291284,3.7830125,-1.681293726033));
#5586 = CARTESIAN_POINT('',(0.339435246366,3.84254375,-1.781750085841));
#5587 = CARTESIAN_POINT('',(0.867943294835,3.872309375,-1.592646882338)
  );
#5588 = CARTESIAN_POINT('',(1.592646882338,3.931840625,-0.867943294835)
  );
#5589 = CARTESIAN_POINT('',(1.781750085841,3.96160625,-0.339435246365));
#5590 = CARTESIAN_POINT('',(1.681293726033,4.0211375,0.680515291285));
#5591 = CARTESIAN_POINT('',(1.392717282196,4.050903125,1.161976000932));
#5592 = CARTESIAN_POINT('',(0.540556014666,4.110434375,1.731371955958));
#5593 = CARTESIAN_POINT('',(-1.468910471366E-02,4.1402,1.813734789067));
#5594 = CARTESIAN_POINT('',(-0.995443515197,4.19973125,1.516226191214));
#5595 = CARTESIAN_POINT('',(-1.411354620957,4.229496875,1.139266337944)
  );
#5596 = CARTESIAN_POINT('',(-1.803561376276,4.289028125,0.19239547));
#5597 = CARTESIAN_POINT('',(-1.776018681504,4.31879375,-0.368248961736)
  );
#5598 = CARTESIAN_POINT('',(-1.292890934176,4.378325,-1.272117403071));
#5599 = CARTESIAN_POINT('',(-0.842034027233,4.408090625,-1.606495674396)
  );
#5600 = CARTESIAN_POINT('',(0.163158724681,4.467621875,-1.806440944352)
  );
#5601 = CARTESIAN_POINT('',(0.707657217676,4.4973875,-1.670051172013));
#5602 = CARTESIAN_POINT('',(1.499904532557,4.55691875,-1.019870603599));
#5603 = CARTESIAN_POINT('',(1.7399,4.586684375,-0.512442821095));
#5604 = CARTESIAN_POINT('',(1.7399,4.646215625,0.512442821096));
#5605 = CARTESIAN_POINT('',(1.499904532557,4.67598125,1.019870603599));
#5606 = CARTESIAN_POINT('',(0.707657217676,4.7355125,1.670051172013));
#5607 = CARTESIAN_POINT('',(0.163158724681,4.765278125,1.806440944352));
#5608 = CARTESIAN_POINT('',(-0.842034027233,4.824809375,1.606495674395)
  );
#5609 = CARTESIAN_POINT('',(-1.292890934174,4.854575,1.272117403073));
#5610 = CARTESIAN_POINT('',(-1.776018681505,4.91410625,0.368248961733));
#5611 = CARTESIAN_POINT('',(-1.803561376276,4.943871875,-0.19239547));
#5612 = CARTESIAN_POINT('',(-1.411354620957,5.003403125,-1.139266337944)
  );
#5613 = CARTESIAN_POINT('',(-0.995443515199,5.03316875,-1.516226191213)
  );
#5614 = CARTESIAN_POINT('',(-1.468910471031E-02,5.0927,-1.813734789068)
  );
#5615 = CARTESIAN_POINT('',(0.540556014666,5.122465625,-1.731371955958)
  );
#5616 = CARTESIAN_POINT('',(1.392717282196,5.181996875,-1.161976000932)
  );
#5617 = CARTESIAN_POINT('',(1.681293726033,5.2117625,-0.680515291284));
#5618 = CARTESIAN_POINT('',(1.781750085841,5.27129375,0.339435246366));
#5619 = CARTESIAN_POINT('',(1.592646882338,5.301059375,0.867943294835));
#5620 = CARTESIAN_POINT('',(0.867943294835,5.360590625,1.592646882338));
#5621 = CARTESIAN_POINT('',(0.336329205182,5.39035625,1.794205614182));
#5622 = CARTESIAN_POINT('',(-0.676164432419,5.4498875,1.656199351663));
#5623 = CARTESIAN_POINT('',(-1.135407612151,5.479653125,1.352471793637)
  );
#5624 = CARTESIAN_POINT('',(-1.652343703977,5.539184375,0.510244083631)
  );
#5625 = CARTESIAN_POINT('',(-1.706194567203,5.56895,-1.920044306576E-02)
  );
#5626 = CARTESIAN_POINT('',(-1.392856710066,5.62848125,-0.920886484223)
  );
#5627 = CARTESIAN_POINT('',(-1.030135072658,5.658246875,-1.284728505115)
  );
#5628 = CARTESIAN_POINT('',(-0.165444506737,5.717778125,-1.601655930357)
  );
#5629 = CARTESIAN_POINT('',(0.327502025207,5.74754375,-1.552991933855));
#5630 = CARTESIAN_POINT('',(1.091355012966,5.807075,-1.101502879707));
#5631 = CARTESIAN_POINT('',(1.355475978204,5.836840625,-0.704387110012)
  );
#5632 = CARTESIAN_POINT('',(1.484485879731,5.896371875,0.139483573583));
#5633 = CARTESIAN_POINT('',(1.349547759493,5.9261375,0.577694434747));
#5634 = CARTESIAN_POINT('',(0.800426214445,5.98566875,1.186743606498));
#5635 = CARTESIAN_POINT('',(0.393997701933,6.015339680884,1.352610614875
    ));
#5636 = CARTESIAN_POINT('',(-1.676121502334E-13,6.0452,1.3335));
#5637 = ADVANCED_FACE('',(#5638),#5667,.F.);
#5638 = FACE_BOUND('',#5639,.F.);
#5639 = EDGE_LOOP('',(#5640,#5641,#5642));
#5640 = ORIENTED_EDGE('',*,*,#5074,.T.);
#5641 = ORIENTED_EDGE('',*,*,#2985,.F.);
#5642 = ORIENTED_EDGE('',*,*,#5643,.T.);
#5643 = EDGE_CURVE('',#2969,#5067,#5644,.T.);
#5644 = B_SPLINE_CURVE_WITH_KNOTS('',3,(#5645,#5646,#5647,#5648,#5649,
    #5650,#5651,#5652,#5653,#5654,#5655,#5656,#5657,#5658,#5659,#5660,
    #5661,#5662,#5663,#5664,#5665,#5666),.UNSPECIFIED.,.F.,.F.,(4,3,3,3,
    3,3,3,4),(0.,1.338401676616E-04,2.676784362248E-04,
    4.015151424622E-04,5.353506526707E-04,6.691853316817E-04,
    7.952374985773E-04,9.22471031134E-04),.UNSPECIFIED.);
#5645 = CARTESIAN_POINT('',(0.,0.48387,1.2954));
#5646 = CARTESIAN_POINT('',(4.443487859317E-02,0.4798830134,1.2954));
#5647 = CARTESIAN_POINT('',(8.890738359831E-02,0.47565892983,
    1.293107707946));
#5648 = CARTESIAN_POINT('',(0.133067435073,0.471249021604,1.288547328476
    ));
#5649 = CARTESIAN_POINT('',(0.177227106867,0.466839151293,1.283986988216
    ));
#5650 = CARTESIAN_POINT('',(0.22119054388,0.462231935797,1.277146676036)
  );
#5651 = CARTESIAN_POINT('',(0.264614282624,0.45747888833,1.268085344696)
  );
#5652 = CARTESIAN_POINT('',(0.308037712834,0.452725874634,1.259024077737
    ));
#5653 = CARTESIAN_POINT('',(0.351035078703,0.447814644697,1.247718172042
    ));
#5654 = CARTESIAN_POINT('',(0.393272315589,0.442795813527,1.234260120798
    ));
#5655 = CARTESIAN_POINT('',(0.435509321494,0.437777009804,1.220802143151
    ));
#5656 = CARTESIAN_POINT('',(0.477096222739,0.432637558339,1.205157030655
    ));
#5657 = CARTESIAN_POINT('',(0.517710999824,0.427426423045,1.187449569734
    ));
#5658 = CARTESIAN_POINT('',(0.55832562132,0.422215307715,1.169742176647)
  );
#5659 = CARTESIAN_POINT('',(0.598073557071,0.416918986251,1.149926509225
    ));
#5660 = CARTESIAN_POINT('',(0.636647418593,0.411584318044,1.128158333036
    ));
#5661 = CARTESIAN_POINT('',(0.672983570456,0.406559119466,1.107652951293
    ));
#5662 = CARTESIAN_POINT('',(0.708364297274,0.401487965765,1.085366950278
    ));
#5663 = CARTESIAN_POINT('',(0.742546604553,0.39640812063,1.06145452096)
  );
#5664 = CARTESIAN_POINT('',(0.777048536785,0.391280775915,1.037318496172
    ));
#5665 = CARTESIAN_POINT('',(0.810409818852,0.386132624603,1.011469209792
    ));
#5666 = CARTESIAN_POINT('',(0.842396512188,0.381,0.984088042938));
#5667 = ( BOUNDED_SURFACE() B_SPLINE_SURFACE(1,3,(
    (#5668,#5669,#5670,#5671)
    ,(#5672,#5673,#5674,#5675
)),.UNSPECIFIED.,.F.,.F.,.F.) B_SPLINE_SURFACE_WITH_KNOTS((2,2),(4,4),(
    0.,1.),(0.,1.),.PIECEWISE_BEZIER_KNOTS.) 
GEOMETRIC_REPRESENTATION_ITEM() RATIONAL_B_SPLINE_SURFACE((
    (1.,0.944448100247,0.944448100247,1.)
,(1.,0.944448100247,0.944448100247,1.
))) REPRESENTATION_ITEM('') SURFACE() );
#5668 = CARTESIAN_POINT('',(0.677334781617,0.48448722,0.822443869411));
#5669 = CARTESIAN_POINT('',(0.524713066784,0.48448722,1.070552971733));
#5670 = CARTESIAN_POINT('',(0.285654657455,0.48448722,1.236993926497));
#5671 = CARTESIAN_POINT('',(-5.5836411883E-15,0.48448722,1.2940284));
#5672 = CARTESIAN_POINT('',(0.845829868974,0.381,0.978956943444));
#5673 = CARTESIAN_POINT('',(0.649056165585,0.381,1.274598133514));
#5674 = CARTESIAN_POINT('',(0.350529132089,0.381,1.466965526497));
#5675 = CARTESIAN_POINT('',(-6.776263578034E-15,0.381,1.524));
#5676 = ADVANCED_FACE('',(#5677),#5692,.T.);
#5677 = FACE_BOUND('',#5678,.T.);
#5678 = EDGE_LOOP('',(#5679,#5680,#5686,#5687,#5688,#5689,#5690,#5691));
#5679 = ORIENTED_EDGE('',*,*,#3737,.T.);
#5680 = ORIENTED_EDGE('',*,*,#5681,.T.);
#5681 = EDGE_CURVE('',#3738,#2942,#5682,.T.);
#5682 = LINE('',#5683,#5684);
#5683 = CARTESIAN_POINT('',(-1.2954,-3.172710141483E-16,
    1.586355070742E-16));
#5684 = VECTOR('',#5685,1.);
#5685 = DIRECTION('',(2.449212707645E-16,-1.,-0.));
#5686 = ORIENTED_EDGE('',*,*,#2968,.T.);
#5687 = ORIENTED_EDGE('',*,*,#5643,.T.);
#5688 = ORIENTED_EDGE('',*,*,#5066,.T.);
#5689 = ORIENTED_EDGE('',*,*,#5047,.T.);
#5690 = ORIENTED_EDGE('',*,*,#4917,.T.);
#5691 = ORIENTED_EDGE('',*,*,#5098,.F.);
#5692 = CYLINDRICAL_SURFACE('',#5693,1.2954);
#5693 = AXIS2_PLACEMENT_3D('',#5694,#5695,#5696);
#5694 = CARTESIAN_POINT('',(0.,0.,0.));
#5695 = DIRECTION('',(2.449212707645E-16,-1.,-0.));
#5696 = DIRECTION('',(1.,2.449212707645E-16,0.));
#5697 = ADVANCED_FACE('',(#5698),#5709,.T.);
#5698 = FACE_BOUND('',#5699,.T.);
#5699 = EDGE_LOOP('',(#5700,#5701,#5702,#5708));
#5700 = ORIENTED_EDGE('',*,*,#5681,.F.);
#5701 = ORIENTED_EDGE('',*,*,#3766,.T.);
#5702 = ORIENTED_EDGE('',*,*,#5703,.T.);
#5703 = EDGE_CURVE('',#3767,#2915,#5704,.T.);
#5704 = LINE('',#5705,#5706);
#5705 = CARTESIAN_POINT('',(1.2954,3.172710141483E-16,0.));
#5706 = VECTOR('',#5707,1.);
#5707 = DIRECTION('',(2.449212707645E-16,-1.,-0.));
#5708 = ORIENTED_EDGE('',*,*,#2941,.T.);
#5709 = CYLINDRICAL_SURFACE('',#5710,1.2954);
#5710 = AXIS2_PLACEMENT_3D('',#5711,#5712,#5713);
#5711 = CARTESIAN_POINT('',(0.,0.,0.));
#5712 = DIRECTION('',(2.449212707645E-16,-1.,-0.));
#5713 = DIRECTION('',(1.,2.449212707645E-16,0.));
#5714 = ADVANCED_FACE('',(#5715),#5726,.T.);
#5715 = FACE_BOUND('',#5716,.T.);
#5716 = EDGE_LOOP('',(#5717,#5718,#5724,#5725));
#5717 = ORIENTED_EDGE('',*,*,#3793,.T.);
#5718 = ORIENTED_EDGE('',*,*,#5719,.T.);
#5719 = EDGE_CURVE('',#3794,#2888,#5720,.T.);
#5720 = LINE('',#5721,#5722);
#5721 = CARTESIAN_POINT('',(-1.2954,-3.172710141483E-16,
    1.586355070742E-16));
#5722 = VECTOR('',#5723,1.);
#5723 = DIRECTION('',(2.449212707645E-16,-1.,-0.));
#5724 = ORIENTED_EDGE('',*,*,#2914,.T.);
#5725 = ORIENTED_EDGE('',*,*,#5703,.F.);
#5726 = CYLINDRICAL_SURFACE('',#5727,1.2954);
#5727 = AXIS2_PLACEMENT_3D('',#5728,#5729,#5730);
#5728 = CARTESIAN_POINT('',(0.,0.,0.));
#5729 = DIRECTION('',(2.449212707645E-16,-1.,-0.));
#5730 = DIRECTION('',(1.,2.449212707645E-16,0.));
#5731 = ADVANCED_FACE('',(#5732),#5743,.T.);
#5732 = FACE_BOUND('',#5733,.T.);
#5733 = EDGE_LOOP('',(#5734,#5735,#5736,#5742));
#5734 = ORIENTED_EDGE('',*,*,#5719,.F.);
#5735 = ORIENTED_EDGE('',*,*,#3820,.T.);
#5736 = ORIENTED_EDGE('',*,*,#5737,.T.);
#5737 = EDGE_CURVE('',#3821,#2861,#5738,.T.);
#5738 = LINE('',#5739,#5740);
#5739 = CARTESIAN_POINT('',(1.2954,3.172710141483E-16,0.));
#5740 = VECTOR('',#5741,1.);
#5741 = DIRECTION('',(2.449212707645E-16,-1.,-0.));
#5742 = ORIENTED_EDGE('',*,*,#2887,.T.);
#5743 = CYLINDRICAL_SURFACE('',#5744,1.2954);
#5744 = AXIS2_PLACEMENT_3D('',#5745,#5746,#5747);
#5745 = CARTESIAN_POINT('',(0.,0.,0.));
#5746 = DIRECTION('',(2.449212707645E-16,-1.,-0.));
#5747 = DIRECTION('',(1.,2.449212707645E-16,0.));
#5748 = ADVANCED_FACE('',(#5749),#5760,.T.);
#5749 = FACE_BOUND('',#5750,.T.);
#5750 = EDGE_LOOP('',(#5751,#5752,#5758,#5759));
#5751 = ORIENTED_EDGE('',*,*,#3847,.T.);
#5752 = ORIENTED_EDGE('',*,*,#5753,.T.);
#5753 = EDGE_CURVE('',#3848,#2834,#5754,.T.);
#5754 = LINE('',#5755,#5756);
#5755 = CARTESIAN_POINT('',(-1.2954,-3.172710141483E-16,
    1.586355070742E-16));
#5756 = VECTOR('',#5757,1.);
#5757 = DIRECTION('',(2.449212707645E-16,-1.,-0.));
#5758 = ORIENTED_EDGE('',*,*,#2860,.T.);
#5759 = ORIENTED_EDGE('',*,*,#5737,.F.);
#5760 = CYLINDRICAL_SURFACE('',#5761,1.2954);
#5761 = AXIS2_PLACEMENT_3D('',#5762,#5763,#5764);
#5762 = CARTESIAN_POINT('',(0.,0.,0.));
#5763 = DIRECTION('',(2.449212707645E-16,-1.,-0.));
#5764 = DIRECTION('',(1.,2.449212707645E-16,0.));
#5765 = ADVANCED_FACE('',(#5766),#5777,.T.);
#5766 = FACE_BOUND('',#5767,.T.);
#5767 = EDGE_LOOP('',(#5768,#5769,#5770,#5776));
#5768 = ORIENTED_EDGE('',*,*,#5753,.F.);
#5769 = ORIENTED_EDGE('',*,*,#3874,.T.);
#5770 = ORIENTED_EDGE('',*,*,#5771,.T.);
#5771 = EDGE_CURVE('',#3875,#2807,#5772,.T.);
#5772 = LINE('',#5773,#5774);
#5773 = CARTESIAN_POINT('',(1.2954,3.172710141483E-16,0.));
#5774 = VECTOR('',#5775,1.);
#5775 = DIRECTION('',(2.449212707645E-16,-1.,-0.));
#5776 = ORIENTED_EDGE('',*,*,#2833,.T.);
#5777 = CYLINDRICAL_SURFACE('',#5778,1.2954);
#5778 = AXIS2_PLACEMENT_3D('',#5779,#5780,#5781);
#5779 = CARTESIAN_POINT('',(0.,0.,0.));
#5780 = DIRECTION('',(2.449212707645E-16,-1.,-0.));
#5781 = DIRECTION('',(1.,2.449212707645E-16,0.));
#5782 = ADVANCED_FACE('',(#5783),#5794,.T.);
#5783 = FACE_BOUND('',#5784,.T.);
#5784 = EDGE_LOOP('',(#5785,#5786,#5792,#5793));
#5785 = ORIENTED_EDGE('',*,*,#3901,.T.);
#5786 = ORIENTED_EDGE('',*,*,#5787,.T.);
#5787 = EDGE_CURVE('',#3902,#2780,#5788,.T.);
#5788 = LINE('',#5789,#5790);
#5789 = CARTESIAN_POINT('',(-1.2954,-3.172710141483E-16,
    1.586355070742E-16));
#5790 = VECTOR('',#5791,1.);
#5791 = DIRECTION('',(2.449212707645E-16,-1.,-0.));
#5792 = ORIENTED_EDGE('',*,*,#2806,.T.);
#5793 = ORIENTED_EDGE('',*,*,#5771,.F.);
#5794 = CYLINDRICAL_SURFACE('',#5795,1.2954);
#5795 = AXIS2_PLACEMENT_3D('',#5796,#5797,#5798);
#5796 = CARTESIAN_POINT('',(0.,0.,0.));
#5797 = DIRECTION('',(2.449212707645E-16,-1.,-0.));
#5798 = DIRECTION('',(1.,2.449212707645E-16,0.));
#5799 = ADVANCED_FACE('',(#5800),#5811,.T.);
#5800 = FACE_BOUND('',#5801,.T.);
#5801 = EDGE_LOOP('',(#5802,#5803,#5804,#5810));
#5802 = ORIENTED_EDGE('',*,*,#5787,.F.);
#5803 = ORIENTED_EDGE('',*,*,#3930,.T.);
#5804 = ORIENTED_EDGE('',*,*,#5805,.T.);
#5805 = EDGE_CURVE('',#3931,#2753,#5806,.T.);
#5806 = LINE('',#5807,#5808);
#5807 = CARTESIAN_POINT('',(1.2954,3.172710141483E-16,0.));
#5808 = VECTOR('',#5809,1.);
#5809 = DIRECTION('',(2.449212707645E-16,-1.,-0.));
#5810 = ORIENTED_EDGE('',*,*,#2779,.T.);
#5811 = CYLINDRICAL_SURFACE('',#5812,1.2954);
#5812 = AXIS2_PLACEMENT_3D('',#5813,#5814,#5815);
#5813 = CARTESIAN_POINT('',(0.,0.,0.));
#5814 = DIRECTION('',(2.449212707645E-16,-1.,-0.));
#5815 = DIRECTION('',(1.,2.449212707645E-16,0.));
#5816 = ADVANCED_FACE('',(#5817),#5828,.T.);
#5817 = FACE_BOUND('',#5818,.T.);
#5818 = EDGE_LOOP('',(#5819,#5820,#5826,#5827));
#5819 = ORIENTED_EDGE('',*,*,#3957,.T.);
#5820 = ORIENTED_EDGE('',*,*,#5821,.T.);
#5821 = EDGE_CURVE('',#3958,#2724,#5822,.T.);
#5822 = LINE('',#5823,#5824);
#5823 = CARTESIAN_POINT('',(-1.2954,-3.172710141483E-16,
    1.586355070742E-16));
#5824 = VECTOR('',#5825,1.);
#5825 = DIRECTION('',(2.449212707645E-16,-1.,-0.));
#5826 = ORIENTED_EDGE('',*,*,#2752,.T.);
#5827 = ORIENTED_EDGE('',*,*,#5805,.F.);
#5828 = CYLINDRICAL_SURFACE('',#5829,1.2954);
#5829 = AXIS2_PLACEMENT_3D('',#5830,#5831,#5832);
#5830 = CARTESIAN_POINT('',(0.,0.,0.));
#5831 = DIRECTION('',(2.449212707645E-16,-1.,-0.));
#5832 = DIRECTION('',(1.,2.449212707645E-16,0.));
#5833 = ADVANCED_FACE('',(#5834),#5845,.T.);
#5834 = FACE_BOUND('',#5835,.T.);
#5835 = EDGE_LOOP('',(#5836,#5837,#5838,#5844));
#5836 = ORIENTED_EDGE('',*,*,#5821,.F.);
#5837 = ORIENTED_EDGE('',*,*,#3984,.T.);
#5838 = ORIENTED_EDGE('',*,*,#5839,.T.);
#5839 = EDGE_CURVE('',#3985,#2697,#5840,.T.);
#5840 = LINE('',#5841,#5842);
#5841 = CARTESIAN_POINT('',(1.2954,3.172710141483E-16,0.));
#5842 = VECTOR('',#5843,1.);
#5843 = DIRECTION('',(2.449212707645E-16,-1.,-0.));
#5844 = ORIENTED_EDGE('',*,*,#2723,.T.);
#5845 = CYLINDRICAL_SURFACE('',#5846,1.2954);
#5846 = AXIS2_PLACEMENT_3D('',#5847,#5848,#5849);
#5847 = CARTESIAN_POINT('',(0.,0.,0.));
#5848 = DIRECTION('',(2.449212707645E-16,-1.,-0.));
#5849 = DIRECTION('',(1.,2.449212707645E-16,0.));
#5850 = ADVANCED_FACE('',(#5851),#5862,.T.);
#5851 = FACE_BOUND('',#5852,.T.);
#5852 = EDGE_LOOP('',(#5853,#5854,#5860,#5861));
#5853 = ORIENTED_EDGE('',*,*,#4011,.T.);
#5854 = ORIENTED_EDGE('',*,*,#5855,.T.);
#5855 = EDGE_CURVE('',#4012,#2670,#5856,.T.);
#5856 = LINE('',#5857,#5858);
#5857 = CARTESIAN_POINT('',(-1.2954,-3.172710141483E-16,
    1.586355070742E-16));
#5858 = VECTOR('',#5859,1.);
#5859 = DIRECTION('',(2.449212707645E-16,-1.,-0.));
#5860 = ORIENTED_EDGE('',*,*,#2696,.T.);
#5861 = ORIENTED_EDGE('',*,*,#5839,.F.);
#5862 = CYLINDRICAL_SURFACE('',#5863,1.2954);
#5863 = AXIS2_PLACEMENT_3D('',#5864,#5865,#5866);
#5864 = CARTESIAN_POINT('',(0.,0.,0.));
#5865 = DIRECTION('',(2.449212707645E-16,-1.,-0.));
#5866 = DIRECTION('',(1.,2.449212707645E-16,0.));
#5867 = ADVANCED_FACE('',(#5868),#5879,.T.);
#5868 = FACE_BOUND('',#5869,.T.);
#5869 = EDGE_LOOP('',(#5870,#5871,#5872,#5878));
#5870 = ORIENTED_EDGE('',*,*,#5855,.F.);
#5871 = ORIENTED_EDGE('',*,*,#4038,.T.);
#5872 = ORIENTED_EDGE('',*,*,#5873,.T.);
#5873 = EDGE_CURVE('',#4039,#2643,#5874,.T.);
#5874 = LINE('',#5875,#5876);
#5875 = CARTESIAN_POINT('',(1.2954,3.172710141483E-16,0.));
#5876 = VECTOR('',#5877,1.);
#5877 = DIRECTION('',(2.449212707645E-16,-1.,-0.));
#5878 = ORIENTED_EDGE('',*,*,#2669,.T.);
#5879 = CYLINDRICAL_SURFACE('',#5880,1.2954);
#5880 = AXIS2_PLACEMENT_3D('',#5881,#5882,#5883);
#5881 = CARTESIAN_POINT('',(0.,0.,0.));
#5882 = DIRECTION('',(2.449212707645E-16,-1.,-0.));
#5883 = DIRECTION('',(1.,2.449212707645E-16,0.));
#5884 = ADVANCED_FACE('',(#5885),#5896,.T.);
#5885 = FACE_BOUND('',#5886,.T.);
#5886 = EDGE_LOOP('',(#5887,#5888,#5894,#5895));
#5887 = ORIENTED_EDGE('',*,*,#4067,.T.);
#5888 = ORIENTED_EDGE('',*,*,#5889,.T.);
#5889 = EDGE_CURVE('',#4068,#2618,#5890,.T.);
#5890 = LINE('',#5891,#5892);
#5891 = CARTESIAN_POINT('',(-1.2954,-3.172710141483E-16,
    1.586355070742E-16));
#5892 = VECTOR('',#5893,1.);
#5893 = DIRECTION('',(2.449212707645E-16,-1.,-0.));
#5894 = ORIENTED_EDGE('',*,*,#2642,.T.);
#5895 = ORIENTED_EDGE('',*,*,#5873,.F.);
#5896 = CYLINDRICAL_SURFACE('',#5897,1.2954);
#5897 = AXIS2_PLACEMENT_3D('',#5898,#5899,#5900);
#5898 = CARTESIAN_POINT('',(0.,0.,0.));
#5899 = DIRECTION('',(2.449212707645E-16,-1.,-0.));
#5900 = DIRECTION('',(1.,2.449212707645E-16,0.));
#5901 = ADVANCED_FACE('',(#5902),#5913,.T.);
#5902 = FACE_BOUND('',#5903,.T.);
#5903 = EDGE_LOOP('',(#5904,#5905,#5906,#5912));
#5904 = ORIENTED_EDGE('',*,*,#5889,.F.);
#5905 = ORIENTED_EDGE('',*,*,#4094,.T.);
#5906 = ORIENTED_EDGE('',*,*,#5907,.T.);
#5907 = EDGE_CURVE('',#4095,#2589,#5908,.T.);
#5908 = LINE('',#5909,#5910);
#5909 = CARTESIAN_POINT('',(1.2954,3.172710141483E-16,0.));
#5910 = VECTOR('',#5911,1.);
#5911 = DIRECTION('',(2.449212707645E-16,-1.,-0.));
#5912 = ORIENTED_EDGE('',*,*,#2617,.T.);
#5913 = CYLINDRICAL_SURFACE('',#5914,1.2954);
#5914 = AXIS2_PLACEMENT_3D('',#5915,#5916,#5917);
#5915 = CARTESIAN_POINT('',(0.,0.,0.));
#5916 = DIRECTION('',(2.449212707645E-16,-1.,-0.));
#5917 = DIRECTION('',(1.,2.449212707645E-16,0.));
#5918 = ADVANCED_FACE('',(#5919),#5930,.T.);
#5919 = FACE_BOUND('',#5920,.T.);
#5920 = EDGE_LOOP('',(#5921,#5922,#5928,#5929));
#5921 = ORIENTED_EDGE('',*,*,#4121,.T.);
#5922 = ORIENTED_EDGE('',*,*,#5923,.T.);
#5923 = EDGE_CURVE('',#4122,#2564,#5924,.T.);
#5924 = LINE('',#5925,#5926);
#5925 = CARTESIAN_POINT('',(-1.2954,-3.172710141483E-16,
    1.586355070742E-16));
#5926 = VECTOR('',#5927,1.);
#5927 = DIRECTION('',(2.449212707645E-16,-1.,-0.));
#5928 = ORIENTED_EDGE('',*,*,#2588,.T.);
#5929 = ORIENTED_EDGE('',*,*,#5907,.F.);
#5930 = CYLINDRICAL_SURFACE('',#5931,1.2954);
#5931 = AXIS2_PLACEMENT_3D('',#5932,#5933,#5934);
#5932 = CARTESIAN_POINT('',(0.,0.,0.));
#5933 = DIRECTION('',(2.449212707645E-16,-1.,-0.));
#5934 = DIRECTION('',(1.,2.449212707645E-16,0.));
#5935 = ADVANCED_FACE('',(#5936),#5947,.T.);
#5936 = FACE_BOUND('',#5937,.T.);
#5937 = EDGE_LOOP('',(#5938,#5939,#5940,#5946));
#5938 = ORIENTED_EDGE('',*,*,#5923,.F.);
#5939 = ORIENTED_EDGE('',*,*,#4148,.T.);
#5940 = ORIENTED_EDGE('',*,*,#5941,.T.);
#5941 = EDGE_CURVE('',#4149,#2535,#5942,.T.);
#5942 = LINE('',#5943,#5944);
#5943 = CARTESIAN_POINT('',(1.2954,3.172710141483E-16,0.));
#5944 = VECTOR('',#5945,1.);
#5945 = DIRECTION('',(2.449212707645E-16,-1.,-0.));
#5946 = ORIENTED_EDGE('',*,*,#2563,.T.);
#5947 = CYLINDRICAL_SURFACE('',#5948,1.2954);
#5948 = AXIS2_PLACEMENT_3D('',#5949,#5950,#5951);
#5949 = CARTESIAN_POINT('',(0.,0.,0.));
#5950 = DIRECTION('',(2.449212707645E-16,-1.,-0.));
#5951 = DIRECTION('',(1.,2.449212707645E-16,0.));
#5952 = ADVANCED_FACE('',(#5953),#5963,.T.);
#5953 = FACE_BOUND('',#5954,.T.);
#5954 = EDGE_LOOP('',(#5955,#5956,#5957,#5958,#5959,#5960,#5961,#5962));
#5955 = ORIENTED_EDGE('',*,*,#2457,.T.);
#5956 = ORIENTED_EDGE('',*,*,#2483,.T.);
#5957 = ORIENTED_EDGE('',*,*,#2534,.T.);
#5958 = ORIENTED_EDGE('',*,*,#5941,.F.);
#5959 = ORIENTED_EDGE('',*,*,#4175,.T.);
#5960 = ORIENTED_EDGE('',*,*,#3675,.T.);
#5961 = ORIENTED_EDGE('',*,*,#3136,.T.);
#5962 = ORIENTED_EDGE('',*,*,#2492,.F.);
#5963 = CYLINDRICAL_SURFACE('',#5964,1.2954);
#5964 = AXIS2_PLACEMENT_3D('',#5965,#5966,#5967);
#5965 = CARTESIAN_POINT('',(0.,0.,0.));
#5966 = DIRECTION('',(2.449212707645E-16,-1.,-0.));
#5967 = DIRECTION('',(1.,2.449212707645E-16,0.));
#5968 = ADVANCED_FACE('',(#5969),#5975,.F.);
#5969 = FACE_BOUND('',#5970,.F.);
#5970 = EDGE_LOOP('',(#5971,#5972,#5973,#5974));
#5971 = ORIENTED_EDGE('',*,*,#2387,.F.);
#5972 = ORIENTED_EDGE('',*,*,#2413,.F.);
#5973 = ORIENTED_EDGE('',*,*,#2447,.T.);
#5974 = ORIENTED_EDGE('',*,*,#2423,.T.);
#5975 = TOROIDAL_SURFACE('',#5976,2.386074209711,0.580061937295);
#5976 = AXIS2_PLACEMENT_3D('',#5977,#5978,#5979);
#5977 = CARTESIAN_POINT('',(-1.301042606983E-15,6.125664871271,0.));
#5978 = DIRECTION('',(2.449212707645E-16,-1.,-0.));
#5979 = DIRECTION('',(1.,2.449212707645E-16,0.));
#5980 = ADVANCED_FACE('',(#5981),#6019,.T.);
#5981 = FACE_BOUND('',#5982,.T.);
#5982 = EDGE_LOOP('',(#5983,#5984,#5985,#5997,#6006,#6016,#6017,#6018));
#5983 = ORIENTED_EDGE('',*,*,#2123,.F.);
#5984 = ORIENTED_EDGE('',*,*,#2081,.F.);
#5985 = ORIENTED_EDGE('',*,*,#5986,.T.);
#5986 = EDGE_CURVE('',#2082,#5987,#5989,.T.);
#5987 = VERTEX_POINT('',#5988);
#5988 = CARTESIAN_POINT('',(-3.424482215647,7.768845314314,-0.5461));
#5989 = B_SPLINE_CURVE_WITH_KNOTS('',3,(#5990,#5991,#5992,#5993,#5994,
    #5995,#5996),.UNSPECIFIED.,.F.,.F.,(4,3,4),(6.278519464355E-03,
    6.426642420065E-03,6.453336959489E-03),.UNSPECIFIED.);
#5990 = CARTESIAN_POINT('',(-3.438614715339,7.5946,-0.5461));
#5991 = CARTESIAN_POINT('',(-3.43462342514,7.643812731856,-0.5461));
#5992 = CARTESIAN_POINT('',(-3.430631965101,7.693025449937,-0.5461));
#5993 = CARTESIAN_POINT('',(-3.426640333434,7.742238154098,-0.5461));
#5994 = CARTESIAN_POINT('',(-3.425920966417,7.751107207956,-0.5461));
#5995 = CARTESIAN_POINT('',(-3.425201593824,7.759976261362,-0.5461));
#5996 = CARTESIAN_POINT('',(-3.424482215647,7.768845314314,-0.5461));
#5997 = ORIENTED_EDGE('',*,*,#5998,.T.);
#5998 = EDGE_CURVE('',#5987,#5999,#6001,.T.);
#5999 = VERTEX_POINT('',#6000);
#6000 = CARTESIAN_POINT('',(3.424482215647,7.768845314314,-0.5461));
#6001 = CIRCLE('',#6002,3.467751959885);
#6002 = AXIS2_PLACEMENT_3D('',#6003,#6004,#6005);
#6003 = CARTESIAN_POINT('',(-1.902755466755E-15,7.768845314314,0.));
#6004 = DIRECTION('',(2.449212707645E-16,-1.,-0.));
#6005 = DIRECTION('',(1.,2.449212707645E-16,0.));
#6006 = ORIENTED_EDGE('',*,*,#6007,.T.);
#6007 = EDGE_CURVE('',#5999,#2339,#6008,.T.);
#6008 = B_SPLINE_CURVE_WITH_KNOTS('',3,(#6009,#6010,#6011,#6012,#6013,
    #6014,#6015),.UNSPECIFIED.,.F.,.F.,(4,3,4),(6.399947929236E-03,
    6.42664246855E-03,6.574765423666E-03),.UNSPECIFIED.);
#6009 = CARTESIAN_POINT('',(3.424482215647,7.768845314314,-0.5461));
#6010 = CARTESIAN_POINT('',(3.425201593824,7.759976261362,-0.5461));
#6011 = CARTESIAN_POINT('',(3.425920966417,7.751107207956,-0.5461));
#6012 = CARTESIAN_POINT('',(3.426640333434,7.742238154098,-0.5461));
#6013 = CARTESIAN_POINT('',(3.430631965101,7.693025449937,-0.5461));
#6014 = CARTESIAN_POINT('',(3.43462342514,7.643812731856,-0.5461));
#6015 = CARTESIAN_POINT('',(3.438614715339,7.5946,-0.5461));
#6016 = ORIENTED_EDGE('',*,*,#2338,.F.);
#6017 = ORIENTED_EDGE('',*,*,#2140,.T.);
#6018 = ORIENTED_EDGE('',*,*,#2378,.F.);
#6019 = CONICAL_SURFACE('',#6020,3.5814,7.992831985019E-02);
#6020 = AXIS2_PLACEMENT_3D('',#6021,#6022,#6023);
#6021 = CARTESIAN_POINT('',(-1.555250069354E-15,6.35,0.));
#6022 = DIRECTION('',(2.449212707645E-16,-1.,-0.));
#6023 = DIRECTION('',(1.,2.449212707645E-16,0.));
#6024 = ADVANCED_FACE('',(#6025),#6097,.F.);
#6025 = FACE_BOUND('',#6026,.F.);
#6026 = EDGE_LOOP('',(#6027,#6038,#6048,#6059,#6069,#6078,#6087,#6088));
#6027 = ORIENTED_EDGE('',*,*,#6028,.F.);
#6028 = EDGE_CURVE('',#6029,#6031,#6033,.T.);
#6029 = VERTEX_POINT('',#6030);
#6030 = CARTESIAN_POINT('',(0.5461,8.305393412739,-1.538642420604));
#6031 = VERTEX_POINT('',#6032);
#6032 = CARTESIAN_POINT('',(1.538642420604,8.305393412739,-0.5461));
#6033 = CIRCLE('',#6034,1.632680528604);
#6034 = AXIS2_PLACEMENT_3D('',#6035,#6036,#6037);
#6035 = CARTESIAN_POINT('',(-2.034167508847E-15,8.305393412739,0.));
#6036 = DIRECTION('',(2.449212707645E-16,-1.,-0.));
#6037 = DIRECTION('',(1.,2.449212707645E-16,0.));
#6038 = ORIENTED_EDGE('',*,*,#6039,.T.);
#6039 = EDGE_CURVE('',#6029,#6040,#6042,.T.);
#6040 = VERTEX_POINT('',#6041);
#6041 = CARTESIAN_POINT('',(0.5461,8.223328530371,-1.9558));
#6042 = B_SPLINE_CURVE_WITH_KNOTS('',3,(#6043,#6044,#6045,#6046,#6047),
  .UNSPECIFIED.,.F.,.F.,(4,1,4),(2.45536890835E-04,4.580352983436E-04,
    6.705337058521E-04),.QUASI_UNIFORM_KNOTS.);
#6043 = CARTESIAN_POINT('',(0.5461,8.305393412739,-1.538642420604));
#6044 = CARTESIAN_POINT('',(0.5461,8.293304011666,-1.608526064238));
#6045 = CARTESIAN_POINT('',(0.5461,8.267533586295,-1.747935173586));
#6046 = CARTESIAN_POINT('',(0.5461,8.23859130213,-1.886630489768));
#6047 = CARTESIAN_POINT('',(0.5461,8.223328530371,-1.9558));
#6048 = ORIENTED_EDGE('',*,*,#6049,.T.);
#6049 = EDGE_CURVE('',#6040,#6050,#6052,.T.);
#6050 = VERTEX_POINT('',#6051);
#6051 = CARTESIAN_POINT('',(-0.5461,8.223328530373,-1.9558));
#6052 = B_SPLINE_CURVE_WITH_KNOTS('',3,(#6053,#6054,#6055,#6056,#6057,
    #6058),.UNSPECIFIED.,.F.,.F.,(4,2,4),(5.659104146044E-02,
    5.713599775451E-02,5.768095404858E-02),.UNSPECIFIED.);
#6053 = CARTESIAN_POINT('',(0.5461,8.223328530371,-1.9558));
#6054 = CARTESIAN_POINT('',(0.365114265939,8.234479452616,-1.9558));
#6055 = CARTESIAN_POINT('',(0.183222605738,8.240135099876,-1.9558));
#6056 = CARTESIAN_POINT('',(-0.182422726205,8.240151582391,-1.9558));
#6057 = CARTESIAN_POINT('',(-0.364560821348,8.234513551534,-1.9558));
#6058 = CARTESIAN_POINT('',(-0.5461,8.223328530373,-1.9558));
#6059 = ORIENTED_EDGE('',*,*,#6060,.T.);
#6060 = EDGE_CURVE('',#6050,#6061,#6063,.T.);
#6061 = VERTEX_POINT('',#6062);
#6062 = CARTESIAN_POINT('',(-0.5461,8.305393412739,-1.538642420604));
#6063 = B_SPLINE_CURVE_WITH_KNOTS('',3,(#6064,#6065,#6066,#6067,#6068),
  .UNSPECIFIED.,.F.,.F.,(4,1,4),(5.788769612379E-02,5.809992098732E-02,
    5.831214585086E-02),.QUASI_UNIFORM_KNOTS.);
#6064 = CARTESIAN_POINT('',(-0.5461,8.223328530373,-1.9558));
#6065 = CARTESIAN_POINT('',(-0.5461,8.238604210307,-1.88657199107));
#6066 = CARTESIAN_POINT('',(-0.5461,8.267556708718,-1.747817595381));
#6067 = CARTESIAN_POINT('',(-0.5461,8.2933142367,-1.6084669577));
#6068 = CARTESIAN_POINT('',(-0.5461,8.305393412739,-1.538642420604));
#6069 = ORIENTED_EDGE('',*,*,#6070,.F.);
#6070 = EDGE_CURVE('',#6071,#6061,#6073,.T.);
#6071 = VERTEX_POINT('',#6072);
#6072 = CARTESIAN_POINT('',(-1.538642420604,8.305393412739,-0.5461));
#6073 = CIRCLE('',#6074,1.632680528604);
#6074 = AXIS2_PLACEMENT_3D('',#6075,#6076,#6077);
#6075 = CARTESIAN_POINT('',(-2.034167508847E-15,8.305393412739,0.));
#6076 = DIRECTION('',(2.449212707645E-16,-1.,-0.));
#6077 = DIRECTION('',(1.,2.449212707645E-16,0.));
#6078 = ORIENTED_EDGE('',*,*,#6079,.T.);
#6079 = EDGE_CURVE('',#6071,#5987,#6080,.T.);
#6080 = B_SPLINE_CURVE_WITH_KNOTS('',3,(#6081,#6082,#6083,#6084,#6085,
    #6086),.UNSPECIFIED.,.F.,.F.,(4,2,4),(2.45536890835E-04,
    1.228248826626E-03,2.210960762417E-03),.UNSPECIFIED.);
#6081 = CARTESIAN_POINT('',(-1.538642420604,8.305393412739,-0.5461));
#6082 = CARTESIAN_POINT('',(-1.861823622386,8.249485235026,-0.5461));
#6083 = CARTESIAN_POINT('',(-2.181186404131,8.176609272048,-0.5461));
#6084 = CARTESIAN_POINT('',(-2.812285152066,7.996966321187,-0.5461));
#6085 = CARTESIAN_POINT('',(-3.122663026268,7.890445377676,-0.5461));
#6086 = CARTESIAN_POINT('',(-3.424482215647,7.768845314314,-0.5461));
#6087 = ORIENTED_EDGE('',*,*,#5998,.T.);
#6088 = ORIENTED_EDGE('',*,*,#6089,.T.);
#6089 = EDGE_CURVE('',#5999,#6031,#6090,.T.);
#6090 = B_SPLINE_CURVE_WITH_KNOTS('',3,(#6091,#6092,#6093,#6094,#6095,
    #6096),.UNSPECIFIED.,.F.,.F.,(4,2,4),(5.633853943993E-02,
    5.73253426454E-02,5.831214585086E-02),.UNSPECIFIED.);
#6091 = CARTESIAN_POINT('',(3.424482215647,7.768845314314,-0.5461));
#6092 = CARTESIAN_POINT('',(3.122977551465,7.890318658484,-0.5461));
#6093 = CARTESIAN_POINT('',(2.814954787403,7.996070564639,-0.5461));
#6094 = CARTESIAN_POINT('',(2.185605327845,8.17548574111,-0.5461));
#6095 = CARTESIAN_POINT('',(1.863312564705,8.249227658003,-0.5461));
#6096 = CARTESIAN_POINT('',(1.538642420604,8.305393412739,-0.5461));
#6097 = SURFACE_OF_REVOLUTION('',#6098,#6104);
#6098 = B_SPLINE_CURVE_WITH_KNOTS('',4,(#6099,#6100,#6101,#6102,#6103),
  .UNSPECIFIED.,.F.,.F.,(5,5),(4.325021320208,4.530843904971),
  .PIECEWISE_BEZIER_KNOTS.);
#6099 = CARTESIAN_POINT('',(-3.467751959885,7.768845314314,0.));
#6100 = CARTESIAN_POINT('',(-3.024409024067,7.949720860874,0.));
#6101 = CARTESIAN_POINT('',(-2.568654385226,8.100180449496,0.));
#6102 = CARTESIAN_POINT('',(-2.103631893539,8.218942652482,0.));
#6103 = CARTESIAN_POINT('',(-1.632680528604,8.305393412739,0.));
#6104 = AXIS1_PLACEMENT('',#6105,#6106);
#6105 = CARTESIAN_POINT('',(2.100641709191E-16,-0.847175834747,0.));
#6106 = DIRECTION('',(2.449212707645E-16,-1.,-0.));
#6107 = ADVANCED_FACE('',(#6108),#6131,.F.);
#6108 = FACE_BOUND('',#6109,.F.);
#6109 = EDGE_LOOP('',(#6110,#6111,#6122));
#6110 = ORIENTED_EDGE('',*,*,#6070,.T.);
#6111 = ORIENTED_EDGE('',*,*,#6112,.T.);
#6112 = EDGE_CURVE('',#6061,#6113,#6115,.T.);
#6113 = VERTEX_POINT('',#6114);
#6114 = CARTESIAN_POINT('',(-0.5461,7.280034241761,-0.5461));
#6115 = B_SPLINE_CURVE_WITH_KNOTS('',3,(#6116,#6117,#6118,#6119,#6120,
    #6121),.UNSPECIFIED.,.F.,.F.,(4,2,4),(1.423218411335E-03,
    2.136697049872E-03,2.85017568841E-03),.UNSPECIFIED.);
#6116 = CARTESIAN_POINT('',(-0.5461,8.305393412739,-1.538642420604));
#6117 = CARTESIAN_POINT('',(-0.5461,8.127693769327,-1.380421612597));
#6118 = CARTESIAN_POINT('',(-0.5461,7.951152695106,-1.220974747909));
#6119 = CARTESIAN_POINT('',(-0.5461,7.605329726238,-0.894398986522));
#6120 = CARTESIAN_POINT('',(-0.5461,7.434281198177,-0.729139630906));
#6121 = CARTESIAN_POINT('',(-0.5461,7.280034241761,-0.5461));
#6122 = ORIENTED_EDGE('',*,*,#6123,.T.);
#6123 = EDGE_CURVE('',#6113,#6071,#6124,.T.);
#6124 = B_SPLINE_CURVE_WITH_KNOTS('',3,(#6125,#6126,#6127,#6128,#6129,
    #6130),.UNSPECIFIED.,.F.,.F.,(4,2,4),(1.214792321748E-03,
    1.930774402901E-03,2.646756484055E-03),.UNSPECIFIED.);
#6125 = CARTESIAN_POINT('',(-0.5461,7.280034241761,-0.5461));
#6126 = CARTESIAN_POINT('',(-0.727832841395,7.433179970516,-0.5461));
#6127 = CARTESIAN_POINT('',(-0.893590058366,7.604491578545,-0.5461));
#6128 = CARTESIAN_POINT('',(-1.220715111478,7.950859361013,-0.5461));
#6129 = CARTESIAN_POINT('',(-1.380308769899,8.127567034371,-0.5461));
#6130 = CARTESIAN_POINT('',(-1.538642420604,8.305393412739,-0.5461));
#6131 = CONICAL_SURFACE('',#6132,1.632680528604,0.698131700798);
#6132 = AXIS2_PLACEMENT_3D('',#6133,#6134,#6135);
#6133 = CARTESIAN_POINT('',(-2.034167508847E-15,8.305393412739,0.));
#6134 = DIRECTION('',(-2.449212707645E-16,1.,0.));
#6135 = DIRECTION('',(-1.,-2.449212707645E-16,-0.));
#6136 = ADVANCED_FACE('',(#6137),#6160,.F.);
#6137 = FACE_BOUND('',#6138,.F.);
#6138 = EDGE_LOOP('',(#6139,#6140,#6151));
#6139 = ORIENTED_EDGE('',*,*,#6028,.T.);
#6140 = ORIENTED_EDGE('',*,*,#6141,.T.);
#6141 = EDGE_CURVE('',#6031,#6142,#6144,.T.);
#6142 = VERTEX_POINT('',#6143);
#6143 = CARTESIAN_POINT('',(0.5461,7.280034241761,-0.5461));
#6144 = B_SPLINE_CURVE_WITH_KNOTS('',3,(#6145,#6146,#6147,#6148,#6149,
    #6150),.UNSPECIFIED.,.F.,.F.,(4,2,4),(1.423218411335E-03,
    2.136697049872E-03,2.85017568841E-03),.UNSPECIFIED.);
#6145 = CARTESIAN_POINT('',(1.538642420604,8.305393412739,-0.5461));
#6146 = CARTESIAN_POINT('',(1.380421612597,8.127693769327,-0.5461));
#6147 = CARTESIAN_POINT('',(1.220974747909,7.951152695106,-0.5461));
#6148 = CARTESIAN_POINT('',(0.894398986522,7.605329726238,-0.5461));
#6149 = CARTESIAN_POINT('',(0.729139630906,7.434281198177,-0.5461));
#6150 = CARTESIAN_POINT('',(0.5461,7.280034241761,-0.5461));
#6151 = ORIENTED_EDGE('',*,*,#6152,.T.);
#6152 = EDGE_CURVE('',#6142,#6029,#6153,.T.);
#6153 = B_SPLINE_CURVE_WITH_KNOTS('',3,(#6154,#6155,#6156,#6157,#6158,
    #6159),.UNSPECIFIED.,.F.,.F.,(4,2,4),(1.214792321748E-03,
    1.930774402901E-03,2.646756484055E-03),.UNSPECIFIED.);
#6154 = CARTESIAN_POINT('',(0.5461,7.280034241761,-0.5461));
#6155 = CARTESIAN_POINT('',(0.5461,7.433179970516,-0.727832841395));
#6156 = CARTESIAN_POINT('',(0.5461,7.604491578545,-0.893590058366));
#6157 = CARTESIAN_POINT('',(0.5461,7.950859361013,-1.220715111478));
#6158 = CARTESIAN_POINT('',(0.5461,8.127567034371,-1.380308769899));
#6159 = CARTESIAN_POINT('',(0.5461,8.305393412739,-1.538642420604));
#6160 = CONICAL_SURFACE('',#6161,1.632680528604,0.698131700798);
#6161 = AXIS2_PLACEMENT_3D('',#6162,#6163,#6164);
#6162 = CARTESIAN_POINT('',(-2.034167508847E-15,8.305393412739,0.));
#6163 = DIRECTION('',(-2.449212707645E-16,1.,0.));
#6164 = DIRECTION('',(-1.,-2.449212707645E-16,-0.));
#6165 = ADVANCED_FACE('',(#6166),#6180,.F.);
#6166 = FACE_BOUND('',#6167,.T.);
#6167 = EDGE_LOOP('',(#6168,#6169,#6170,#6171,#6172,#6173,#6174));
#6168 = ORIENTED_EDGE('',*,*,#6123,.T.);
#6169 = ORIENTED_EDGE('',*,*,#6079,.T.);
#6170 = ORIENTED_EDGE('',*,*,#5986,.F.);
#6171 = ORIENTED_EDGE('',*,*,#2108,.F.);
#6172 = ORIENTED_EDGE('',*,*,#2050,.F.);
#6173 = ORIENTED_EDGE('',*,*,#2028,.F.);
#6174 = ORIENTED_EDGE('',*,*,#6175,.T.);
#6175 = EDGE_CURVE('',#2021,#6113,#6176,.T.);
#6176 = LINE('',#6177,#6178);
#6177 = CARTESIAN_POINT('',(-0.5461,6.8834,-0.5461));
#6178 = VECTOR('',#6179,1.);
#6179 = DIRECTION('',(-0.,1.,-0.));
#6180 = PLANE('',#6181);
#6181 = AXIS2_PLACEMENT_3D('',#6182,#6183,#6184);
#6182 = CARTESIAN_POINT('',(-1.9558,6.8834,-0.5461));
#6183 = DIRECTION('',(-7.691013495676E-17,0.,-1.));
#6184 = DIRECTION('',(-1.,0.,7.691013495676E-17));
#6185 = ADVANCED_FACE('',(#6186),#6198,.F.);
#6186 = FACE_BOUND('',#6187,.T.);
#6187 = EDGE_LOOP('',(#6188,#6189,#6190,#6191,#6197));
#6188 = ORIENTED_EDGE('',*,*,#6112,.T.);
#6189 = ORIENTED_EDGE('',*,*,#6175,.F.);
#6190 = ORIENTED_EDGE('',*,*,#2020,.F.);
#6191 = ORIENTED_EDGE('',*,*,#6192,.T.);
#6192 = EDGE_CURVE('',#2013,#6050,#6193,.T.);
#6193 = LINE('',#6194,#6195);
#6194 = CARTESIAN_POINT('',(-0.5461,6.8834,-1.9558));
#6195 = VECTOR('',#6196,1.);
#6196 = DIRECTION('',(-0.,1.,-0.));
#6197 = ORIENTED_EDGE('',*,*,#6060,.T.);
#6198 = PLANE('',#6199);
#6199 = AXIS2_PLACEMENT_3D('',#6200,#6201,#6202);
#6200 = CARTESIAN_POINT('',(-0.5461,6.8834,-1.9558));
#6201 = DIRECTION('',(-1.,0.,-4.614608097406E-16));
#6202 = DIRECTION('',(-4.614608097406E-16,0.,1.));
#6203 = ADVANCED_FACE('',(#6204),#6215,.F.);
#6204 = FACE_BOUND('',#6205,.T.);
#6205 = EDGE_LOOP('',(#6206,#6207,#6208,#6209));
#6206 = ORIENTED_EDGE('',*,*,#6049,.T.);
#6207 = ORIENTED_EDGE('',*,*,#6192,.F.);
#6208 = ORIENTED_EDGE('',*,*,#2012,.F.);
#6209 = ORIENTED_EDGE('',*,*,#6210,.T.);
#6210 = EDGE_CURVE('',#2005,#6040,#6211,.T.);
#6211 = LINE('',#6212,#6213);
#6212 = CARTESIAN_POINT('',(0.5461,6.8834,-1.9558));
#6213 = VECTOR('',#6214,1.);
#6214 = DIRECTION('',(-0.,1.,-0.));
#6215 = PLANE('',#6216);
#6216 = AXIS2_PLACEMENT_3D('',#6217,#6218,#6219);
#6217 = CARTESIAN_POINT('',(0.5461,6.8834,-1.9558));
#6218 = DIRECTION('',(1.191212787935E-15,0.,-1.));
#6219 = DIRECTION('',(-1.,0.,-1.191212787935E-15));
#6220 = ADVANCED_FACE('',(#6221),#6233,.F.);
#6221 = FACE_BOUND('',#6222,.T.);
#6222 = EDGE_LOOP('',(#6223,#6224,#6225,#6226,#6227));
#6223 = ORIENTED_EDGE('',*,*,#6152,.T.);
#6224 = ORIENTED_EDGE('',*,*,#6039,.T.);
#6225 = ORIENTED_EDGE('',*,*,#6210,.F.);
#6226 = ORIENTED_EDGE('',*,*,#2004,.F.);
#6227 = ORIENTED_EDGE('',*,*,#6228,.T.);
#6228 = EDGE_CURVE('',#1997,#6142,#6229,.T.);
#6229 = LINE('',#6230,#6231);
#6230 = CARTESIAN_POINT('',(0.5461,6.8834,-0.5461));
#6231 = VECTOR('',#6232,1.);
#6232 = DIRECTION('',(-0.,1.,-0.));
#6233 = PLANE('',#6234);
#6234 = AXIS2_PLACEMENT_3D('',#6235,#6236,#6237);
#6235 = CARTESIAN_POINT('',(0.5461,6.8834,-1.9558));
#6236 = DIRECTION('',(1.,0.,-8.460114845244E-16));
#6237 = DIRECTION('',(-8.460114845244E-16,0.,-1.));
#6238 = ADVANCED_FACE('',(#6239),#6253,.F.);
#6239 = FACE_BOUND('',#6240,.T.);
#6240 = EDGE_LOOP('',(#6241,#6247,#6248,#6249,#6250,#6251,#6252));
#6241 = ORIENTED_EDGE('',*,*,#6242,.T.);
#6242 = EDGE_CURVE('',#1989,#2348,#6243,.T.);
#6243 = LINE('',#6244,#6245);
#6244 = CARTESIAN_POINT('',(1.9558,6.8834,-0.5461));
#6245 = VECTOR('',#6246,1.);
#6246 = DIRECTION('',(-0.,1.,-0.));
#6247 = ORIENTED_EDGE('',*,*,#2347,.F.);
#6248 = ORIENTED_EDGE('',*,*,#6007,.F.);
#6249 = ORIENTED_EDGE('',*,*,#6089,.T.);
#6250 = ORIENTED_EDGE('',*,*,#6141,.T.);
#6251 = ORIENTED_EDGE('',*,*,#6228,.F.);
#6252 = ORIENTED_EDGE('',*,*,#1996,.F.);
#6253 = PLANE('',#6254);
#6254 = AXIS2_PLACEMENT_3D('',#6255,#6256,#6257);
#6255 = CARTESIAN_POINT('',(1.9558,6.8834,-0.5461));
#6256 = DIRECTION('',(-2.307304048703E-16,0.,-1.));
#6257 = DIRECTION('',(-1.,0.,2.307304048703E-16));
#6258 = ADVANCED_FACE('',(#6259),#6270,.F.);
#6259 = FACE_BOUND('',#6260,.T.);
#6260 = EDGE_LOOP('',(#6261,#6267,#6268,#6269));
#6261 = ORIENTED_EDGE('',*,*,#6262,.T.);
#6262 = EDGE_CURVE('',#1981,#2356,#6263,.T.);
#6263 = LINE('',#6264,#6265);
#6264 = CARTESIAN_POINT('',(1.9558,6.8834,0.5461));
#6265 = VECTOR('',#6266,1.);
#6266 = DIRECTION('',(-0.,1.,-0.));
#6267 = ORIENTED_EDGE('',*,*,#2355,.T.);
#6268 = ORIENTED_EDGE('',*,*,#6242,.F.);
#6269 = ORIENTED_EDGE('',*,*,#1988,.F.);
#6270 = PLANE('',#6271);
#6271 = AXIS2_PLACEMENT_3D('',#6272,#6273,#6274);
#6272 = CARTESIAN_POINT('',(1.9558,6.8834,-0.5461));
#6273 = DIRECTION('',(1.,0.,-0.));
#6274 = DIRECTION('',(-0.,0.,-1.));
#6275 = ADVANCED_FACE('',(#6276),#6290,.F.);
#6276 = FACE_BOUND('',#6277,.T.);
#6277 = EDGE_LOOP('',(#6278,#6279,#6280,#6281,#6282,#6283,#6284));
#6278 = ORIENTED_EDGE('',*,*,#2291,.T.);
#6279 = ORIENTED_EDGE('',*,*,#2247,.T.);
#6280 = ORIENTED_EDGE('',*,*,#2157,.F.);
#6281 = ORIENTED_EDGE('',*,*,#2363,.F.);
#6282 = ORIENTED_EDGE('',*,*,#6262,.F.);
#6283 = ORIENTED_EDGE('',*,*,#1980,.F.);
#6284 = ORIENTED_EDGE('',*,*,#6285,.T.);
#6285 = EDGE_CURVE('',#1973,#2281,#6286,.T.);
#6286 = LINE('',#6287,#6288);
#6287 = CARTESIAN_POINT('',(0.5461,6.8834,0.5461));
#6288 = VECTOR('',#6289,1.);
#6289 = DIRECTION('',(-0.,1.,-0.));
#6290 = PLANE('',#6291);
#6291 = AXIS2_PLACEMENT_3D('',#6292,#6293,#6294);
#6292 = CARTESIAN_POINT('',(1.9558,6.8834,0.5461));
#6293 = DIRECTION('',(3.845506747838E-16,0.,1.));
#6294 = DIRECTION('',(1.,0.,-3.845506747838E-16));
#6295 = ADVANCED_FACE('',(#6296),#6308,.F.);
#6296 = FACE_BOUND('',#6297,.T.);
#6297 = EDGE_LOOP('',(#6298,#6299,#6300,#6301,#6307));
#6298 = ORIENTED_EDGE('',*,*,#2280,.T.);
#6299 = ORIENTED_EDGE('',*,*,#6285,.F.);
#6300 = ORIENTED_EDGE('',*,*,#1972,.F.);
#6301 = ORIENTED_EDGE('',*,*,#6302,.T.);
#6302 = EDGE_CURVE('',#1965,#2218,#6303,.T.);
#6303 = LINE('',#6304,#6305);
#6304 = CARTESIAN_POINT('',(0.5461,6.8834,1.9558));
#6305 = VECTOR('',#6306,1.);
#6306 = DIRECTION('',(-0.,1.,-0.));
#6307 = ORIENTED_EDGE('',*,*,#2228,.T.);
#6308 = PLANE('',#6309);
#6309 = AXIS2_PLACEMENT_3D('',#6310,#6311,#6312);
#6310 = CARTESIAN_POINT('',(0.5461,6.8834,1.9558));
#6311 = DIRECTION('',(1.,0.,-3.076405398271E-16));
#6312 = DIRECTION('',(-3.076405398271E-16,0.,-1.));
#6313 = ADVANCED_FACE('',(#6314),#6325,.F.);
#6314 = FACE_BOUND('',#6315,.T.);
#6315 = EDGE_LOOP('',(#6316,#6317,#6318,#6319));
#6316 = ORIENTED_EDGE('',*,*,#2217,.T.);
#6317 = ORIENTED_EDGE('',*,*,#6302,.F.);
#6318 = ORIENTED_EDGE('',*,*,#1964,.F.);
#6319 = ORIENTED_EDGE('',*,*,#6320,.T.);
#6320 = EDGE_CURVE('',#1957,#2208,#6321,.T.);
#6321 = LINE('',#6322,#6323);
#6322 = CARTESIAN_POINT('',(-0.5461,6.8834,1.9558));
#6323 = VECTOR('',#6324,1.);
#6324 = DIRECTION('',(-0.,1.,-0.));
#6325 = PLANE('',#6326);
#6326 = AXIS2_PLACEMENT_3D('',#6327,#6328,#6329);
#6327 = CARTESIAN_POINT('',(0.5461,6.8834,1.9558));
#6328 = DIRECTION('',(3.970709293117E-16,0.,1.));
#6329 = DIRECTION('',(1.,0.,-3.970709293117E-16));
#6330 = ADVANCED_FACE('',(#6331),#6343,.F.);
#6331 = FACE_BOUND('',#6332,.T.);
#6332 = EDGE_LOOP('',(#6333,#6334,#6335,#6336,#6337));
#6333 = ORIENTED_EDGE('',*,*,#2308,.T.);
#6334 = ORIENTED_EDGE('',*,*,#2207,.T.);
#6335 = ORIENTED_EDGE('',*,*,#6320,.F.);
#6336 = ORIENTED_EDGE('',*,*,#1956,.F.);
#6337 = ORIENTED_EDGE('',*,*,#6338,.T.);
#6338 = EDGE_CURVE('',#1949,#2309,#6339,.T.);
#6339 = LINE('',#6340,#6341);
#6340 = CARTESIAN_POINT('',(-0.5461,6.8834,0.5461));
#6341 = VECTOR('',#6342,1.);
#6342 = DIRECTION('',(-0.,1.,-0.));
#6343 = PLANE('',#6344);
#6344 = AXIS2_PLACEMENT_3D('',#6345,#6346,#6347);
#6345 = CARTESIAN_POINT('',(-0.5461,6.8834,1.9558));
#6346 = DIRECTION('',(-1.,0.,7.691013495676E-16));
#6347 = DIRECTION('',(7.691013495676E-16,0.,1.));
#6348 = ADVANCED_FACE('',(#6349),#6358,.F.);
#6349 = FACE_BOUND('',#6350,.T.);
#6350 = EDGE_LOOP('',(#6351,#6352,#6353,#6354,#6355,#6356,#6357));
#6351 = ORIENTED_EDGE('',*,*,#2066,.T.);
#6352 = ORIENTED_EDGE('',*,*,#2101,.F.);
#6353 = ORIENTED_EDGE('',*,*,#2178,.F.);
#6354 = ORIENTED_EDGE('',*,*,#2257,.T.);
#6355 = ORIENTED_EDGE('',*,*,#2320,.T.);
#6356 = ORIENTED_EDGE('',*,*,#6338,.F.);
#6357 = ORIENTED_EDGE('',*,*,#1946,.F.);
#6358 = PLANE('',#6359);
#6359 = AXIS2_PLACEMENT_3D('',#6360,#6361,#6362);
#6360 = CARTESIAN_POINT('',(-1.9558,6.8834,0.5461));
#6361 = DIRECTION('',(2.307304048703E-16,0.,1.));
#6362 = DIRECTION('',(1.,0.,-2.307304048703E-16));
#6363 = ( GEOMETRIC_REPRESENTATION_CONTEXT(3) 
GLOBAL_UNCERTAINTY_ASSIGNED_CONTEXT((#6367)) 
GLOBAL_UNIT_ASSIGNED_CONTEXT((#6364,#6365,#6366)) REPRESENTATION_CONTEXT
('Context #1','3D Context with UNIT and UNCERTAINTY') );
#6364 = ( LENGTH_UNIT() NAMED_UNIT(*) SI_UNIT(.MILLI.,.METRE.) );
#6365 = ( NAMED_UNIT(*) PLANE_ANGLE_UNIT() SI_UNIT($,.RADIAN.) );
#6366 = ( NAMED_UNIT(*) SI_UNIT($,.STERADIAN.) SOLID_ANGLE_UNIT() );
#6367 = UNCERTAINTY_MEASURE_WITH_UNIT(LENGTH_MEASURE(2.E-04),#6364,
  'distance_accuracy_value','confusion accuracy');
#6368 = CONTEXT_DEPENDENT_SHAPE_REPRESENTATION(#6369,#6371);
#6369 = ( REPRESENTATION_RELATIONSHIP('','',#1885,#10) 
REPRESENTATION_RELATIONSHIP_WITH_TRANSFORMATION(#6370) 
SHAPE_REPRESENTATION_RELATIONSHIP() );
#6370 = ITEM_DEFINED_TRANSFORMATION('','',#11,#19);
#6371 = PRODUCT_DEFINITION_SHAPE('Placement','Placement of an item',
  #6372);
#6372 = NEXT_ASSEMBLY_USAGE_OCCURRENCE('2','9191-2','',#5,#1880,$);
#6373 = PRODUCT_RELATED_PRODUCT_CATEGORY('part',$,(#1882));
#6374 = MECHANICAL_DESIGN_GEOMETRIC_PRESENTATION_REPRESENTATION('',(
    #6375),#1867);
#6375 = STYLED_ITEM('color',(#6376),#37);
#6376 = PRESENTATION_STYLE_ASSIGNMENT((#6377,#6383));
#6377 = SURFACE_STYLE_USAGE(.BOTH.,#6378);
#6378 = SURFACE_SIDE_STYLE('',(#6379));
#6379 = SURFACE_STYLE_FILL_AREA(#6380);
#6380 = FILL_AREA_STYLE('',(#6381));
#6381 = FILL_AREA_STYLE_COLOUR('',#6382);
#6382 = COLOUR_RGB('',0.447058818107,0.474509808674,0.501960817233);
#6383 = CURVE_STYLE('',#6384,POSITIVE_LENGTH_MEASURE(0.1),#6385);
#6384 = DRAUGHTING_PRE_DEFINED_CURVE_FONT('continuous');
#6385 = COLOUR_RGB('',9.803921802644E-02,9.803921802644E-02,
  9.803921802644E-02);
#6386 = MECHANICAL_DESIGN_GEOMETRIC_PRESENTATION_REPRESENTATION('',(
    #6387),#6363);
#6387 = STYLED_ITEM('color',(#6388),#1886);
#6388 = PRESENTATION_STYLE_ASSIGNMENT((#6389,#6394));
#6389 = SURFACE_STYLE_USAGE(.BOTH.,#6390);
#6390 = SURFACE_SIDE_STYLE('',(#6391));
#6391 = SURFACE_STYLE_FILL_AREA(#6392);
#6392 = FILL_AREA_STYLE('',(#6393));
#6393 = FILL_AREA_STYLE_COLOUR('',#6382);
#6394 = CURVE_STYLE('',#6395,POSITIVE_LENGTH_MEASURE(0.1),#6385);
#6395 = DRAUGHTING_PRE_DEFINED_CURVE_FONT('continuous');
ENDSEC;
END-ISO-10303-21;
